{"usd":{"code":"USD","alphaCode":"USD","numericCode":"840","name":"U.S. Dollar","rate":0.27226026873735,"date":"Wed, 26 Oct 2022 11:55:01 GMT","inverseRate":3.6729560454695},"eur":{"code":"EUR","alphaCode":"EUR","numericCode":"978","name":"Euro","rate":0.27207354578068,"date":"Wed, 26 Oct 2022 11:55:01 GMT","inverseRate":3.6754767801133},"gbp":{"code":"GBP","alphaCode":"GBP","numericCode":"826","name":"U.K. Pound Sterling","rate":0.23582560044361,"date":"Wed, 26 Oct 2022 11:55:01 GMT","inverseRate":4.2404217274075},"cad":{"code":"CAD","alphaCode":"CAD","numericCode":"124","name":"Canadian Dollar","rate":0.37084622788234,"date":"Wed, 26 Oct 2022 11:55:01 GMT","inverseRate":2.6965354500445},"jpy":{"code":"JPY","alphaCode":"JPY","numericCode":"392","name":"Japanese Yen","rate":40.136075491646,"date":"Wed, 26 Oct 2022 11:55:01 GMT","inverseRate":0.02491524115775},"aud":{"code":"AUD","alphaCode":"AUD","numericCode":"036","name":"Australian Dollar","rate":0.42580093935287,"date":"Wed, 26 Oct 2022 11:55:01 GMT","inverseRate":2.3485152510932},"chf":{"code":"CHF","alphaCode":"CHF","numericCode":"756","name":"Swiss Franc","rate":0.26940083970868,"date":"Wed, 26 Oct 2022 11:55:01 GMT","inverseRate":3.7119409170415},"lsl":{"code":"LSL","alphaCode":"LSL","numericCode":"426","name":"Lesotho loti","rate":4.9155748785554,"date":"Wed, 26 Oct 2022 11:55:01 GMT","inverseRate":0.20343500500065},"tzs":{"code":"TZS","alphaCode":"TZS","numericCode":"834","name":"Tanzanian shilling","rate":634.44650270767,"date":"Wed, 26 Oct 2022 11:55:01 GMT","inverseRate":0.0015761770231725},"ang":{"code":"ANG","alphaCode":"ANG","numericCode":"532","name":"Neth. Antillean Guilder","rate":0.48764995203501,"date":"Wed, 26 Oct 2022 11:55:01 GMT","inverseRate":2.0506512834194},"lbp":{"code":"LBP","alphaCode":"LBP","numericCode":"422","name":"Lebanese Pound","rate":411.26695904291,"date":"Wed, 26 Oct 2022 11:55:01 GMT","inverseRate":0.0024315106721123},"mxn":{"code":"MXN","alphaCode":"MXN","numericCode":"484","name":"Mexican Peso","rate":5.4115421460853,"date":"Wed, 26 Oct 2022 11:55:01 GMT","inverseRate":0.18479020822621},"kzt":{"code":"KZT","alphaCode":"KZT","numericCode":"398","name":"Kazakhstani Tenge","rate":128.72660509927,"date":"Wed, 26 Oct 2022 11:55:01 GMT","inverseRate":0.0077684018717716},"htg":{"code":"HTG","alphaCode":"HTG","numericCode":"332","name":"Haitian gourde","rate":34.01648811252,"date":"Wed, 26 Oct 2022 11:55:01 GMT","inverseRate":0.029397508546215},"bnd":{"code":"BND","alphaCode":"BND","numericCode":"096","name":"Brunei Dollar","rate":0.38331730061413,"date":"Wed, 26 Oct 2022 11:55:01 GMT","inverseRate":2.6088047640894},"kmf":{"code":"KMF","alphaCode":"KMF","numericCode":"174","name":"\tComoro franc","rate":135.52574508101,"date":"Wed, 26 Oct 2022 11:55:01 GMT","inverseRate":0.0073786718486753},"mru":{"code":"MRU","alphaCode":"MRU","numericCode":"929","name":"Mauritanian ouguiya","rate":10.329376420779,"date":"Wed, 26 Oct 2022 11:55:01 GMT","inverseRate":0.096811265197804},"mnt":{"code":"MNT","alphaCode":"MNT","numericCode":"496","name":"Mongolian togrog","rate":924.47918965972,"date":"Wed, 26 Oct 2022 11:55:01 GMT","inverseRate":0.001081690113942},"jod":{"code":"JOD","alphaCode":"JOD","numericCode":"400","name":"Jordanian Dinar","rate":0.19302518306993,"date":"Wed, 26 Oct 2022 11:55:01 GMT","inverseRate":5.180671164745},"php":{"code":"PHP","alphaCode":"PHP","numericCode":"608","name":"Philippine Peso","rate":16.004764022723,"date":"Wed, 26 Oct 2022 11:55:01 GMT","inverseRate":0.062481396075583},"xaf":{"code":"XAF","alphaCode":"XAF","numericCode":"950","name":"Central African CFA Franc","rate":181.64259904806,"date":"Wed, 26 Oct 2022 11:55:01 GMT","inverseRate":0.0055053165129806},"amd":{"code":"AMD","alphaCode":"AMD","numericCode":"051","name":"Armenia Dram","rate":110.09117111855,"date":"Wed, 26 Oct 2022 11:55:01 GMT","inverseRate":0.00908338052761},"uyu":{"code":"UYU","alphaCode":"UYU","numericCode":"858","name":"Uruguayan Peso","rate":11.207739724308,"date":"Wed, 26 Oct 2022 11:55:01 GMT","inverseRate":0.089224056285957},"jmd":{"code":"JMD","alphaCode":"JMD","numericCode":"388","name":"Jamaican Dollar","rate":41.750673081406,"date":"Wed, 26 Oct 2022 11:55:01 GMT","inverseRate":0.023951709665858},"ssp":{"code":"SSP","alphaCode":"SSP","numericCode":"728","name":"South Sudanese pound","rate":165.9747198671,"date":"Wed, 26 Oct 2022 11:55:01 GMT","inverseRate":0.0060250139346566},"ghs":{"code":"GHS","alphaCode":"GHS","numericCode":"936","name":"Ghanaian Cedi","rate":3.8167822634139,"date":"Wed, 26 Oct 2022 11:55:01 GMT","inverseRate":0.26200079831265},"cup":{"code":"CUP","alphaCode":"CUP","numericCode":"192","name":"Cuban peso","rate":0.27226026873735,"date":"Wed, 26 Oct 2022 11:55:01 GMT","inverseRate":3.6729560454695},"nzd":{"code":"NZD","alphaCode":"NZD","numericCode":"554","name":"New Zealand Dollar","rate":0.47386682709034,"date":"Wed, 26 Oct 2022 11:55:01 GMT","inverseRate":2.1102975410629},"try":{"code":"TRY","alphaCode":"TRY","numericCode":"949","name":"Turkish Lira","rate":5.0640331582573,"date":"Wed, 26 Oct 2022 11:55:01 GMT","inverseRate":0.19747106086172},"vnd":{"code":"VND","alphaCode":"VND","numericCode":"704","name":"Vietnamese Dong","rate":6759.0071361664,"date":"Wed, 26 Oct 2022 11:55:01 GMT","inverseRate":0.00014795072410105},"kgs":{"code":"KGS","alphaCode":"KGS","numericCode":"417","name":"Kyrgyzstan Som","rate":22.168996337719,"date":"Wed, 26 Oct 2022 11:55:01 GMT","inverseRate":0.045108041192581},"mga":{"code":"MGA","alphaCode":"MGA","numericCode":"969","name":"Malagasy ariary","rate":1162.8669052324,"date":"Wed, 26 Oct 2022 11:55:01 GMT","inverseRate":0.00085994364058386},"srd":{"code":"SRD","alphaCode":"SRD","numericCode":"968","name":"Surinamese dollar","rate":7.9794751265328,"date":"Wed, 26 Oct 2022 11:55:01 GMT","inverseRate":0.12532152605813},"mwk":{"code":"MWK","alphaCode":"MWK","numericCode":"454","name":"Malawian kwacha","rate":279.47978093794,"date":"Wed, 26 Oct 2022 11:55:01 GMT","inverseRate":0.0035780763697609},"yer":{"code":"YER","alphaCode":"YER","numericCode":"886","name":"Yemeni rial","rate":68.072943013918,"date":"Wed, 26 Oct 2022 11:55:01 GMT","inverseRate":0.014690124383127},"nok":{"code":"NOK","alphaCode":"NOK","numericCode":"578","name":"Norwegian Krone","rate":2.8409288344228,"date":"Wed, 26 Oct 2022 11:55:01 GMT","inverseRate":0.35199755371667},"qar":{"code":"QAR","alphaCode":"QAR","numericCode":"634","name":"Qatari Rial","rate":1.0010461234063,"date":"Wed, 26 Oct 2022 11:55:01 GMT","inverseRate":0.99895496982428},"czk":{"code":"CZK","alphaCode":"CZK","numericCode":"203","name":"Czech Koruna","rate":6.715397168759,"date":"Wed, 26 Oct 2022 11:55:01 GMT","inverseRate":0.14891152002925},"rub":{"code":"RUB","alphaCode":"RUB","numericCode":"643","name":"Russian Rouble","rate":17.480183728886,"date":"Wed, 26 Oct 2022 11:55:01 GMT","inverseRate":0.057207636687909},"rsd":{"code":"RSD","alphaCode":"RSD","numericCode":"941","name":"Serbian Dinar","rate":31.929311238912,"date":"Wed, 26 Oct 2022 11:55:01 GMT","inverseRate":0.031319184824172},"nio":{"code":"NIO","alphaCode":"NIO","numericCode":"558","name":"Nicaraguan C\u00f3rdoba","rate":9.7976598449933,"date":"Wed, 26 Oct 2022 11:55:01 GMT","inverseRate":0.10206518860838},"sbd":{"code":"SBD","alphaCode":"SBD","numericCode":"090","name":"Solomon Islands dollar","rate":2.2238331022742,"date":"Wed, 26 Oct 2022 11:55:01 GMT","inverseRate":0.4496740330816},"mmk":{"code":"MMK","alphaCode":"MMK","numericCode":"104","name":"Myanma Kyat","rate":571.42201568372,"date":"Wed, 26 Oct 2022 11:55:01 GMT","inverseRate":0.0017500200771989},"mur":{"code":"MUR","alphaCode":"MUR","numericCode":"480","name":"Mauritian Rupee","rate":11.983989495589,"date":"Wed, 26 Oct 2022 11:55:01 GMT","inverseRate":0.083444665932665},"ves":{"code":"VES","alphaCode":"VES","numericCode":"928","name":"Venezuelan Bolivar","rate":2.2692029318775,"date":"Wed, 26 Oct 2022 11:55:01 GMT","inverseRate":0.44068337210045},"bdt":{"code":"BDT","alphaCode":"BDT","numericCode":"050","name":"Bangladeshi taka","rate":27.648913108041,"date":"Wed, 26 Oct 2022 11:55:01 GMT","inverseRate":0.036167786997355},"ron":{"code":"RON","alphaCode":"RON","numericCode":"946","name":"Romanian New Leu","rate":1.3407673980463,"date":"Wed, 26 Oct 2022 11:55:01 GMT","inverseRate":0.74584152438161},"dzd":{"code":"DZD","alphaCode":"DZD","numericCode":"012","name":"Algerian Dinar","rate":38.212801411632,"date":"Wed, 26 Oct 2022 11:55:01 GMT","inverseRate":0.026169240753325},"ars":{"code":"ARS","alphaCode":"ARS","numericCode":"032","name":"Argentine Peso","rate":42.188116715822,"date":"Wed, 26 Oct 2022 11:55:01 GMT","inverseRate":0.023703357197383},"stn":{"code":"STN","alphaCode":"STN","numericCode":"930","name":"S\u00e3o Tom\u00e9 and Pr\u00edncipe Dobra","rate":6.7130231614294,"date":"Wed, 26 Oct 2022 11:55:01 GMT","inverseRate":0.14896418140572},"bif":{"code":"BIF","alphaCode":"BIF","numericCode":"108","name":"Burundian franc","rate":562.48190592074,"date":"Wed, 26 Oct 2022 11:55:01 GMT","inverseRate":0.0017778349658432},"szl":{"code":"SZL","alphaCode":"SZL","numericCode":"748","name":"Swazi lilangeni","rate":4.9155748785554,"date":"Wed, 26 Oct 2022 11:55:01 GMT","inverseRate":0.20343500500065},"sos":{"code":"SOS","alphaCode":"SOS","numericCode":"706","name":"Somali shilling","rate":154.68756609581,"date":"Wed, 26 Oct 2022 11:55:01 GMT","inverseRate":0.0064646437023944},"idr":{"code":"IDR","alphaCode":"IDR","numericCode":"360","name":"Indonesian Rupiah","rate":4252.1310590845,"date":"Wed, 26 Oct 2022 11:55:01 GMT","inverseRate":0.000235176194267},"krw":{"code":"KRW","alphaCode":"KRW","numericCode":"410","name":"South Korean Won","rate":388.74244096438,"date":"Wed, 26 Oct 2022 11:55:01 GMT","inverseRate":0.002572397285769},"uah":{"code":"UAH","alphaCode":"UAH","numericCode":"980","name":"Ukrainian Hryvnia","rate":10.066240356073,"date":"Wed, 26 Oct 2022 11:55:01 GMT","inverseRate":0.099341955350458},"crc":{"code":"CRC","alphaCode":"CRC","numericCode":"188","name":"Costa Rican Col\u00f3n","rate":169.94115136912,"date":"Wed, 26 Oct 2022 11:55:01 GMT","inverseRate":0.0058843899311235},"bzd":{"code":"BZD","alphaCode":"BZD","numericCode":"084","name":"Belize dollar","rate":0.5484663384709,"date":"Wed, 26 Oct 2022 11:55:01 GMT","inverseRate":1.8232659506287},"gnf":{"code":"GNF","alphaCode":"GNF","numericCode":"324","name":"Guinean franc","rate":2344.6935969631,"date":"Wed, 26 Oct 2022 11:55:01 GMT","inverseRate":0.00042649495921139},"ern":{"code":"ERN","alphaCode":"ERN","numericCode":"232","name":"Eritrean nakfa","rate":4.1022848352573,"date":"Wed, 26 Oct 2022 11:55:01 GMT","inverseRate":0.24376659353477},"wst":{"code":"WST","alphaCode":"WST","numericCode":"882","name":"Samoan tala","rate":0.76070933673658,"date":"Wed, 26 Oct 2022 11:55:01 GMT","inverseRate":1.3145625427578},"brl":{"code":"BRL","alphaCode":"BRL","numericCode":"986","name":"Brazilian Real","rate":1.4460494233355,"date":"Wed, 26 Oct 2022 11:55:01 GMT","inverseRate":0.69153929586541},"inr":{"code":"INR","alphaCode":"INR","numericCode":"356","name":"Indian Rupee","rate":22.470064560544,"date":"Wed, 26 Oct 2022 11:55:01 GMT","inverseRate":0.044503654954153},"npr":{"code":"NPR","alphaCode":"NPR","numericCode":"524","name":"Nepalese Rupee","rate":36.038520569333,"date":"Wed, 26 Oct 2022 11:55:01 GMT","inverseRate":0.027748086885979},"zar":{"code":"ZAR","alphaCode":"ZAR","numericCode":"710","name":"South African Rand","rate":4.980461929765,"date":"Wed, 26 Oct 2022 11:55:01 GMT","inverseRate":0.20078458867914},"azn":{"code":"AZN","alphaCode":"AZN","numericCode":"944","name":"Azerbaijan Manat","rate":0.4620488414532,"date":"Wed, 26 Oct 2022 11:55:01 GMT","inverseRate":2.1642733630819},"pyg":{"code":"PYG","alphaCode":"PYG","numericCode":"600","name":"Paraguayan Guaran\u00ed","rate":1967.9883030137,"date":"Wed, 26 Oct 2022 11:55:01 GMT","inverseRate":0.00050813310143593},"gyd":{"code":"GYD","alphaCode":"GYD","numericCode":"328","name":"Guyanese dollar","rate":56.926058476584,"date":"Wed, 26 Oct 2022 11:55:01 GMT","inverseRate":0.017566647450417},"rwf":{"code":"RWF","alphaCode":"RWF","numericCode":"646","name":"Rwandan franc","rate":290.26034212237,"date":"Wed, 26 Oct 2022 11:55:01 GMT","inverseRate":0.0034451830129051},"mop":{"code":"MOP","alphaCode":"MOP","numericCode":"446","name":"Macanese pataca","rate":2.2011409277612,"date":"Wed, 26 Oct 2022 11:55:01 GMT","inverseRate":0.45430984785564},"bam":{"code":"BAM","alphaCode":"BAM","numericCode":"977","name":"Bosnia and Herzegovina convertible mark","rate":0.53192128288823,"date":"Wed, 26 Oct 2022 11:55:01 GMT","inverseRate":1.8799774180311},"dkk":{"code":"DKK","alphaCode":"DKK","numericCode":"208","name":"Danish Krone","rate":2.0402715781219,"date":"Wed, 26 Oct 2022 11:55:01 GMT","inverseRate":0.49013082901469},"lkr":{"code":"LKR","alphaCode":"LKR","numericCode":"144","name":"Sri Lanka Rupee","rate":99.574209383184,"date":"Wed, 26 Oct 2022 11:55:01 GMT","inverseRate":0.01004276113458},"tnd":{"code":"TND","alphaCode":"TND","numericCode":"788","name":"Tunisian Dinar","rate":0.88185564617855,"date":"Wed, 26 Oct 2022 11:55:01 GMT","inverseRate":1.1339724413326},"twd":{"code":"TWD","alphaCode":"TWD","numericCode":"901","name":"New Taiwan Dollar ","rate":8.7834691514295,"date":"Wed, 26 Oct 2022 11:55:01 GMT","inverseRate":0.11385023192542},"iqd":{"code":"IQD","alphaCode":"IQD","numericCode":"368","name":"Iraqi dinar","rate":397.31859958707,"date":"Wed, 26 Oct 2022 11:55:01 GMT","inverseRate":0.0025168718530653},"afn":{"code":"AFN","alphaCode":"AFN","numericCode":"971","name":"Afghan afghani","rate":23.903792880665,"date":"Wed, 26 Oct 2022 11:55:01 GMT","inverseRate":0.041834365156706},"nad":{"code":"NAD","alphaCode":"NAD","numericCode":"516","name":"Namibian dollar","rate":4.9155748785554,"date":"Wed, 26 Oct 2022 11:55:01 GMT","inverseRate":0.20343500500065},"syp":{"code":"SYP","alphaCode":"SYP","numericCode":"760","name":"Syrian pound","rate":681.19519238085,"date":"Wed, 26 Oct 2022 11:55:01 GMT","inverseRate":0.0014680080117784},"lak":{"code":"LAK","alphaCode":"LAK","numericCode":"418","name":"Lao kip","rate":4706.4395109948,"date":"Wed, 26 Oct 2022 11:55:01 GMT","inverseRate":0.00021247484381003},"gtq":{"code":"GTQ","alphaCode":"GTQ","numericCode":"320","name":"Guatemalan Quetzal","rate":2.1332963005169,"date":"Wed, 26 Oct 2022 11:55:01 GMT","inverseRate":0.4687581372347},"pkr":{"code":"PKR","alphaCode":"PKR","numericCode":"586","name":"Pakistani Rupee","rate":59.981576189273,"date":"Wed, 26 Oct 2022 11:55:01 GMT","inverseRate":0.016671785963818},"bgn":{"code":"BGN","alphaCode":"BGN","numericCode":"975","name":"Bulgarian Lev","rate":0.53593184364674,"date":"Wed, 26 Oct 2022 11:55:01 GMT","inverseRate":1.8659089058704},"pen":{"code":"PEN","alphaCode":"PEN","numericCode":"604","name":"Peruvian Nuevo Sol","rate":1.0883330633013,"date":"Wed, 26 Oct 2022 11:55:01 GMT","inverseRate":0.91883636886548},"tmt":{"code":"TMT","alphaCode":"TMT","numericCode":"934","name":"New Turkmenistan Manat","rate":0.95172989649936,"date":"Wed, 26 Oct 2022 11:55:01 GMT","inverseRate":1.050718280132},"svc":{"code":"SVC","alphaCode":"SVC","numericCode":"222","name":"Salvadoran colon","rate":2.3822397672071,"date":"Wed, 26 Oct 2022 11:55:01 GMT","inverseRate":0.41977302778905},"xcd":{"code":"XCD","alphaCode":"XCD","numericCode":"951","name":"East Caribbean Dollar","rate":0.73768644372962,"date":"Wed, 26 Oct 2022 11:55:01 GMT","inverseRate":1.355589503508},"aoa":{"code":"AOA","alphaCode":"AOA","numericCode":"973","name":"Angolan kwanza","rate":120.95989397417,"date":"Wed, 26 Oct 2022 11:55:01 GMT","inverseRate":0.0082672030136992},"mvr":{"code":"MVR","alphaCode":"MVR","numericCode":"462","name":"Maldivian rufiyaa","rate":4.2062751560729,"date":"Wed, 26 Oct 2022 11:55:01 GMT","inverseRate":0.23774003432853},"sar":{"code":"SAR","alphaCode":"SAR","numericCode":"682","name":"Saudi Riyal","rate":1.0234974794584,"date":"Wed, 26 Oct 2022 11:55:01 GMT","inverseRate":0.97704197623341},"pln":{"code":"PLN","alphaCode":"PLN","numericCode":"985","name":"Polish Zloty","rate":1.3076146968345,"date":"Wed, 26 Oct 2022 11:55:01 GMT","inverseRate":0.76475126994275},"gip":{"code":"GIP","alphaCode":"GIP","numericCode":"292","name":"Gibraltar pound","rate":0.23792078364652,"date":"Wed, 26 Oct 2022 11:55:01 GMT","inverseRate":4.2030796329492},"gel":{"code":"GEL","alphaCode":"GEL","numericCode":"981","name":"Georgian lari","rate":0.76124557908541,"date":"Wed, 26 Oct 2022 11:55:01 GMT","inverseRate":1.3136365287026},"mkd":{"code":"MKD","alphaCode":"MKD","numericCode":"807","name":"Macedonian denar","rate":16.717094178962,"date":"Wed, 26 Oct 2022 11:55:01 GMT","inverseRate":0.059819008572582},"awg":{"code":"AWG","alphaCode":"AWG","numericCode":"533","name":"Aruban florin","rate":0.49251145991995,"date":"Wed, 26 Oct 2022 11:55:01 GMT","inverseRate":2.0304096074486},"hnl":{"code":"HNL","alphaCode":"HNL","numericCode":"340","name":"Honduran Lempira","rate":6.7269795505385,"date":"Wed, 26 Oct 2022 11:55:01 GMT","inverseRate":0.14865512708745},"kes":{"code":"KES","alphaCode":"KES","numericCode":"404","name":"Kenyan shilling","rate":33.005326299883,"date":"Wed, 26 Oct 2022 11:55:01 GMT","inverseRate":0.030298140091514},"bhd":{"code":"BHD","alphaCode":"BHD","numericCode":"048","name":"Bahrain Dinar","rate":0.10243449717295,"date":"Wed, 26 Oct 2022 11:55:01 GMT","inverseRate":9.7623362011683},"egp":{"code":"EGP","alphaCode":"EGP","numericCode":"818","name":"Egyptian Pound","rate":5.363433372108,"date":"Wed, 26 Oct 2022 11:55:01 GMT","inverseRate":0.18644773424434},"hrk":{"code":"HRK","alphaCode":"HRK","numericCode":"191","name":"Croatian Kuna","rate":2.0637041387671,"date":"Wed, 26 Oct 2022 11:55:01 GMT","inverseRate":0.48456558341616},"mro":{"code":"MRO","alphaCode":"MRO","numericCode":"478","name":"Mauritanian Ouguiya","rate":10.325630033648,"date":"Wed, 26 Oct 2022 11:55:01 GMT","inverseRate":0.096846390655227},"cop":{"code":"COP","alphaCode":"COP","numericCode":"170","name":"Colombian Peso","rate":1353.6247795938,"date":"Wed, 26 Oct 2022 11:55:01 GMT","inverseRate":0.00073875716156739},"bbd":{"code":"BBD","alphaCode":"BBD","numericCode":"052","name":"Barbadian Dollar","rate":0.54939759976383,"date":"Wed, 26 Oct 2022 11:55:01 GMT","inverseRate":1.820175407446},"djf":{"code":"DJF","alphaCode":"DJF","numericCode":"262","name":"Djiboutian franc","rate":48.440093773106,"date":"Wed, 26 Oct 2022 11:55:01 GMT","inverseRate":0.020644055824582},"mzn":{"code":"MZN","alphaCode":"MZN","numericCode":"943","name":"Mozambican metical","rate":17.443003578485,"date":"Wed, 26 Oct 2022 11:55:01 GMT","inverseRate":0.057329576038924},"ugx":{"code":"UGX","alphaCode":"UGX","numericCode":"800","name":"Ugandan shilling","rate":1037.9076708289,"date":"Wed, 26 Oct 2022 11:55:01 GMT","inverseRate":0.00096347683720402},"hkd":{"code":"HKD","alphaCode":"HKD","numericCode":"344","name":"Hong Kong Dollar","rate":2.1372242937873,"date":"Wed, 26 Oct 2022 11:55:01 GMT","inverseRate":0.46789660912376},"mad":{"code":"MAD","alphaCode":"MAD","numericCode":"504","name":"Moroccan Dirham","rate":2.9707570867095,"date":"Wed, 26 Oct 2022 11:55:01 GMT","inverseRate":0.33661452983611},"myr":{"code":"MYR","alphaCode":"MYR","numericCode":"458","name":"Malaysian Ringgit","rate":1.287021696757,"date":"Wed, 26 Oct 2022 11:55:01 GMT","inverseRate":0.77698767823397},"mdl":{"code":"MDL","alphaCode":"MDL","numericCode":"498","name":"Moldova Lei","rate":5.2013416877037,"date":"Wed, 26 Oct 2022 11:55:01 GMT","inverseRate":0.19225808647874},"pab":{"code":"PAB","alphaCode":"PAB","numericCode":"590","name":"Panamanian Balboa","rate":0.27226026873735,"date":"Wed, 26 Oct 2022 11:55:01 GMT","inverseRate":3.6729560454695},"fjd":{"code":"FJD","alphaCode":"FJD","numericCode":"242","name":"Fiji Dollar","rate":0.62161801331523,"date":"Wed, 26 Oct 2022 11:55:01 GMT","inverseRate":1.6087049901704},"cdf":{"code":"CDF","alphaCode":"CDF","numericCode":"976","name":"Congolese franc","rate":559.08028748321,"date":"Wed, 26 Oct 2022 11:55:01 GMT","inverseRate":0.0017886518669826},"top":{"code":"TOP","alphaCode":"TOP","numericCode":"776","name":"Tongan pa\u02bbanga","rate":0.64817250877585,"date":"Wed, 26 Oct 2022 11:55:01 GMT","inverseRate":1.5427991567995},"vuv":{"code":"VUV","alphaCode":"VUV","numericCode":"548","name":"Vanuatu vatu","rate":33.046619826978,"date":"Wed, 26 Oct 2022 11:55:01 GMT","inverseRate":0.030260280937527},"kwd":{"code":"KWD","alphaCode":"KWD","numericCode":"414","name":"Kuwaiti Dinar","rate":0.084380386568074,"date":"Wed, 26 Oct 2022 11:55:01 GMT","inverseRate":11.851095268368},"thb":{"code":"THB","alphaCode":"THB","numericCode":"764","name":"Thai Baht","rate":10.354177652584,"date":"Wed, 26 Oct 2022 11:55:01 GMT","inverseRate":0.096579374389083},"xof":{"code":"XOF","alphaCode":"XOF","numericCode":"952","name":"West African CFA Franc","rate":181.52895283249,"date":"Wed, 26 Oct 2022 11:55:01 GMT","inverseRate":0.0055087631168279},"irr":{"code":"IRR","alphaCode":"IRR","numericCode":"364","name":"Iranian rial","rate":11444.334134283,"date":"Wed, 26 Oct 2022 11:55:01 GMT","inverseRate":8.737948300586e-5},"bob":{"code":"BOB","alphaCode":"BOB","numericCode":"068","name":"Bolivian Boliviano","rate":1.8759628291527,"date":"Wed, 26 Oct 2022 11:55:01 GMT","inverseRate":0.53305960249311},"lrd":{"code":"LRD","alphaCode":"LRD","numericCode":"430","name":"Liberian dollar","rate":41.750673081406,"date":"Wed, 26 Oct 2022 11:55:01 GMT","inverseRate":0.023951709665858},"sdg":{"code":"SDG","alphaCode":"SDG","numericCode":"938","name":"Sudanese pound","rate":154.07986494329,"date":"Wed, 26 Oct 2022 11:55:01 GMT","inverseRate":0.0064901406836517},"pgk":{"code":"PGK","alphaCode":"PGK","numericCode":"598","name":"Papua New Guinean kina","rate":0.95879018114203,"date":"Wed, 26 Oct 2022 11:55:01 GMT","inverseRate":1.0429810605787},"bwp":{"code":"BWP","alphaCode":"BWP","numericCode":"072","name":"Botswana Pula","rate":3.6233786828769,"date":"Wed, 26 Oct 2022 11:55:01 GMT","inverseRate":0.27598550621433},"omr":{"code":"OMR","alphaCode":"OMR","numericCode":"512","name":"Omani Rial","rate":0.1048229959153,"date":"Wed, 26 Oct 2022 11:55:01 GMT","inverseRate":9.5398914261904},"ils":{"code":"ILS","alphaCode":"ILS","numericCode":"376","name":"Israeli New Sheqel","rate":0.96355826157002,"date":"Wed, 26 Oct 2022 11:55:01 GMT","inverseRate":1.0378199636528},"ngn":{"code":"NGN","alphaCode":"NGN","numericCode":"566","name":"Nigerian Naira","rate":118.99273177214,"date":"Wed, 26 Oct 2022 11:55:01 GMT","inverseRate":0.0084038746325693},"uzs":{"code":"UZS","alphaCode":"UZS","numericCode":"860","name":"Uzbekistan Sum","rate":3014.8735602681,"date":"Wed, 26 Oct 2022 11:55:01 GMT","inverseRate":0.00033168886854116},"etb":{"code":"ETB","alphaCode":"ETB","numericCode":"230","name":"Ethiopian birr","rate":14.412815874427,"date":"Wed, 26 Oct 2022 11:55:01 GMT","inverseRate":0.069382694451423},"ttd":{"code":"TTD","alphaCode":"TTD","numericCode":"780","name":"Trinidad Tobago Dollar","rate":1.8460574319264,"date":"Wed, 26 Oct 2022 11:55:01 GMT","inverseRate":0.54169495634623},"zmw":{"code":"ZMW","alphaCode":"ZMW","numericCode":"967","name":"Zambian kwacha","rate":4.3740144154228,"date":"Wed, 26 Oct 2022 11:55:01 GMT","inverseRate":0.22862293193959},"khr":{"code":"KHR","alphaCode":"KHR","numericCode":"116","name":"Cambodian riel","rate":1126.4324330058,"date":"Wed, 26 Oct 2022 11:55:01 GMT","inverseRate":0.00088775852922808},"sek":{"code":"SEK","alphaCode":"SEK","numericCode":"752","name":"Swedish Krona","rate":3.0032590991801,"date":"Wed, 26 Oct 2022 11:55:01 GMT","inverseRate":0.33297160417261},"sgd":{"code":"SGD","alphaCode":"SGD","numericCode":"702","name":"Singapore Dollar","rate":0.38586929131583,"date":"Wed, 26 Oct 2022 11:55:01 GMT","inverseRate":2.5915511353338},"huf":{"code":"HUF","alphaCode":"HUF","numericCode":"348","name":"Hungarian Forint","rate":112.86713613305,"date":"Wed, 26 Oct 2022 11:55:01 GMT","inverseRate":0.0088599749604809},"byn":{"code":"BYN","alphaCode":"BYN","numericCode":"933","name":"Belarussian Ruble","rate":0.81290155648003,"date":"Wed, 26 Oct 2022 11:55:01 GMT","inverseRate":1.2301612563397},"tjs":{"code":"TJS","alphaCode":"TJS","numericCode":"972","name":"Tajikistan Ruble","rate":2.7623155218938,"date":"Wed, 26 Oct 2022 11:55:01 GMT","inverseRate":0.36201512538091},"gmd":{"code":"GMD","alphaCode":"GMD","numericCode":"270","name":"Gambian dalasi","rate":16.300640623723,"date":"Wed, 26 Oct 2022 11:55:01 GMT","inverseRate":0.061347282176423},"cve":{"code":"CVE","alphaCode":"CVE","numericCode":"132","name":"Cape Verde escudo","rate":30.029486439063,"date":"Wed, 26 Oct 2022 11:55:01 GMT","inverseRate":0.033300602793499},"all":{"code":"ALL","alphaCode":"ALL","numericCode":"008","name":"Albanian lek","rate":31.957305321571,"date":"Wed, 26 Oct 2022 11:55:01 GMT","inverseRate":0.031291749724749},"scr":{"code":"SCR","alphaCode":"SCR","numericCode":"690","name":"Seychelles rupee","rate":3.5420658607653,"date":"Wed, 26 Oct 2022 11:55:01 GMT","inverseRate":0.28232111973885},"dop":{"code":"DOP","alphaCode":"DOP","numericCode":"214","name":"Dominican Peso","rate":14.625591791492,"date":"Wed, 26 Oct 2022 11:55:01 GMT","inverseRate":0.068373301693114},"cny":{"code":"CNY","alphaCode":"CNY","numericCode":"156","name":"Chinese Yuan","rate":1.981050600132,"date":"Wed, 26 Oct 2022 11:55:01 GMT","inverseRate":0.50478266427589},"isk":{"code":"ISK","alphaCode":"ISK","numericCode":"352","name":"Icelandic Krona","rate":39.401013786562,"date":"Wed, 26 Oct 2022 11:55:01 GMT","inverseRate":0.025380057615194},"lyd":{"code":"LYD","alphaCode":"LYD","numericCode":"434","name":"Libyan Dinar","rate":1.3623381510296,"date":"Wed, 26 Oct 2022 11:55:01 GMT","inverseRate":0.73403214851193},"clp":{"code":"CLP","alphaCode":"CLP","numericCode":"152","name":"Chilean Peso","rate":262.87808723805,"date":"Wed, 26 Oct 2022 11:55:01 GMT","inverseRate":0.0038040447209069},"bsd":{"code":"BSD","alphaCode":"BSD","numericCode":"044","name":"Bahamian Dollar","rate":0.27226026873735,"date":"Wed, 26 Oct 2022 11:55:01 GMT","inverseRate":3.6729560454695},"xpf":{"code":"XPF","alphaCode":"XPF","numericCode":"953","name":"CFP Franc","rate":32.525906351117,"date":"Wed, 26 Oct 2022 11:55:01 GMT","inverseRate":0.030744723581412}}