{"usd":{"code":"USD","alphaCode":"USD","numericCode":"840","name":"U.S. Dollar","rate":0.011389835500021,"date":"Wed, 26 Oct 2022 11:55:01 GMT","inverseRate":87.797580570689},"eur":{"code":"EUR","alphaCode":"EUR","numericCode":"978","name":"Euro","rate":0.011382024063669,"date":"Wed, 26 Oct 2022 11:55:01 GMT","inverseRate":87.857835689522},"gbp":{"code":"GBP","alphaCode":"GBP","numericCode":"826","name":"U.K. Pound Sterling","rate":0.0098656142822574,"date":"Wed, 26 Oct 2022 11:55:01 GMT","inverseRate":101.36216269862},"cad":{"code":"CAD","alphaCode":"CAD","numericCode":"124","name":"Canadian Dollar","rate":0.015514116514217,"date":"Wed, 26 Oct 2022 11:55:01 GMT","inverseRate":64.457424893234},"jpy":{"code":"JPY","alphaCode":"JPY","numericCode":"392","name":"Japanese Yen","rate":1.6790672380746,"date":"Wed, 26 Oct 2022 11:55:01 GMT","inverseRate":0.59556876420667},"aud":{"code":"AUD","alphaCode":"AUD","numericCode":"036","name":"Australian Dollar","rate":0.017813111980956,"date":"Wed, 26 Oct 2022 11:55:01 GMT","inverseRate":56.138422139214},"chf":{"code":"CHF","alphaCode":"CHF","numericCode":"756","name":"Swiss Franc","rate":0.011270213101896,"date":"Wed, 26 Oct 2022 11:55:01 GMT","inverseRate":88.729466866226},"lsl":{"code":"LSL","alphaCode":"LSL","numericCode":"426","name":"Lesotho loti","rate":0.20563995442462,"date":"Wed, 26 Oct 2022 11:55:01 GMT","inverseRate":4.8628682242126},"tzs":{"code":"TZS","alphaCode":"TZS","numericCode":"834","name":"Tanzanian shilling","rate":26.541666666667,"date":"Wed, 26 Oct 2022 11:55:01 GMT","inverseRate":0.03767660910518},"ang":{"code":"ANG","alphaCode":"ANG","numericCode":"532","name":"Neth. Antillean Guilder","rate":0.020400526162083,"date":"Wed, 26 Oct 2022 11:55:01 GMT","inverseRate":49.018343549327},"lbp":{"code":"LBP","alphaCode":"LBP","numericCode":"422","name":"Lebanese Pound","rate":17.205092141489,"date":"Wed, 26 Oct 2022 11:55:01 GMT","inverseRate":0.058122327493299},"mxn":{"code":"MXN","alphaCode":"MXN","numericCode":"484","name":"Mexican Peso","rate":0.22638843020024,"date":"Wed, 26 Oct 2022 11:55:01 GMT","inverseRate":4.4171868638142},"kzt":{"code":"KZT","alphaCode":"KZT","numericCode":"398","name":"Kazakhstani Tenge","rate":5.3851958031061,"date":"Wed, 26 Oct 2022 11:55:01 GMT","inverseRate":0.1856942693566},"htg":{"code":"HTG","alphaCode":"HTG","numericCode":"332","name":"Haitian gourde","rate":1.4230581850479,"date":"Wed, 26 Oct 2022 11:55:01 GMT","inverseRate":0.70271195549629},"bnd":{"code":"BND","alphaCode":"BND","numericCode":"096","name":"Brunei Dollar","rate":0.016035835924774,"date":"Wed, 26 Oct 2022 11:55:01 GMT","inverseRate":62.360328746884},"kmf":{"code":"KMF","alphaCode":"KMF","numericCode":"174","name":"\tComoro franc","rate":5.6696335078537,"date":"Wed, 26 Oct 2022 11:55:01 GMT","inverseRate":0.17637824360513},"mru":{"code":"MRU","alphaCode":"MRU","numericCode":"929","name":"Mauritanian ouguiya","rate":0.43212290502794,"date":"Wed, 26 Oct 2022 11:55:01 GMT","inverseRate":2.3141564318034},"mnt":{"code":"MNT","alphaCode":"MNT","numericCode":"496","name":"Mongolian togrog","rate":38.675,"date":"Wed, 26 Oct 2022 11:55:01 GMT","inverseRate":0.025856496444732},"jod":{"code":"JOD","alphaCode":"JOD","numericCode":"400","name":"Jordanian Dinar","rate":0.0080750859929874,"date":"Wed, 26 Oct 2022 11:55:01 GMT","inverseRate":123.8376905049},"php":{"code":"PHP","alphaCode":"PHP","numericCode":"608","name":"Philippine Peso","rate":0.6695491423735,"date":"Wed, 26 Oct 2022 11:55:01 GMT","inverseRate":1.4935423506855},"xaf":{"code":"XAF","alphaCode":"XAF","numericCode":"950","name":"Central African CFA Franc","rate":7.5989028165897,"date":"Wed, 26 Oct 2022 11:55:01 GMT","inverseRate":0.13159794566879},"amd":{"code":"AMD","alphaCode":"AMD","numericCode":"051","name":"Armenia Dram","rate":4.6055942531027,"date":"Wed, 26 Oct 2022 11:55:01 GMT","inverseRate":0.21712724678825},"uyu":{"code":"UYU","alphaCode":"UYU","numericCode":"858","name":"Uruguayan Peso","rate":0.46886867620801,"date":"Wed, 26 Oct 2022 11:55:01 GMT","inverseRate":2.1327933614323},"jmd":{"code":"JMD","alphaCode":"JMD","numericCode":"388","name":"Jamaican Dollar","rate":1.7466129032258,"date":"Wed, 26 Oct 2022 11:55:01 GMT","inverseRate":0.5725367069905},"ssp":{"code":"SSP","alphaCode":"SSP","numericCode":"728","name":"South Sudanese pound","rate":6.9434470377022,"date":"Wed, 26 Oct 2022 11:55:01 GMT","inverseRate":0.14402068519715},"ghs":{"code":"GHS","alphaCode":"GHS","numericCode":"936","name":"Ghanaian Cedi","rate":0.1596726629313,"date":"Wed, 26 Oct 2022 11:55:01 GMT","inverseRate":6.2628128174343},"cup":{"code":"CUP","alphaCode":"CUP","numericCode":"192","name":"Cuban peso","rate":0.011389835500021,"date":"Wed, 26 Oct 2022 11:55:01 GMT","inverseRate":87.797580570689},"nzd":{"code":"NZD","alphaCode":"NZD","numericCode":"554","name":"New Zealand Dollar","rate":0.019823917880147,"date":"Wed, 26 Oct 2022 11:55:01 GMT","inverseRate":50.444115338143},"try":{"code":"TRY","alphaCode":"TRY","numericCode":"949","name":"Turkish Lira","rate":0.2118506123082,"date":"Wed, 26 Oct 2022 11:55:01 GMT","inverseRate":4.7203073387638},"vnd":{"code":"VND","alphaCode":"VND","numericCode":"704","name":"Vietnamese Dong","rate":282.75877263117,"date":"Wed, 26 Oct 2022 11:55:01 GMT","inverseRate":0.0035365834654559},"kgs":{"code":"KGS","alphaCode":"KGS","numericCode":"417","name":"Kyrgyzstan Som","rate":0.9274258879498,"date":"Wed, 26 Oct 2022 11:55:01 GMT","inverseRate":1.07825327392},"mga":{"code":"MGA","alphaCode":"MGA","numericCode":"969","name":"Malagasy ariary","rate":48.647798742139,"date":"Wed, 26 Oct 2022 11:55:01 GMT","inverseRate":0.020555914673562},"srd":{"code":"SRD","alphaCode":"SRD","numericCode":"968","name":"Surinamese dollar","rate":0.33381627620222,"date":"Wed, 26 Oct 2022 11:55:01 GMT","inverseRate":2.9956598023825},"mwk":{"code":"MWK","alphaCode":"MWK","numericCode":"454","name":"Malawian kwacha","rate":11.691859209674,"date":"Wed, 26 Oct 2022 11:55:01 GMT","inverseRate":0.085529596453966},"yer":{"code":"YER","alphaCode":"YER","numericCode":"886","name":"Yemeni rial","rate":2.8477883553359,"date":"Wed, 26 Oct 2022 11:55:01 GMT","inverseRate":0.35114969064548},"nok":{"code":"NOK","alphaCode":"NOK","numericCode":"578","name":"Norwegian Krone","rate":0.11884845424346,"date":"Wed, 26 Oct 2022 11:55:01 GMT","inverseRate":8.4140766185441},"qar":{"code":"QAR","alphaCode":"QAR","numericCode":"634","name":"Qatari Rial","rate":0.041878129065282,"date":"Wed, 26 Oct 2022 11:55:01 GMT","inverseRate":23.87881269579},"czk":{"code":"CZK","alphaCode":"CZK","numericCode":"203","name":"Czech Koruna","rate":0.28093437733017,"date":"Wed, 26 Oct 2022 11:55:01 GMT","inverseRate":3.5595501323241},"rub":{"code":"RUB","alphaCode":"RUB","numericCode":"643","name":"Russian Rouble","rate":0.73127238912052,"date":"Wed, 26 Oct 2022 11:55:01 GMT","inverseRate":1.3674794985801},"rsd":{"code":"RSD","alphaCode":"RSD","numericCode":"941","name":"Serbian Dinar","rate":1.3357424655708,"date":"Wed, 26 Oct 2022 11:55:01 GMT","inverseRate":0.74864730722827},"nio":{"code":"NIO","alphaCode":"NIO","numericCode":"558","name":"Nicaraguan C\u00f3rdoba","rate":0.40987887963664,"date":"Wed, 26 Oct 2022 11:55:01 GMT","inverseRate":2.4397451288207},"sbd":{"code":"SBD","alphaCode":"SBD","numericCode":"090","name":"Solomon Islands dollar","rate":0.093032646048109,"date":"Wed, 26 Oct 2022 11:55:01 GMT","inverseRate":10.748914950596},"mmk":{"code":"MMK","alphaCode":"MMK","numericCode":"104","name":"Myanma Kyat","rate":23.905077262694,"date":"Wed, 26 Oct 2022 11:55:01 GMT","inverseRate":0.041832117462369},"mur":{"code":"MUR","alphaCode":"MUR","numericCode":"480","name":"Mauritian Rupee","rate":0.5013425925926,"date":"Wed, 26 Oct 2022 11:55:01 GMT","inverseRate":1.9946440114507},"ves":{"code":"VES","alphaCode":"VES","numericCode":"928","name":"Venezuelan Bolivar","rate":0.094930664066831,"date":"Wed, 26 Oct 2022 11:55:01 GMT","inverseRate":10.534004052642},"bdt":{"code":"BDT","alphaCode":"BDT","numericCode":"050","name":"Bangladeshi taka","rate":1.1566747271478,"date":"Wed, 26 Oct 2022 11:55:01 GMT","inverseRate":0.86454728933678},"ron":{"code":"RON","alphaCode":"RON","numericCode":"946","name":"Romanian New Leu","rate":0.056090152920074,"date":"Wed, 26 Oct 2022 11:55:01 GMT","inverseRate":17.828441320617},"dzd":{"code":"DZD","alphaCode":"DZD","numericCode":"012","name":"Algerian Dinar","rate":1.5986082879149,"date":"Wed, 26 Oct 2022 11:55:01 GMT","inverseRate":0.62554411081174},"ars":{"code":"ARS","alphaCode":"ARS","numericCode":"032","name":"Argentine Peso","rate":1.7649130799634,"date":"Wed, 26 Oct 2022 11:55:01 GMT","inverseRate":0.56660014102266},"stn":{"code":"STN","alphaCode":"STN","numericCode":"930","name":"S\u00e3o Tom\u00e9 and Pr\u00edncipe Dobra","rate":0.28083506224066,"date":"Wed, 26 Oct 2022 11:55:01 GMT","inverseRate":3.5608089389602},"bif":{"code":"BIF","alphaCode":"BIF","numericCode":"108","name":"Burundian franc","rate":23.531073446328,"date":"Wed, 26 Oct 2022 11:55:01 GMT","inverseRate":0.042496998799519},"szl":{"code":"SZL","alphaCode":"SZL","numericCode":"748","name":"Swazi lilangeni","rate":0.20563995442462,"date":"Wed, 26 Oct 2022 11:55:01 GMT","inverseRate":4.8628682242126},"sos":{"code":"SOS","alphaCode":"SOS","numericCode":"706","name":"Somali shilling","rate":6.4712561252542,"date":"Wed, 26 Oct 2022 11:55:01 GMT","inverseRate":0.15452950410933},"aed":{"code":"AED","alphaCode":"AED","numericCode":"784","name":"U.A.E Dirham","rate":0.041834365156706,"date":"Wed, 26 Oct 2022 11:55:01 GMT","inverseRate":23.903792880665},"idr":{"code":"IDR","alphaCode":"IDR","numericCode":"360","name":"Indonesian Rupiah","rate":177.88520341991,"date":"Wed, 26 Oct 2022 11:55:01 GMT","inverseRate":0.0056216030382214},"krw":{"code":"KRW","alphaCode":"KRW","numericCode":"410","name":"South Korean Won","rate":16.262793227213,"date":"Wed, 26 Oct 2022 11:55:01 GMT","inverseRate":0.061490051925807},"uah":{"code":"UAH","alphaCode":"UAH","numericCode":"980","name":"Ukrainian Hryvnia","rate":0.42111477481113,"date":"Wed, 26 Oct 2022 11:55:01 GMT","inverseRate":2.3746495250576},"crc":{"code":"CRC","alphaCode":"CRC","numericCode":"188","name":"Costa Rican Col\u00f3n","rate":7.1093801815269,"date":"Wed, 26 Oct 2022 11:55:01 GMT","inverseRate":0.14065923814265},"bzd":{"code":"BZD","alphaCode":"BZD","numericCode":"084","name":"Belize dollar","rate":0.022944741079753,"date":"Wed, 26 Oct 2022 11:55:01 GMT","inverseRate":43.582971650198},"gnf":{"code":"GNF","alphaCode":"GNF","numericCode":"324","name":"Guinean franc","rate":98.088768115946,"date":"Wed, 26 Oct 2022 11:55:01 GMT","inverseRate":0.010194847169637},"ern":{"code":"ERN","alphaCode":"ERN","numericCode":"232","name":"Eritrean nakfa","rate":0.17161648177497,"date":"Wed, 26 Oct 2022 11:55:01 GMT","inverseRate":5.8269461630803},"wst":{"code":"WST","alphaCode":"WST","numericCode":"882","name":"Samoan tala","rate":0.031823792171153,"date":"Wed, 26 Oct 2022 11:55:01 GMT","inverseRate":31.423030750762},"brl":{"code":"BRL","alphaCode":"BRL","numericCode":"986","name":"Brazilian Real","rate":0.06049455961046,"date":"Wed, 26 Oct 2022 11:55:01 GMT","inverseRate":16.530412097208},"inr":{"code":"INR","alphaCode":"INR","numericCode":"356","name":"Indian Rupee","rate":0.94002088592055,"date":"Wed, 26 Oct 2022 11:55:01 GMT","inverseRate":1.0638061504567},"npr":{"code":"NPR","alphaCode":"NPR","numericCode":"524","name":"Nepalese Rupee","rate":1.5076486292049,"date":"Wed, 26 Oct 2022 11:55:01 GMT","inverseRate":0.66328452175713},"zar":{"code":"ZAR","alphaCode":"ZAR","numericCode":"710","name":"South African Rand","rate":0.20835446301886,"date":"Wed, 26 Oct 2022 11:55:01 GMT","inverseRate":4.7995132214158},"azn":{"code":"AZN","alphaCode":"AZN","numericCode":"944","name":"Azerbaijan Manat","rate":0.019329519953586,"date":"Wed, 26 Oct 2022 11:55:01 GMT","inverseRate":51.734342208249},"pyg":{"code":"PYG","alphaCode":"PYG","numericCode":"600","name":"Paraguayan Guaran\u00ed","rate":82.329541292403,"date":"Wed, 26 Oct 2022 11:55:01 GMT","inverseRate":0.012146308412534},"gyd":{"code":"GYD","alphaCode":"GYD","numericCode":"328","name":"Guyanese dollar","rate":2.3814655172414,"date":"Wed, 26 Oct 2022 11:55:01 GMT","inverseRate":0.41990950226244},"rwf":{"code":"RWF","alphaCode":"RWF","numericCode":"646","name":"Rwandan franc","rate":12.142857142858,"date":"Wed, 26 Oct 2022 11:55:01 GMT","inverseRate":0.082352941176468},"mop":{"code":"MOP","alphaCode":"MOP","numericCode":"446","name":"Macanese pataca","rate":0.092083333333332,"date":"Wed, 26 Oct 2022 11:55:01 GMT","inverseRate":10.859728506788},"bam":{"code":"BAM","alphaCode":"BAM","numericCode":"977","name":"Bosnia and Herzegovina convertible mark","rate":0.022252589182969,"date":"Wed, 26 Oct 2022 11:55:01 GMT","inverseRate":44.938590820943},"dkk":{"code":"DKK","alphaCode":"DKK","numericCode":"208","name":"Danish Krone","rate":0.085353466218,"date":"Wed, 26 Oct 2022 11:55:01 GMT","inverseRate":11.715985821196},"lkr":{"code":"LKR","alphaCode":"LKR","numericCode":"144","name":"Sri Lanka Rupee","rate":4.1656238355264,"date":"Wed, 26 Oct 2022 11:55:01 GMT","inverseRate":0.240060082111},"tnd":{"code":"TND","alphaCode":"TND","numericCode":"788","name":"Tunisian Dinar","rate":0.036891871117736,"date":"Wed, 26 Oct 2022 11:55:01 GMT","inverseRate":27.106242369996},"twd":{"code":"TWD","alphaCode":"TWD","numericCode":"901","name":"New Taiwan Dollar ","rate":0.36745085582356,"date":"Wed, 26 Oct 2022 11:55:01 GMT","inverseRate":2.7214523633608},"iqd":{"code":"IQD","alphaCode":"IQD","numericCode":"368","name":"Iraqi dinar","rate":16.621571378676,"date":"Wed, 26 Oct 2022 11:55:01 GMT","inverseRate":0.060162783482847},"nad":{"code":"NAD","alphaCode":"NAD","numericCode":"516","name":"Namibian dollar","rate":0.20563995442462,"date":"Wed, 26 Oct 2022 11:55:01 GMT","inverseRate":4.8628682242126},"syp":{"code":"SYP","alphaCode":"SYP","numericCode":"760","name":"Syrian pound","rate":28.497368421053,"date":"Wed, 26 Oct 2022 11:55:01 GMT","inverseRate":0.035090959460707},"lak":{"code":"LAK","alphaCode":"LAK","numericCode":"418","name":"Lao kip","rate":196.89090909091,"date":"Wed, 26 Oct 2022 11:55:01 GMT","inverseRate":0.0050789546587867},"gtq":{"code":"GTQ","alphaCode":"GTQ","numericCode":"320","name":"Guatemalan Quetzal","rate":0.089245096423275,"date":"Wed, 26 Oct 2022 11:55:01 GMT","inverseRate":11.205097423585},"pkr":{"code":"PKR","alphaCode":"PKR","numericCode":"586","name":"Pakistani Rupee","rate":2.5092911609768,"date":"Wed, 26 Oct 2022 11:55:01 GMT","inverseRate":0.39851891862988},"bgn":{"code":"BGN","alphaCode":"BGN","numericCode":"975","name":"Bulgarian Lev","rate":0.022420368446224,"date":"Wed, 26 Oct 2022 11:55:01 GMT","inverseRate":44.602300020115},"pen":{"code":"PEN","alphaCode":"PEN","numericCode":"604","name":"Peruvian Nuevo Sol","rate":0.045529722782262,"date":"Wed, 26 Oct 2022 11:55:01 GMT","inverseRate":21.963674252583},"tmt":{"code":"TMT","alphaCode":"TMT","numericCode":"934","name":"New Turkmenistan Manat","rate":0.039815016020708,"date":"Wed, 26 Oct 2022 11:55:01 GMT","inverseRate":25.116152144203},"svc":{"code":"SVC","alphaCode":"SVC","numericCode":"222","name":"Salvadoran colon","rate":0.099659488312167,"date":"Wed, 26 Oct 2022 11:55:01 GMT","inverseRate":10.034167513159},"xcd":{"code":"XCD","alphaCode":"XCD","numericCode":"951","name":"East Caribbean Dollar","rate":0.030860644058137,"date":"Wed, 26 Oct 2022 11:55:01 GMT","inverseRate":32.403730723058},"aoa":{"code":"AOA","alphaCode":"AOA","numericCode":"973","name":"Angolan kwanza","rate":5.0602803738319,"date":"Wed, 26 Oct 2022 11:55:01 GMT","inverseRate":0.19761750854187},"mvr":{"code":"MVR","alphaCode":"MVR","numericCode":"462","name":"Maldivian rufiyaa","rate":0.17596685082873,"date":"Wed, 26 Oct 2022 11:55:01 GMT","inverseRate":5.6828885400313},"sar":{"code":"SAR","alphaCode":"SAR","numericCode":"682","name":"Saudi Riyal","rate":0.042817367292633,"date":"Wed, 26 Oct 2022 11:55:01 GMT","inverseRate":23.355009035599},"pln":{"code":"PLN","alphaCode":"PLN","numericCode":"985","name":"Polish Zloty","rate":0.05470323071165,"date":"Wed, 26 Oct 2022 11:55:01 GMT","inverseRate":18.280455961937},"gip":{"code":"GIP","alphaCode":"GIP","numericCode":"292","name":"Gibraltar pound","rate":0.0099532649414381,"date":"Wed, 26 Oct 2022 11:55:01 GMT","inverseRate":100.46954500696},"gel":{"code":"GEL","alphaCode":"GEL","numericCode":"981","name":"Georgian lari","rate":0.031846225529387,"date":"Wed, 26 Oct 2022 11:55:01 GMT","inverseRate":31.400895502584},"mkd":{"code":"MKD","alphaCode":"MKD","numericCode":"807","name":"Macedonian denar","rate":0.69934902224174,"date":"Wed, 26 Oct 2022 11:55:01 GMT","inverseRate":1.4299011912457},"awg":{"code":"AWG","alphaCode":"AWG","numericCode":"533","name":"Aruban florin","rate":0.020603904258154,"date":"Wed, 26 Oct 2022 11:55:01 GMT","inverseRate":48.534490719363},"hnl":{"code":"HNL","alphaCode":"HNL","numericCode":"340","name":"Honduran Lempira","rate":0.28141891891892,"date":"Wed, 26 Oct 2022 11:55:01 GMT","inverseRate":3.5534213685474},"kes":{"code":"KES","alphaCode":"KES","numericCode":"404","name":"Kenyan shilling","rate":1.3807568725455,"date":"Wed, 26 Oct 2022 11:55:01 GMT","inverseRate":0.72424046541692},"bhd":{"code":"BHD","alphaCode":"BHD","numericCode":"048","name":"Bahrain Dinar","rate":0.0042852821593769,"date":"Wed, 26 Oct 2022 11:55:01 GMT","inverseRate":233.35686258414},"egp":{"code":"EGP","alphaCode":"EGP","numericCode":"818","name":"Egyptian Pound","rate":0.22437583018243,"date":"Wed, 26 Oct 2022 11:55:01 GMT","inverseRate":4.4568080224459},"hrk":{"code":"HRK","alphaCode":"HRK","numericCode":"191","name":"Croatian Kuna","rate":0.086333752516586,"date":"Wed, 26 Oct 2022 11:55:01 GMT","inverseRate":11.582955343078},"mro":{"code":"MRO","alphaCode":"MRO","numericCode":"478","name":"Mauritanian Ouguiya","rate":0.43196617730067,"date":"Wed, 26 Oct 2022 11:55:01 GMT","inverseRate":2.3149960634625},"cop":{"code":"COP","alphaCode":"COP","numericCode":"170","name":"Colombian Peso","rate":56.628033314693,"date":"Wed, 26 Oct 2022 11:55:01 GMT","inverseRate":0.017659098179215},"bbd":{"code":"BBD","alphaCode":"BBD","numericCode":"052","name":"Barbadian Dollar","rate":0.022983699804738,"date":"Wed, 26 Oct 2022 11:55:01 GMT","inverseRate":43.50909594607},"djf":{"code":"DJF","alphaCode":"DJF","numericCode":"262","name":"Djiboutian franc","rate":2.0264605711292,"date":"Wed, 26 Oct 2022 11:55:01 GMT","inverseRate":0.4934712346477},"mzn":{"code":"MZN","alphaCode":"MZN","numericCode":"943","name":"Mozambican metical","rate":0.72971698113208,"date":"Wed, 26 Oct 2022 11:55:01 GMT","inverseRate":1.3703943115708},"ugx":{"code":"UGX","alphaCode":"UGX","numericCode":"800","name":"Ugandan shilling","rate":43.420208500401,"date":"Wed, 26 Oct 2022 11:55:01 GMT","inverseRate":0.023030750761843},"hkd":{"code":"HKD","alphaCode":"HKD","numericCode":"344","name":"Hong Kong Dollar","rate":0.08940942152808,"date":"Wed, 26 Oct 2022 11:55:01 GMT","inverseRate":11.18450363406},"mad":{"code":"MAD","alphaCode":"MAD","numericCode":"504","name":"Moroccan Dirham","rate":0.12427973675728,"date":"Wed, 26 Oct 2022 11:55:01 GMT","inverseRate":8.0463640018247},"myr":{"code":"MYR","alphaCode":"MYR","numericCode":"458","name":"Malaysian Ringgit","rate":0.053841735626737,"date":"Wed, 26 Oct 2022 11:55:01 GMT","inverseRate":18.572952531334},"mdl":{"code":"MDL","alphaCode":"MDL","numericCode":"498","name":"Moldova Lei","rate":0.21759482746819,"date":"Wed, 26 Oct 2022 11:55:01 GMT","inverseRate":4.5956974788207},"pab":{"code":"PAB","alphaCode":"PAB","numericCode":"590","name":"Panamanian Balboa","rate":0.011389835500021,"date":"Wed, 26 Oct 2022 11:55:01 GMT","inverseRate":87.797580570689},"fjd":{"code":"FJD","alphaCode":"FJD","numericCode":"242","name":"Fiji Dollar","rate":0.026004994957015,"date":"Wed, 26 Oct 2022 11:55:01 GMT","inverseRate":38.454150891125},"cdf":{"code":"CDF","alphaCode":"CDF","numericCode":"976","name":"Congolese franc","rate":23.388768898489,"date":"Wed, 26 Oct 2022 11:55:01 GMT","inverseRate":0.042755563763966},"top":{"code":"TOP","alphaCode":"TOP","numericCode":"776","name":"Tongan pa\u02bbanga","rate":0.027115885416667,"date":"Wed, 26 Oct 2022 11:55:01 GMT","inverseRate":36.8787515006},"vuv":{"code":"VUV","alphaCode":"VUV","numericCode":"548","name":"Vanuatu vatu","rate":1.3824843610366,"date":"Wed, 26 Oct 2022 11:55:01 GMT","inverseRate":0.72333548804138},"kwd":{"code":"KWD","alphaCode":"KWD","numericCode":"414","name":"Kuwaiti Dinar","rate":0.0035299999037528,"date":"Wed, 26 Oct 2022 11:55:01 GMT","inverseRate":283.28612670411},"thb":{"code":"THB","alphaCode":"THB","numericCode":"764","name":"Thai Baht","rate":0.43316044881561,"date":"Wed, 26 Oct 2022 11:55:01 GMT","inverseRate":2.3086133619408},"xof":{"code":"XOF","alphaCode":"XOF","numericCode":"952","name":"West African CFA Franc","rate":7.5941484993087,"date":"Wed, 26 Oct 2022 11:55:01 GMT","inverseRate":0.1316803325733},"irr":{"code":"IRR","alphaCode":"IRR","numericCode":"364","name":"Iranian rial","rate":478.76645314896,"date":"Wed, 26 Oct 2022 11:55:01 GMT","inverseRate":0.0020887010637917},"bob":{"code":"BOB","alphaCode":"BOB","numericCode":"068","name":"Bolivian Boliviano","rate":0.078479714015181,"date":"Wed, 26 Oct 2022 11:55:01 GMT","inverseRate":12.742146331045},"lrd":{"code":"LRD","alphaCode":"LRD","numericCode":"430","name":"Liberian dollar","rate":1.7466129032258,"date":"Wed, 26 Oct 2022 11:55:01 GMT","inverseRate":0.5725367069905},"sdg":{"code":"SDG","alphaCode":"SDG","numericCode":"938","name":"Sudanese pound","rate":6.4458333333335,"date":"Wed, 26 Oct 2022 11:55:01 GMT","inverseRate":0.15513897866839},"pgk":{"code":"PGK","alphaCode":"PGK","numericCode":"598","name":"Papua New Guinean kina","rate":0.04011037854656,"date":"Wed, 26 Oct 2022 11:55:01 GMT","inverseRate":24.931203250531},"bwp":{"code":"BWP","alphaCode":"BWP","numericCode":"072","name":"Botswana Pula","rate":0.1515817469205,"date":"Wed, 26 Oct 2022 11:55:01 GMT","inverseRate":6.5971003786129},"omr":{"code":"OMR","alphaCode":"OMR","numericCode":"512","name":"Omani Rial","rate":0.0043852034879407,"date":"Wed, 26 Oct 2022 11:55:01 GMT","inverseRate":228.03958875569},"ils":{"code":"ILS","alphaCode":"ILS","numericCode":"376","name":"Israeli New Sheqel","rate":0.040309848164281,"date":"Wed, 26 Oct 2022 11:55:01 GMT","inverseRate":24.807833458577},"ngn":{"code":"NGN","alphaCode":"NGN","numericCode":"566","name":"Nigerian Naira","rate":4.9779853919496,"date":"Wed, 26 Oct 2022 11:55:01 GMT","inverseRate":0.20088447861201},"uzs":{"code":"UZS","alphaCode":"UZS","numericCode":"860","name":"Uzbekistan Sum","rate":126.12532142155,"date":"Wed, 26 Oct 2022 11:55:01 GMT","inverseRate":0.00792862201443},"etb":{"code":"ETB","alphaCode":"ETB","numericCode":"230","name":"Ethiopian birr","rate":0.60295100222715,"date":"Wed, 26 Oct 2022 11:55:01 GMT","inverseRate":1.6585095576693},"ttd":{"code":"TTD","alphaCode":"TTD","numericCode":"780","name":"Trinidad Tobago Dollar","rate":0.07722864070746,"date":"Wed, 26 Oct 2022 11:55:01 GMT","inverseRate":12.948564041001},"zmw":{"code":"ZMW","alphaCode":"ZMW","numericCode":"967","name":"Zambian kwacha","rate":0.18298411625549,"date":"Wed, 26 Oct 2022 11:55:01 GMT","inverseRate":5.4649552128543},"khr":{"code":"KHR","alphaCode":"KHR","numericCode":"116","name":"Cambodian riel","rate":47.123585726719,"date":"Wed, 26 Oct 2022 11:55:01 GMT","inverseRate":0.021220796010712},"sek":{"code":"SEK","alphaCode":"SEK","numericCode":"752","name":"Swedish Krona","rate":0.1256394378153,"date":"Wed, 26 Oct 2022 11:55:01 GMT","inverseRate":7.9592842612848},"sgd":{"code":"SGD","alphaCode":"SGD","numericCode":"702","name":"Singapore Dollar","rate":0.016142596835666,"date":"Wed, 26 Oct 2022 11:55:01 GMT","inverseRate":61.947901578672},"huf":{"code":"HUF","alphaCode":"HUF","numericCode":"348","name":"Hungarian Forint","rate":4.7217249871816,"date":"Wed, 26 Oct 2022 11:55:01 GMT","inverseRate":0.21178700638321},"byn":{"code":"BYN","alphaCode":"BYN","numericCode":"933","name":"Belarussian Ruble","rate":0.03400722055024,"date":"Wed, 26 Oct 2022 11:55:01 GMT","inverseRate":29.405519881363},"tjs":{"code":"TJS","alphaCode":"TJS","numericCode":"972","name":"Tajikistan Ruble","rate":0.11555971622094,"date":"Wed, 26 Oct 2022 11:55:01 GMT","inverseRate":8.6535345767731},"gmd":{"code":"GMD","alphaCode":"GMD","numericCode":"270","name":"Gambian dalasi","rate":0.68192695214106,"date":"Wed, 26 Oct 2022 11:55:01 GMT","inverseRate":1.4664327269369},"cve":{"code":"CVE","alphaCode":"CVE","numericCode":"132","name":"Cape Verde escudo","rate":1.2562645011601,"date":"Wed, 26 Oct 2022 11:55:01 GMT","inverseRate":0.7960107119771},"all":{"code":"ALL","alphaCode":"ALL","numericCode":"008","name":"Albanian lek","rate":1.336913580247,"date":"Wed, 26 Oct 2022 11:55:01 GMT","inverseRate":0.747991504294},"scr":{"code":"SCR","alphaCode":"SCR","numericCode":"690","name":"Seychelles rupee","rate":0.14818007662836,"date":"Wed, 26 Oct 2022 11:55:01 GMT","inverseRate":6.7485455720748},"dop":{"code":"DOP","alphaCode":"DOP","numericCode":"214","name":"Dominican Peso","rate":0.61185234763819,"date":"Wed, 26 Oct 2022 11:55:01 GMT","inverseRate":1.6343812422394},"cny":{"code":"CNY","alphaCode":"CNY","numericCode":"156","name":"Chinese Yuan","rate":0.082875994199834,"date":"Wed, 26 Oct 2022 11:55:01 GMT","inverseRate":12.066220256601},"isk":{"code":"ISK","alphaCode":"ISK","numericCode":"352","name":"Icelandic Krona","rate":1.6483163982914,"date":"Wed, 26 Oct 2022 11:55:01 GMT","inverseRate":0.60667964053294},"lyd":{"code":"LYD","alphaCode":"LYD","numericCode":"434","name":"Libyan Dinar","rate":0.056992551677082,"date":"Wed, 26 Oct 2022 11:55:01 GMT","inverseRate":17.546152445779},"clp":{"code":"CLP","alphaCode":"CLP","numericCode":"152","name":"Chilean Peso","rate":10.997337893213,"date":"Wed, 26 Oct 2022 11:55:01 GMT","inverseRate":0.090931097117346},"bsd":{"code":"BSD","alphaCode":"BSD","numericCode":"044","name":"Bahamian Dollar","rate":0.011389835500021,"date":"Wed, 26 Oct 2022 11:55:01 GMT","inverseRate":87.797580570689},"xpf":{"code":"XPF","alphaCode":"XPF","numericCode":"953","name":"CFP Franc","rate":1.3607006433454,"date":"Wed, 26 Oct 2022 11:55:01 GMT","inverseRate":0.73491550466338}}