{"usd":{"code":"USD","alphaCode":"USD","numericCode":"840","name":"U.S. Dollar","rate":0.0085195001893221,"date":"Wed, 26 Oct 2022 11:55:01 GMT","inverseRate":117.37777777778},"eur":{"code":"EUR","alphaCode":"EUR","numericCode":"978","name":"Euro","rate":0.0085136573012942,"date":"Wed, 26 Oct 2022 11:55:01 GMT","inverseRate":117.45833366443},"gbp":{"code":"GBP","alphaCode":"GBP","numericCode":"826","name":"U.K. Pound Sterling","rate":0.0073793956677701,"date":"Wed, 26 Oct 2022 11:55:01 GMT","inverseRate":135.51245183499},"cad":{"code":"CAD","alphaCode":"CAD","numericCode":"124","name":"Canadian Dollar","rate":0.011604427349261,"date":"Wed, 26 Oct 2022 11:55:01 GMT","inverseRate":86.174006687512},"jpy":{"code":"JPY","alphaCode":"JPY","numericCode":"392","name":"Japanese Yen","rate":1.2559280292182,"date":"Wed, 26 Oct 2022 11:55:01 GMT","inverseRate":0.79622396883879},"aud":{"code":"AUD","alphaCode":"AUD","numericCode":"036","name":"Australian Dollar","rate":0.013324056426793,"date":"Wed, 26 Oct 2022 11:55:01 GMT","inverseRate":75.052218931551},"chf":{"code":"CHF","alphaCode":"CHF","numericCode":"756","name":"Swiss Franc","rate":0.0084300236518013,"date":"Wed, 26 Oct 2022 11:55:01 GMT","inverseRate":118.62362922153},"lsl":{"code":"LSL","alphaCode":"LSL","numericCode":"426","name":"Lesotho loti","rate":0.15381693885302,"date":"Wed, 26 Oct 2022 11:55:01 GMT","inverseRate":6.5012345679013},"tzs":{"code":"TZS","alphaCode":"TZS","numericCode":"834","name":"Tanzanian shilling","rate":19.852941176471,"date":"Wed, 26 Oct 2022 11:55:01 GMT","inverseRate":0.05037037037037},"ang":{"code":"ANG","alphaCode":"ANG","numericCode":"532","name":"Neth. Antillean Guilder","rate":0.015259420252365,"date":"Wed, 26 Oct 2022 11:55:01 GMT","inverseRate":65.533289172306},"lbp":{"code":"LBP","alphaCode":"LBP","numericCode":"422","name":"Lebanese Pound","rate":12.869262752429,"date":"Wed, 26 Oct 2022 11:55:01 GMT","inverseRate":0.077704528941352},"mxn":{"code":"MXN","alphaCode":"MXN","numericCode":"484","name":"Mexican Peso","rate":0.16933662246023,"date":"Wed, 26 Oct 2022 11:55:01 GMT","inverseRate":5.9053971047216},"kzt":{"code":"KZT","alphaCode":"KZT","numericCode":"398","name":"Kazakhstani Tenge","rate":4.0280807096831,"date":"Wed, 26 Oct 2022 11:55:01 GMT","inverseRate":0.24825719047687},"htg":{"code":"HTG","alphaCode":"HTG","numericCode":"332","name":"Haitian gourde","rate":1.0644354325319,"date":"Wed, 26 Oct 2022 11:55:01 GMT","inverseRate":0.93946515630488},"bnd":{"code":"BND","alphaCode":"BND","numericCode":"096","name":"Brunei Dollar","rate":0.011994669035984,"date":"Wed, 26 Oct 2022 11:55:01 GMT","inverseRate":83.370370370373},"kmf":{"code":"KMF","alphaCode":"KMF","numericCode":"174","name":"\tComoro franc","rate":4.2408376963352,"date":"Wed, 26 Oct 2022 11:55:01 GMT","inverseRate":0.2358024691358},"mru":{"code":"MRU","alphaCode":"MRU","numericCode":"929","name":"Mauritanian ouguiya","rate":0.32322426177175,"date":"Wed, 26 Oct 2022 11:55:01 GMT","inverseRate":3.0938271604938},"mnt":{"code":"MNT","alphaCode":"MNT","numericCode":"496","name":"Mongolian togrog","rate":28.928571428571,"date":"Wed, 26 Oct 2022 11:55:01 GMT","inverseRate":0.034567901234569},"jod":{"code":"JOD","alphaCode":"JOD","numericCode":"400","name":"Jordanian Dinar","rate":0.0060400957191981,"date":"Wed, 26 Oct 2022 11:55:01 GMT","inverseRate":165.56029018242},"php":{"code":"PHP","alphaCode":"PHP","numericCode":"608","name":"Philippine Peso","rate":0.50081707020271,"date":"Wed, 26 Oct 2022 11:55:01 GMT","inverseRate":1.9967370513054},"xaf":{"code":"XAF","alphaCode":"XAF","numericCode":"950","name":"Central African CFA Franc","rate":5.6839147487649,"date":"Wed, 26 Oct 2022 11:55:01 GMT","inverseRate":0.17593508069721},"amd":{"code":"AMD","alphaCode":"AMD","numericCode":"051","name":"Armenia Dram","rate":3.4449453735461,"date":"Wed, 26 Oct 2022 11:55:01 GMT","inverseRate":0.29028036487285},"uyu":{"code":"UYU","alphaCode":"UYU","numericCode":"858","name":"Uruguayan Peso","rate":0.35070978643317,"date":"Wed, 26 Oct 2022 11:55:01 GMT","inverseRate":2.8513604087594},"jmd":{"code":"JMD","alphaCode":"JMD","numericCode":"388","name":"Jamaican Dollar","rate":1.3064516129032,"date":"Wed, 26 Oct 2022 11:55:01 GMT","inverseRate":0.76543209876547},"ssp":{"code":"SSP","alphaCode":"SSP","numericCode":"728","name":"South Sudanese pound","rate":5.1936393947166,"date":"Wed, 26 Oct 2022 11:55:01 GMT","inverseRate":0.19254320987654},"ghs":{"code":"GHS","alphaCode":"GHS","numericCode":"936","name":"Ghanaian Cedi","rate":0.11943379534061,"date":"Wed, 26 Oct 2022 11:55:01 GMT","inverseRate":8.3728395061726},"cup":{"code":"CUP","alphaCode":"CUP","numericCode":"192","name":"Cuban peso","rate":0.0085195001893221,"date":"Wed, 26 Oct 2022 11:55:01 GMT","inverseRate":117.37777777778},"nzd":{"code":"NZD","alphaCode":"NZD","numericCode":"554","name":"New Zealand Dollar","rate":0.014828122156172,"date":"Wed, 26 Oct 2022 11:55:01 GMT","inverseRate":67.439422839107},"try":{"code":"TRY","alphaCode":"TRY","numericCode":"949","name":"Turkish Lira","rate":0.15846245818602,"date":"Wed, 26 Oct 2022 11:55:01 GMT","inverseRate":6.3106429841327},"vnd":{"code":"VND","alphaCode":"VND","numericCode":"704","name":"Vietnamese Dong","rate":211.50115969271,"date":"Wed, 26 Oct 2022 11:55:01 GMT","inverseRate":0.0047281064626449},"kgs":{"code":"KGS","alphaCode":"KGS","numericCode":"417","name":"Kyrgyzstan Som","rate":0.69370668504877,"date":"Wed, 26 Oct 2022 11:55:01 GMT","inverseRate":1.4415314448493},"mga":{"code":"MGA","alphaCode":"MGA","numericCode":"969","name":"Malagasy ariary","rate":36.388140161724,"date":"Wed, 26 Oct 2022 11:55:01 GMT","inverseRate":0.027481481481482},"srd":{"code":"SRD","alphaCode":"SRD","numericCode":"968","name":"Surinamese dollar","rate":0.24969173859432,"date":"Wed, 26 Oct 2022 11:55:01 GMT","inverseRate":4.004938271605},"mwk":{"code":"MWK","alphaCode":"MWK","numericCode":"454","name":"Malawian kwacha","rate":8.7454113582377,"date":"Wed, 26 Oct 2022 11:55:01 GMT","inverseRate":0.11434567901235},"yer":{"code":"YER","alphaCode":"YER","numericCode":"886","name":"Yemeni rial","rate":2.1301214958186,"date":"Wed, 26 Oct 2022 11:55:01 GMT","inverseRate":0.46945679012346},"nok":{"code":"NOK","alphaCode":"NOK","numericCode":"578","name":"Norwegian Krone","rate":0.088897634072583,"date":"Wed, 26 Oct 2022 11:55:01 GMT","inverseRate":11.24889329657},"qar":{"code":"QAR","alphaCode":"QAR","numericCode":"634","name":"Qatari Rial","rate":0.031324484756559,"date":"Wed, 26 Oct 2022 11:55:01 GMT","inverseRate":31.923908973175},"czk":{"code":"CZK","alphaCode":"CZK","numericCode":"203","name":"Czech Koruna","rate":0.21013652750709,"date":"Wed, 26 Oct 2022 11:55:01 GMT","inverseRate":4.7588109114739},"rub":{"code":"RUB","alphaCode":"RUB","numericCode":"643","name":"Russian Rouble","rate":0.54698553438693,"date":"Wed, 26 Oct 2022 11:55:01 GMT","inverseRate":1.828201912361},"rsd":{"code":"RSD","alphaCode":"RSD","numericCode":"941","name":"Serbian Dinar","rate":0.99912401617166,"date":"Wed, 26 Oct 2022 11:55:01 GMT","inverseRate":1.0008767518488},"nio":{"code":"NIO","alphaCode":"NIO","numericCode":"558","name":"Nicaraguan C\u00f3rdoba","rate":0.30658591975775,"date":"Wed, 26 Oct 2022 11:55:01 GMT","inverseRate":3.2617283950618},"sbd":{"code":"SBD","alphaCode":"SBD","numericCode":"090","name":"Solomon Islands dollar","rate":0.069587628865976,"date":"Wed, 26 Oct 2022 11:55:01 GMT","inverseRate":14.370370370371},"mmk":{"code":"MMK","alphaCode":"MMK","numericCode":"104","name":"Myanma Kyat","rate":17.880794701987,"date":"Wed, 26 Oct 2022 11:55:01 GMT","inverseRate":0.055925925925926},"mur":{"code":"MUR","alphaCode":"MUR","numericCode":"480","name":"Mauritian Rupee","rate":0.375,"date":"Wed, 26 Oct 2022 11:55:01 GMT","inverseRate":2.6666666666667},"ves":{"code":"VES","alphaCode":"VES","numericCode":"928","name":"Venezuelan Bolivar","rate":0.071007330218978,"date":"Wed, 26 Oct 2022 11:55:01 GMT","inverseRate":14.083053072354},"bdt":{"code":"BDT","alphaCode":"BDT","numericCode":"050","name":"Bangladeshi taka","rate":0.86518286913815,"date":"Wed, 26 Oct 2022 11:55:01 GMT","inverseRate":1.15582501188},"ron":{"code":"RON","alphaCode":"RON","numericCode":"946","name":"Romanian New Leu","rate":0.041954957858767,"date":"Wed, 26 Oct 2022 11:55:01 GMT","inverseRate":23.835085316169},"dzd":{"code":"DZD","alphaCode":"DZD","numericCode":"012","name":"Algerian Dinar","rate":1.1957454180543,"date":"Wed, 26 Oct 2022 11:55:01 GMT","inverseRate":0.83629841678771},"ars":{"code":"ARS","alphaCode":"ARS","numericCode":"032","name":"Argentine Peso","rate":1.32013998963,"date":"Wed, 26 Oct 2022 11:55:01 GMT","inverseRate":0.75749542310303},"stn":{"code":"STN","alphaCode":"STN","numericCode":"930","name":"S\u00e3o Tom\u00e9 and Pr\u00edncipe Dobra","rate":0.21006224066389,"date":"Wed, 26 Oct 2022 11:55:01 GMT","inverseRate":4.7604938271607},"bif":{"code":"BIF","alphaCode":"BIF","numericCode":"108","name":"Burundian franc","rate":17.601043024772,"date":"Wed, 26 Oct 2022 11:55:01 GMT","inverseRate":0.056814814814815},"szl":{"code":"SZL","alphaCode":"SZL","numericCode":"748","name":"Swazi lilangeni","rate":0.15381693885302,"date":"Wed, 26 Oct 2022 11:55:01 GMT","inverseRate":6.5012345679013},"sos":{"code":"SOS","alphaCode":"SOS","numericCode":"706","name":"Somali shilling","rate":4.8404446038007,"date":"Wed, 26 Oct 2022 11:55:01 GMT","inverseRate":0.20659259259259},"aed":{"code":"AED","alphaCode":"AED","numericCode":"784","name":"U.A.E Dirham","rate":0.031291749724749,"date":"Wed, 26 Oct 2022 11:55:01 GMT","inverseRate":31.957305321571},"idr":{"code":"IDR","alphaCode":"IDR","numericCode":"360","name":"Indonesian Rupiah","rate":133.0566208977,"date":"Wed, 26 Oct 2022 11:55:01 GMT","inverseRate":0.0075155974445557},"krw":{"code":"KRW","alphaCode":"KRW","numericCode":"410","name":"South Korean Won","rate":12.164431170045,"date":"Wed, 26 Oct 2022 11:55:01 GMT","inverseRate":0.082206885469702},"uah":{"code":"UAH","alphaCode":"UAH","numericCode":"980","name":"Ukrainian Hryvnia","rate":0.31499027389141,"date":"Wed, 26 Oct 2022 11:55:01 GMT","inverseRate":3.1747011983765},"crc":{"code":"CRC","alphaCode":"CRC","numericCode":"188","name":"Costa Rican Col\u00f3n","rate":5.3177559765783,"date":"Wed, 26 Oct 2022 11:55:01 GMT","inverseRate":0.18804924566009},"bzd":{"code":"BZD","alphaCode":"BZD","numericCode":"084","name":"Belize dollar","rate":0.017162471395881,"date":"Wed, 26 Oct 2022 11:55:01 GMT","inverseRate":58.266666666667},"gnf":{"code":"GNF","alphaCode":"GNF","numericCode":"324","name":"Guinean franc","rate":73.369565217392,"date":"Wed, 26 Oct 2022 11:55:01 GMT","inverseRate":0.013629629629629},"ern":{"code":"ERN","alphaCode":"ERN","numericCode":"232","name":"Eritrean nakfa","rate":0.1283676703645,"date":"Wed, 26 Oct 2022 11:55:01 GMT","inverseRate":7.79012345679},"wst":{"code":"WST","alphaCode":"WST","numericCode":"882","name":"Samoan tala","rate":0.023803926178441,"date":"Wed, 26 Oct 2022 11:55:01 GMT","inverseRate":42.009876543211},"brl":{"code":"BRL","alphaCode":"BRL","numericCode":"986","name":"Brazilian Real","rate":0.045249416644631,"date":"Wed, 26 Oct 2022 11:55:01 GMT","inverseRate":22.099732419835},"inr":{"code":"INR","alphaCode":"INR","numericCode":"356","name":"Indian Rupee","rate":0.7031276365275,"date":"Wed, 26 Oct 2022 11:55:01 GMT","inverseRate":1.4222168892957},"npr":{"code":"NPR","alphaCode":"NPR","numericCode":"524","name":"Nepalese Rupee","rate":1.1277083661058,"date":"Wed, 26 Oct 2022 11:55:01 GMT","inverseRate":0.88675408470472},"zar":{"code":"ZAR","alphaCode":"ZAR","numericCode":"710","name":"South African Rand","rate":0.15584736821985,"date":"Wed, 26 Oct 2022 11:55:01 GMT","inverseRate":6.4165344042855},"azn":{"code":"AZN","alphaCode":"AZN","numericCode":"944","name":"Azerbaijan Manat","rate":0.014458316707364,"date":"Wed, 26 Oct 2022 11:55:01 GMT","inverseRate":69.164344663352},"pyg":{"code":"PYG","alphaCode":"PYG","numericCode":"600","name":"Paraguayan Guaran\u00ed","rate":61.58179743914,"date":"Wed, 26 Oct 2022 11:55:01 GMT","inverseRate":0.016238564666585},"gyd":{"code":"GYD","alphaCode":"GYD","numericCode":"328","name":"Guyanese dollar","rate":1.7813159746657,"date":"Wed, 26 Oct 2022 11:55:01 GMT","inverseRate":0.56138271604939},"rwf":{"code":"RWF","alphaCode":"RWF","numericCode":"646","name":"Rwandan franc","rate":9.0827539807132,"date":"Wed, 26 Oct 2022 11:55:01 GMT","inverseRate":0.1100987654321},"mop":{"code":"MOP","alphaCode":"MOP","numericCode":"446","name":"Macanese pataca","rate":0.068877551020405,"date":"Wed, 26 Oct 2022 11:55:01 GMT","inverseRate":14.518518518519},"bam":{"code":"BAM","alphaCode":"BAM","numericCode":"977","name":"Bosnia and Herzegovina convertible mark","rate":0.016644747657406,"date":"Wed, 26 Oct 2022 11:55:01 GMT","inverseRate":60.079012345679},"dkk":{"code":"DKK","alphaCode":"DKK","numericCode":"208","name":"Danish Krone","rate":0.063843667593109,"date":"Wed, 26 Oct 2022 11:55:01 GMT","inverseRate":15.663260550337},"lkr":{"code":"LKR","alphaCode":"LKR","numericCode":"144","name":"Sri Lanka Rupee","rate":3.1158512390583,"date":"Wed, 26 Oct 2022 11:55:01 GMT","inverseRate":0.32093958384939},"tnd":{"code":"TND","alphaCode":"TND","numericCode":"788","name":"Tunisian Dinar","rate":0.027594806173576,"date":"Wed, 26 Oct 2022 11:55:01 GMT","inverseRate":36.238703533913},"twd":{"code":"TWD","alphaCode":"TWD","numericCode":"901","name":"New Taiwan Dollar ","rate":0.27485011840159,"date":"Wed, 26 Oct 2022 11:55:01 GMT","inverseRate":3.6383466225723},"iqd":{"code":"IQD","alphaCode":"IQD","numericCode":"368","name":"Iraqi dinar","rate":12.432794179266,"date":"Wed, 26 Oct 2022 11:55:01 GMT","inverseRate":0.080432442263676},"afn":{"code":"AFN","alphaCode":"AFN","numericCode":"971","name":"Afghan afghani","rate":0.747991504294,"date":"Wed, 26 Oct 2022 11:55:01 GMT","inverseRate":1.336913580247},"nad":{"code":"NAD","alphaCode":"NAD","numericCode":"516","name":"Namibian dollar","rate":0.15381693885302,"date":"Wed, 26 Oct 2022 11:55:01 GMT","inverseRate":6.5012345679013},"syp":{"code":"SYP","alphaCode":"SYP","numericCode":"760","name":"Syrian pound","rate":21.315789473684,"date":"Wed, 26 Oct 2022 11:55:01 GMT","inverseRate":0.046913580246914},"lak":{"code":"LAK","alphaCode":"LAK","numericCode":"418","name":"Lao kip","rate":147.27272727272,"date":"Wed, 26 Oct 2022 11:55:01 GMT","inverseRate":0.0067901234567904},"gtq":{"code":"GTQ","alphaCode":"GTQ","numericCode":"320","name":"Guatemalan Quetzal","rate":0.066754573924509,"date":"Wed, 26 Oct 2022 11:55:01 GMT","inverseRate":14.98024691358},"pkr":{"code":"PKR","alphaCode":"PKR","numericCode":"586","name":"Pakistani Rupee","rate":1.8769284702107,"date":"Wed, 26 Oct 2022 11:55:01 GMT","inverseRate":0.53278535430162},"bgn":{"code":"BGN","alphaCode":"BGN","numericCode":"975","name":"Bulgarian Lev","rate":0.016770245120917,"date":"Wed, 26 Oct 2022 11:55:01 GMT","inverseRate":59.62942060714},"pen":{"code":"PEN","alphaCode":"PEN","numericCode":"604","name":"Peruvian Nuevo Sol","rate":0.034055845833993,"date":"Wed, 26 Oct 2022 11:55:01 GMT","inverseRate":29.363534380398},"tmt":{"code":"TMT","alphaCode":"TMT","numericCode":"934","name":"New Turkmenistan Manat","rate":0.029781293726819,"date":"Wed, 26 Oct 2022 11:55:01 GMT","inverseRate":33.578124885134},"svc":{"code":"SVC","alphaCode":"SVC","numericCode":"222","name":"Salvadoran colon","rate":0.074544450579788,"date":"Wed, 26 Oct 2022 11:55:01 GMT","inverseRate":13.414814814815},"xcd":{"code":"XCD","alphaCode":"XCD","numericCode":"951","name":"East Caribbean Dollar","rate":0.023083499572527,"date":"Wed, 26 Oct 2022 11:55:01 GMT","inverseRate":43.320987654322},"aoa":{"code":"AOA","alphaCode":"AOA","numericCode":"973","name":"Angolan kwanza","rate":3.7850467289719,"date":"Wed, 26 Oct 2022 11:55:01 GMT","inverseRate":0.2641975308642},"mvr":{"code":"MVR","alphaCode":"MVR","numericCode":"462","name":"Maldivian rufiyaa","rate":0.13162170945726,"date":"Wed, 26 Oct 2022 11:55:01 GMT","inverseRate":7.5975308641976},"sar":{"code":"SAR","alphaCode":"SAR","numericCode":"682","name":"Saudi Riyal","rate":0.032027026971125,"date":"Wed, 26 Oct 2022 11:55:01 GMT","inverseRate":31.223628746483},"pln":{"code":"PLN","alphaCode":"PLN","numericCode":"985","name":"Polish Zloty","rate":0.040917551829749,"date":"Wed, 26 Oct 2022 11:55:01 GMT","inverseRate":24.43938982862},"gip":{"code":"GIP","alphaCode":"GIP","numericCode":"292","name":"Gibraltar pound","rate":0.0074449576161831,"date":"Wed, 26 Oct 2022 11:55:01 GMT","inverseRate":134.31909912103},"gel":{"code":"GEL","alphaCode":"GEL","numericCode":"981","name":"Georgian lari","rate":0.023820706139812,"date":"Wed, 26 Oct 2022 11:55:01 GMT","inverseRate":41.98028362932},"mkd":{"code":"MKD","alphaCode":"MKD","numericCode":"807","name":"Macedonian denar","rate":0.52310712717314,"date":"Wed, 26 Oct 2022 11:55:01 GMT","inverseRate":1.9116543209877},"awg":{"code":"AWG","alphaCode":"AWG","numericCode":"533","name":"Aruban florin","rate":0.015411545340386,"date":"Wed, 26 Oct 2022 11:55:01 GMT","inverseRate":64.886419753086},"hnl":{"code":"HNL","alphaCode":"HNL","numericCode":"340","name":"Honduran Lempira","rate":0.21049896049895,"date":"Wed, 26 Oct 2022 11:55:01 GMT","inverseRate":4.7506172839507},"kes":{"code":"KES","alphaCode":"KES","numericCode":"404","name":"Kenyan shilling","rate":1.0327944101596,"date":"Wed, 26 Oct 2022 11:55:01 GMT","inverseRate":0.96824691358026},"bhd":{"code":"BHD","alphaCode":"BHD","numericCode":"048","name":"Bahrain Dinar","rate":0.0032053546487166,"date":"Wed, 26 Oct 2022 11:55:01 GMT","inverseRate":311.97795863256},"egp":{"code":"EGP","alphaCode":"EGP","numericCode":"818","name":"Egyptian Pound","rate":0.16783121474537,"date":"Wed, 26 Oct 2022 11:55:01 GMT","inverseRate":5.9583671697614},"hrk":{"code":"HRK","alphaCode":"HRK","numericCode":"191","name":"Croatian Kuna","rate":0.064576913416228,"date":"Wed, 26 Oct 2022 11:55:01 GMT","inverseRate":15.485410297555},"mro":{"code":"MRO","alphaCode":"MRO","numericCode":"478","name":"Mauritanian Ouguiya","rate":0.32310703076326,"date":"Wed, 26 Oct 2022 11:55:01 GMT","inverseRate":3.0949496754613},"cop":{"code":"COP","alphaCode":"COP","numericCode":"170","name":"Colombian Peso","rate":42.357287824268,"date":"Wed, 26 Oct 2022 11:55:01 GMT","inverseRate":0.023608688170706},"bbd":{"code":"BBD","alphaCode":"BBD","numericCode":"052","name":"Barbadian Dollar","rate":0.017191612191188,"date":"Wed, 26 Oct 2022 11:55:01 GMT","inverseRate":58.167901234568},"djf":{"code":"DJF","alphaCode":"DJF","numericCode":"262","name":"Djiboutian franc","rate":1.5157752909914,"date":"Wed, 26 Oct 2022 11:55:01 GMT","inverseRate":0.65972839506174},"mzn":{"code":"MZN","alphaCode":"MZN","numericCode":"943","name":"Mozambican metical","rate":0.54582210242587,"date":"Wed, 26 Oct 2022 11:55:01 GMT","inverseRate":1.8320987654321},"ugx":{"code":"UGX","alphaCode":"UGX","numericCode":"800","name":"Ugandan shilling","rate":32.477947072974,"date":"Wed, 26 Oct 2022 11:55:01 GMT","inverseRate":0.030790123456791},"hkd":{"code":"HKD","alphaCode":"HKD","numericCode":"344","name":"Hong Kong Dollar","rate":0.066877487706845,"date":"Wed, 26 Oct 2022 11:55:01 GMT","inverseRate":14.952714796696},"mad":{"code":"MAD","alphaCode":"MAD","numericCode":"504","name":"Moroccan Dirham","rate":0.092960187250338,"date":"Wed, 26 Oct 2022 11:55:01 GMT","inverseRate":10.75729330565},"myr":{"code":"MYR","alphaCode":"MYR","numericCode":"458","name":"Malaysian Ringgit","rate":0.040273160825243,"date":"Wed, 26 Oct 2022 11:55:01 GMT","inverseRate":24.830432464422},"mdl":{"code":"MDL","alphaCode":"MDL","numericCode":"498","name":"Moldova Lei","rate":0.16275908232453,"date":"Wed, 26 Oct 2022 11:55:01 GMT","inverseRate":6.144050370142},"pab":{"code":"PAB","alphaCode":"PAB","numericCode":"590","name":"Panamanian Balboa","rate":0.0085195001893221,"date":"Wed, 26 Oct 2022 11:55:01 GMT","inverseRate":117.37777777778},"fjd":{"code":"FJD","alphaCode":"FJD","numericCode":"242","name":"Fiji Dollar","rate":0.019451515297056,"date":"Wed, 26 Oct 2022 11:55:01 GMT","inverseRate":51.40987654321},"cdf":{"code":"CDF","alphaCode":"CDF","numericCode":"976","name":"Congolese franc","rate":17.494600431965,"date":"Wed, 26 Oct 2022 11:55:01 GMT","inverseRate":0.05716049382716},"top":{"code":"TOP","alphaCode":"TOP","numericCode":"776","name":"Tongan pa\u02bbanga","rate":0.020282451923077,"date":"Wed, 26 Oct 2022 11:55:01 GMT","inverseRate":49.303703703704},"vuv":{"code":"VUV","alphaCode":"VUV","numericCode":"548","name":"Vanuatu vatu","rate":1.0340865568747,"date":"Wed, 26 Oct 2022 11:55:01 GMT","inverseRate":0.96703703703708},"kwd":{"code":"KWD","alphaCode":"KWD","numericCode":"414","name":"Kuwaiti Dinar","rate":0.0026404099381657,"date":"Wed, 26 Oct 2022 11:55:01 GMT","inverseRate":378.72906988628},"thb":{"code":"THB","alphaCode":"THB","numericCode":"764","name":"Thai Baht","rate":0.32400033571025,"date":"Wed, 26 Oct 2022 11:55:01 GMT","inverseRate":3.0864165551183},"xof":{"code":"XOF","alphaCode":"XOF","numericCode":"952","name":"West African CFA Franc","rate":5.6803585598299,"date":"Wed, 26 Oct 2022 11:55:01 GMT","inverseRate":0.17604522486868},"irr":{"code":"IRR","alphaCode":"IRR","numericCode":"364","name":"Iranian rial","rate":358.1132394964,"date":"Wed, 26 Oct 2022 11:55:01 GMT","inverseRate":0.0027924128172593},"bob":{"code":"BOB","alphaCode":"BOB","numericCode":"068","name":"Bolivian Boliviano","rate":0.058702159342779,"date":"Wed, 26 Oct 2022 11:55:01 GMT","inverseRate":17.035148471468},"lrd":{"code":"LRD","alphaCode":"LRD","numericCode":"430","name":"Liberian dollar","rate":1.3064516129032,"date":"Wed, 26 Oct 2022 11:55:01 GMT","inverseRate":0.76543209876547},"sdg":{"code":"SDG","alphaCode":"SDG","numericCode":"938","name":"Sudanese pound","rate":4.8214285714286,"date":"Wed, 26 Oct 2022 11:55:01 GMT","inverseRate":0.20740740740741},"pgk":{"code":"PGK","alphaCode":"PGK","numericCode":"598","name":"Papua New Guinean kina","rate":0.030002222386843,"date":"Wed, 26 Oct 2022 11:55:01 GMT","inverseRate":33.330864197531},"bwp":{"code":"BWP","alphaCode":"BWP","numericCode":"072","name":"Botswana Pula","rate":0.11338185890257,"date":"Wed, 26 Oct 2022 11:55:01 GMT","inverseRate":8.8197530864198},"omr":{"code":"OMR","alphaCode":"OMR","numericCode":"512","name":"Omani Rial","rate":0.0032800949535801,"date":"Wed, 26 Oct 2022 11:55:01 GMT","inverseRate":304.86922304141},"ils":{"code":"ILS","alphaCode":"ILS","numericCode":"376","name":"Israeli New Sheqel","rate":0.030151423966263,"date":"Wed, 26 Oct 2022 11:55:01 GMT","inverseRate":33.165929447276},"ngn":{"code":"NGN","alphaCode":"NGN","numericCode":"566","name":"Nigerian Naira","rate":3.723490781678,"date":"Wed, 26 Oct 2022 11:55:01 GMT","inverseRate":0.26856518751722},"uzs":{"code":"UZS","alphaCode":"UZS","numericCode":"860","name":"Uzbekistan Sum","rate":94.340668899674,"date":"Wed, 26 Oct 2022 11:55:01 GMT","inverseRate":0.010599882443736},"etb":{"code":"ETB","alphaCode":"ETB","numericCode":"230","name":"Ethiopian birr","rate":0.45100222717146,"date":"Wed, 26 Oct 2022 11:55:01 GMT","inverseRate":2.2172839506174},"ttd":{"code":"TTD","alphaCode":"TTD","numericCode":"780","name":"Trinidad Tobago Dollar","rate":0.057766367137354,"date":"Wed, 26 Oct 2022 11:55:01 GMT","inverseRate":17.311111111112},"zmw":{"code":"ZMW","alphaCode":"ZMW","numericCode":"967","name":"Zambian kwacha","rate":0.13687056437986,"date":"Wed, 26 Oct 2022 11:55:01 GMT","inverseRate":7.3061728395063},"khr":{"code":"KHR","alphaCode":"KHR","numericCode":"116","name":"Cambodian riel","rate":35.248041775456,"date":"Wed, 26 Oct 2022 11:55:01 GMT","inverseRate":0.028370370370371},"sek":{"code":"SEK","alphaCode":"SEK","numericCode":"752","name":"Swedish Krona","rate":0.09397723209012,"date":"Wed, 26 Oct 2022 11:55:01 GMT","inverseRate":10.640875217957},"sgd":{"code":"SGD","alphaCode":"SGD","numericCode":"702","name":"Singapore Dollar","rate":0.012074525290321,"date":"Wed, 26 Oct 2022 11:55:01 GMT","inverseRate":82.818990888329},"huf":{"code":"HUF","alphaCode":"HUF","numericCode":"348","name":"Hungarian Forint","rate":3.5318101760245,"date":"Wed, 26 Oct 2022 11:55:01 GMT","inverseRate":0.28314092495356},"byn":{"code":"BYN","alphaCode":"BYN","numericCode":"933","name":"Belarussian Ruble","rate":0.025437112056232,"date":"Wed, 26 Oct 2022 11:55:01 GMT","inverseRate":39.312638863617},"tjs":{"code":"TJS","alphaCode":"TJS","numericCode":"972","name":"Tajikistan Ruble","rate":0.08643768597189,"date":"Wed, 26 Oct 2022 11:55:01 GMT","inverseRate":11.569027892825},"gmd":{"code":"GMD","alphaCode":"GMD","numericCode":"270","name":"Gambian dalasi","rate":0.51007556675062,"date":"Wed, 26 Oct 2022 11:55:01 GMT","inverseRate":1.9604938271605},"cve":{"code":"CVE","alphaCode":"CVE","numericCode":"132","name":"Cape Verde escudo","rate":0.9396751740139,"date":"Wed, 26 Oct 2022 11:55:01 GMT","inverseRate":1.0641975308642},"scr":{"code":"SCR","alphaCode":"SCR","numericCode":"690","name":"Seychelles rupee","rate":0.11083743842365,"date":"Wed, 26 Oct 2022 11:55:01 GMT","inverseRate":9.0222222222222},"dop":{"code":"DOP","alphaCode":"DOP","numericCode":"214","name":"Dominican Peso","rate":0.45766035791571,"date":"Wed, 26 Oct 2022 11:55:01 GMT","inverseRate":2.1850264780507},"cny":{"code":"CNY","alphaCode":"CNY","numericCode":"156","name":"Chinese Yuan","rate":0.061990539571395,"date":"Wed, 26 Oct 2022 11:55:01 GMT","inverseRate":16.131493723301},"isk":{"code":"ISK","alphaCode":"ISK","numericCode":"352","name":"Icelandic Krona","rate":1.2329266623105,"date":"Wed, 26 Oct 2022 11:55:01 GMT","inverseRate":0.81107825028783},"lyd":{"code":"LYD","alphaCode":"LYD","numericCode":"434","name":"Libyan Dinar","rate":0.042629944462495,"date":"Wed, 26 Oct 2022 11:55:01 GMT","inverseRate":23.457689485845},"clp":{"code":"CLP","alphaCode":"CLP","numericCode":"152","name":"Chilean Peso","rate":8.2259153139737,"date":"Wed, 26 Oct 2022 11:55:01 GMT","inverseRate":0.12156701860293},"bsd":{"code":"BSD","alphaCode":"BSD","numericCode":"044","name":"Bahamian Dollar","rate":0.0085195001893221,"date":"Wed, 26 Oct 2022 11:55:01 GMT","inverseRate":117.37777777778},"xpf":{"code":"XPF","alphaCode":"XPF","numericCode":"953","name":"CFP Franc","rate":1.0177925211098,"date":"Wed, 26 Oct 2022 11:55:01 GMT","inverseRate":0.98251851851851}}