{"usd":{"code":"USD","alphaCode":"USD","numericCode":"840","name":"U.S. Dollar","rate":0.0024730436234907,"date":"Wed, 26 Oct 2022 11:55:01 GMT","inverseRate":404.36003251269},"eur":{"code":"EUR","alphaCode":"EUR","numericCode":"978","name":"Euro","rate":0.002471347547822,"date":"Wed, 26 Oct 2022 11:55:01 GMT","inverseRate":404.63754314171},"gbp":{"code":"GBP","alphaCode":"GBP","numericCode":"826","name":"U.K. Pound Sterling","rate":0.0021420936669814,"date":"Wed, 26 Oct 2022 11:55:01 GMT","inverseRate":466.83299400683},"cad":{"code":"CAD","alphaCode":"CAD","numericCode":"124","name":"Canadian Dollar","rate":0.0033685374050841,"date":"Wed, 26 Oct 2022 11:55:01 GMT","inverseRate":296.86474565808},"jpy":{"code":"JPY","alphaCode":"JPY","numericCode":"392","name":"Japanese Yen","rate":0.3645712465755,"date":"Wed, 26 Oct 2022 11:55:01 GMT","inverseRate":2.7429480777577},"aud":{"code":"AUD","alphaCode":"AUD","numericCode":"036","name":"Australian Dollar","rate":0.0038677119611559,"date":"Wed, 26 Oct 2022 11:55:01 GMT","inverseRate":258.55079438262},"chf":{"code":"CHF","alphaCode":"CHF","numericCode":"756","name":"Swiss Franc","rate":0.0024470703415316,"date":"Wed, 26 Oct 2022 11:55:01 GMT","inverseRate":408.65192267996},"lsl":{"code":"LSL","alphaCode":"LSL","numericCode":"426","name":"Lesotho loti","rate":0.044650037133879,"date":"Wed, 26 Oct 2022 11:55:01 GMT","inverseRate":22.39639794703},"tzs":{"code":"TZS","alphaCode":"TZS","numericCode":"834","name":"Tanzanian shilling","rate":5.762919008505,"date":"Wed, 26 Oct 2022 11:55:01 GMT","inverseRate":0.17352317437121},"ang":{"code":"ANG","alphaCode":"ANG","numericCode":"532","name":"Neth. Antillean Guilder","rate":0.0044295100786047,"date":"Wed, 26 Oct 2022 11:55:01 GMT","inverseRate":225.7586013474},"lbp":{"code":"LBP","alphaCode":"LBP","numericCode":"422","name":"Lebanese Pound","rate":3.7356942874197,"date":"Wed, 26 Oct 2022 11:55:01 GMT","inverseRate":0.26768785748009},"mxn":{"code":"MXN","alphaCode":"MXN","numericCode":"484","name":"Mexican Peso","rate":0.049155096554092,"date":"Wed, 26 Oct 2022 11:55:01 GMT","inverseRate":20.343770434864},"kzt":{"code":"KZT","alphaCode":"KZT","numericCode":"398","name":"Kazakhstani Tenge","rate":1.1692727381441,"date":"Wed, 26 Oct 2022 11:55:01 GMT","inverseRate":0.85523245978286},"htg":{"code":"HTG","alphaCode":"HTG","numericCode":"332","name":"Haitian gourde","rate":0.30898470573894,"date":"Wed, 26 Oct 2022 11:55:01 GMT","inverseRate":3.2364061438203},"bnd":{"code":"BND","alphaCode":"BND","numericCode":"096","name":"Brunei Dollar","rate":0.0034818169042944,"date":"Wed, 26 Oct 2022 11:55:01 GMT","inverseRate":287.20637169825},"kmf":{"code":"KMF","alphaCode":"KMF","numericCode":"174","name":"\tComoro franc","rate":1.2310319138587,"date":"Wed, 26 Oct 2022 11:55:01 GMT","inverseRate":0.81232662512012},"mru":{"code":"MRU","alphaCode":"MRU","numericCode":"929","name":"Mauritanian ouguiya","rate":0.093825656642859,"date":"Wed, 26 Oct 2022 11:55:01 GMT","inverseRate":10.658065563095},"mnt":{"code":"MNT","alphaCode":"MNT","numericCode":"496","name":"Mongolian togrog","rate":8.3973962695357,"date":"Wed, 26 Oct 2022 11:55:01 GMT","inverseRate":0.11908453143123},"jod":{"code":"JOD","alphaCode":"JOD","numericCode":"400","name":"Jordanian Dinar","rate":0.0017533211892357,"date":"Wed, 26 Oct 2022 11:55:01 GMT","inverseRate":570.34615570687},"php":{"code":"PHP","alphaCode":"PHP","numericCode":"608","name":"Philippine Peso","rate":0.14537736187299,"date":"Wed, 26 Oct 2022 11:55:01 GMT","inverseRate":6.8786500670829},"xaf":{"code":"XAF","alphaCode":"XAF","numericCode":"950","name":"Central African CFA Franc","rate":1.6499288471776,"date":"Wed, 26 Oct 2022 11:55:01 GMT","inverseRate":0.60608674229231},"uyu":{"code":"UYU","alphaCode":"UYU","numericCode":"858","name":"Uruguayan Peso","rate":0.1018041647703,"date":"Wed, 26 Oct 2022 11:55:01 GMT","inverseRate":9.8227808484683},"jmd":{"code":"JMD","alphaCode":"JMD","numericCode":"388","name":"Jamaican Dollar","rate":0.37923725088225,"date":"Wed, 26 Oct 2022 11:55:01 GMT","inverseRate":2.6368717674058},"ssp":{"code":"SSP","alphaCode":"SSP","numericCode":"728","name":"South Sudanese pound","rate":1.5076115385163,"date":"Wed, 26 Oct 2022 11:55:01 GMT","inverseRate":0.66330084007192},"ghs":{"code":"GHS","alphaCode":"GHS","numericCode":"936","name":"Ghanaian Cedi","rate":0.034669285689621,"date":"Wed, 26 Oct 2022 11:55:01 GMT","inverseRate":28.843974720234},"cup":{"code":"CUP","alphaCode":"CUP","numericCode":"192","name":"Cuban peso","rate":0.0024730436234907,"date":"Wed, 26 Oct 2022 11:55:01 GMT","inverseRate":404.36003251269},"nzd":{"code":"NZD","alphaCode":"NZD","numericCode":"554","name":"New Zealand Dollar","rate":0.0043043127098727,"date":"Wed, 26 Oct 2022 11:55:01 GMT","inverseRate":232.3251277042},"try":{"code":"TRY","alphaCode":"TRY","numericCode":"949","name":"Turkish Lira","rate":0.045998540180885,"date":"Wed, 26 Oct 2022 11:55:01 GMT","inverseRate":21.739820352289},"vnd":{"code":"VND","alphaCode":"VND","numericCode":"704","name":"Vietnamese Dong","rate":61.394633806631,"date":"Wed, 26 Oct 2022 11:55:01 GMT","inverseRate":0.016288068484122},"kgs":{"code":"KGS","alphaCode":"KGS","numericCode":"417","name":"Kyrgyzstan Som","rate":0.20136942965069,"date":"Wed, 26 Oct 2022 11:55:01 GMT","inverseRate":4.965997081755},"mga":{"code":"MGA","alphaCode":"MGA","numericCode":"969","name":"Malagasy ariary","rate":10.56276260319,"date":"Wed, 26 Oct 2022 11:55:01 GMT","inverseRate":0.094672202487825},"srd":{"code":"SRD","alphaCode":"SRD","numericCode":"968","name":"Surinamese dollar","rate":0.072480608984896,"date":"Wed, 26 Oct 2022 11:55:01 GMT","inverseRate":13.796793570104},"mwk":{"code":"MWK","alphaCode":"MWK","numericCode":"454","name":"Malawian kwacha","rate":2.5386212000324,"date":"Wed, 26 Oct 2022 11:55:01 GMT","inverseRate":0.39391461789858},"yer":{"code":"YER","alphaCode":"YER","numericCode":"886","name":"Yemeni rial","rate":0.61833244502972,"date":"Wed, 26 Oct 2022 11:55:01 GMT","inverseRate":1.6172529972156},"nok":{"code":"NOK","alphaCode":"NOK","numericCode":"578","name":"Norwegian Krone","rate":0.025805237654922,"date":"Wed, 26 Oct 2022 11:55:01 GMT","inverseRate":38.751822919533},"qar":{"code":"QAR","alphaCode":"QAR","numericCode":"634","name":"Qatari Rial","rate":0.0090928828645878,"date":"Wed, 26 Oct 2022 11:55:01 GMT","inverseRate":109.97612252265},"czk":{"code":"CZK","alphaCode":"CZK","numericCode":"203","name":"Czech Koruna","rate":0.060998507877872,"date":"Wed, 26 Oct 2022 11:55:01 GMT","inverseRate":16.393843633063},"rub":{"code":"RUB","alphaCode":"RUB","numericCode":"643","name":"Russian Rouble","rate":0.15877916050201,"date":"Wed, 26 Oct 2022 11:55:01 GMT","inverseRate":6.2980557198963},"rsd":{"code":"RSD","alphaCode":"RSD","numericCode":"941","name":"Serbian Dinar","rate":0.29002608396753,"date":"Wed, 26 Oct 2022 11:55:01 GMT","inverseRate":3.4479657357714},"nio":{"code":"NIO","alphaCode":"NIO","numericCode":"558","name":"Nicaraguan C\u00f3rdoba","rate":0.088995872652158,"date":"Wed, 26 Oct 2022 11:55:01 GMT","inverseRate":11.236476144332},"sbd":{"code":"SBD","alphaCode":"SBD","numericCode":"090","name":"Solomon Islands dollar","rate":0.020199922297852,"date":"Wed, 26 Oct 2022 11:55:01 GMT","inverseRate":49.505140923554},"mmk":{"code":"MMK","alphaCode":"MMK","numericCode":"104","name":"Myanma Kyat","rate":5.1904436103092,"date":"Wed, 26 Oct 2022 11:55:01 GMT","inverseRate":0.1926617597798},"mur":{"code":"MUR","alphaCode":"MUR","numericCode":"480","name":"Mauritian Rupee","rate":0.10885513682732,"date":"Wed, 26 Oct 2022 11:55:01 GMT","inverseRate":9.1865209961231},"ves":{"code":"VES","alphaCode":"VES","numericCode":"928","name":"Venezuelan Bolivar","rate":0.020612033724612,"date":"Wed, 26 Oct 2022 11:55:01 GMT","inverseRate":48.515348527009},"bdt":{"code":"BDT","alphaCode":"BDT","numericCode":"050","name":"Bangladeshi taka","rate":0.25114559893516,"date":"Wed, 26 Oct 2022 11:55:01 GMT","inverseRate":3.981754027305},"ron":{"code":"RON","alphaCode":"RON","numericCode":"946","name":"Romanian New Leu","rate":0.012178700475468,"date":"Wed, 26 Oct 2022 11:55:01 GMT","inverseRate":82.110566888015},"dzd":{"code":"DZD","alphaCode":"DZD","numericCode":"012","name":"Algerian Dinar","rate":0.34710141624785,"date":"Wed, 26 Oct 2022 11:55:01 GMT","inverseRate":2.8810023618168},"ars":{"code":"ARS","alphaCode":"ARS","numericCode":"032","name":"Argentine Peso","rate":0.38321071787303,"date":"Wed, 26 Oct 2022 11:55:01 GMT","inverseRate":2.6095303533012},"stn":{"code":"STN","alphaCode":"STN","numericCode":"930","name":"S\u00e3o Tom\u00e9 and Pr\u00edncipe Dobra","rate":0.060976943865923,"date":"Wed, 26 Oct 2022 11:55:01 GMT","inverseRate":16.399641185672},"bif":{"code":"BIF","alphaCode":"BIF","numericCode":"108","name":"Burundian franc","rate":5.1092371913734,"date":"Wed, 26 Oct 2022 11:55:01 GMT","inverseRate":0.19572393344518},"szl":{"code":"SZL","alphaCode":"SZL","numericCode":"748","name":"Swazi lilangeni","rate":0.044650037133879,"date":"Wed, 26 Oct 2022 11:55:01 GMT","inverseRate":22.39639794703},"sos":{"code":"SOS","alphaCode":"SOS","numericCode":"706","name":"Somali shilling","rate":1.4050860257381,"date":"Wed, 26 Oct 2022 11:55:01 GMT","inverseRate":0.71170019606075},"aed":{"code":"AED","alphaCode":"AED","numericCode":"784","name":"U.A.E Dirham","rate":0.00908338052761,"date":"Wed, 26 Oct 2022 11:55:01 GMT","inverseRate":110.09117111855},"idr":{"code":"IDR","alphaCode":"IDR","numericCode":"360","name":"Indonesian Rupiah","rate":38.623724462934,"date":"Wed, 26 Oct 2022 11:55:01 GMT","inverseRate":0.025890822646057},"krw":{"code":"KRW","alphaCode":"KRW","numericCode":"410","name":"South Korean Won","rate":3.5310955185114,"date":"Wed, 26 Oct 2022 11:55:01 GMT","inverseRate":0.28319822977249},"uah":{"code":"UAH","alphaCode":"UAH","numericCode":"980","name":"Ukrainian Hryvnia","rate":0.091435491636597,"date":"Wed, 26 Oct 2022 11:55:01 GMT","inverseRate":10.936672205738},"crc":{"code":"CRC","alphaCode":"CRC","numericCode":"188","name":"Costa Rican Col\u00f3n","rate":1.5436401451859,"date":"Wed, 26 Oct 2022 11:55:01 GMT","inverseRate":0.64781937883558},"bzd":{"code":"BZD","alphaCode":"BZD","numericCode":"084","name":"Belize dollar","rate":0.0049819284589161,"date":"Wed, 26 Oct 2022 11:55:01 GMT","inverseRate":200.72548376529},"gnf":{"code":"GNF","alphaCode":"GNF","numericCode":"324","name":"Guinean franc","rate":21.297744161867,"date":"Wed, 26 Oct 2022 11:55:01 GMT","inverseRate":0.046953329535739},"ern":{"code":"ERN","alphaCode":"ERN","numericCode":"232","name":"Eritrean nakfa","rate":0.037262614191285,"date":"Wed, 26 Oct 2022 11:55:01 GMT","inverseRate":26.836549761822},"wst":{"code":"WST","alphaCode":"WST","numericCode":"882","name":"Samoan tala","rate":0.0069098123764841,"date":"Wed, 26 Oct 2022 11:55:01 GMT","inverseRate":144.72172984078},"brl":{"code":"BRL","alphaCode":"BRL","numericCode":"986","name":"Brazilian Real","rate":0.013135017173887,"date":"Wed, 26 Oct 2022 11:55:01 GMT","inverseRate":76.13237095632},"inr":{"code":"INR","alphaCode":"INR","numericCode":"356","name":"Indian Rupee","rate":0.20410414688338,"date":"Wed, 26 Oct 2022 11:55:01 GMT","inverseRate":4.8994594929585},"npr":{"code":"NPR","alphaCode":"NPR","numericCode":"524","name":"Nepalese Rupee","rate":0.32735159598335,"date":"Wed, 26 Oct 2022 11:55:01 GMT","inverseRate":3.0548193815767},"zar":{"code":"ZAR","alphaCode":"ZAR","numericCode":"710","name":"South African Rand","rate":0.04523943091133,"date":"Wed, 26 Oct 2022 11:55:01 GMT","inverseRate":22.104610510243},"azn":{"code":"AZN","alphaCode":"AZN","numericCode":"944","name":"Azerbaijan Manat","rate":0.0041969654492607,"date":"Wed, 26 Oct 2022 11:55:01 GMT","inverseRate":238.26738916236},"pyg":{"code":"PYG","alphaCode":"PYG","numericCode":"600","name":"Paraguayan Guaran\u00ed","rate":17.875986630159,"date":"Wed, 26 Oct 2022 11:55:01 GMT","inverseRate":0.055940968221181},"gyd":{"code":"GYD","alphaCode":"GYD","numericCode":"328","name":"Guyanese dollar","rate":0.51708105107979,"date":"Wed, 26 Oct 2022 11:55:01 GMT","inverseRate":1.9339327904431},"rwf":{"code":"RWF","alphaCode":"RWF","numericCode":"646","name":"Rwandan franc","rate":2.6365451395717,"date":"Wed, 26 Oct 2022 11:55:01 GMT","inverseRate":0.37928423260845},"mop":{"code":"MOP","alphaCode":"MOP","numericCode":"446","name":"Macanese pataca","rate":0.019993800641751,"date":"Wed, 26 Oct 2022 11:55:01 GMT","inverseRate":50.015503201117},"bam":{"code":"BAM","alphaCode":"BAM","numericCode":"977","name":"Bosnia and Herzegovina convertible mark","rate":0.0048316434232082,"date":"Wed, 26 Oct 2022 11:55:01 GMT","inverseRate":206.96891562747},"dkk":{"code":"DKK","alphaCode":"DKK","numericCode":"208","name":"Danish Krone","rate":0.018532563123748,"date":"Wed, 26 Oct 2022 11:55:01 GMT","inverseRate":53.959076967533},"lkr":{"code":"LKR","alphaCode":"LKR","numericCode":"144","name":"Sri Lanka Rupee","rate":0.90447043456337,"date":"Wed, 26 Oct 2022 11:55:01 GMT","inverseRate":1.1056193345698},"tnd":{"code":"TND","alphaCode":"TND","numericCode":"788","name":"Tunisian Dinar","rate":0.0080102304046611,"date":"Wed, 26 Oct 2022 11:55:01 GMT","inverseRate":124.84035408246},"twd":{"code":"TWD","alphaCode":"TWD","numericCode":"901","name":"New Taiwan Dollar ","rate":0.079783592654958,"date":"Wed, 26 Oct 2022 11:55:01 GMT","inverseRate":12.533905364788},"iqd":{"code":"IQD","alphaCode":"IQD","numericCode":"368","name":"Iraqi dinar","rate":3.6089960307464,"date":"Wed, 26 Oct 2022 11:55:01 GMT","inverseRate":0.27708536985927},"afn":{"code":"AFN","alphaCode":"AFN","numericCode":"971","name":"Afghan afghani","rate":0.21712724678825,"date":"Wed, 26 Oct 2022 11:55:01 GMT","inverseRate":4.6055942531027},"nad":{"code":"NAD","alphaCode":"NAD","numericCode":"516","name":"Namibian dollar","rate":0.044650037133879,"date":"Wed, 26 Oct 2022 11:55:01 GMT","inverseRate":22.39639794703},"syp":{"code":"SYP","alphaCode":"SYP","numericCode":"760","name":"Syrian pound","rate":6.1875551459737,"date":"Wed, 26 Oct 2022 11:55:01 GMT","inverseRate":0.16161472122809},"lak":{"code":"LAK","alphaCode":"LAK","numericCode":"418","name":"Lao kip","rate":42.750381008545,"date":"Wed, 26 Oct 2022 11:55:01 GMT","inverseRate":0.023391604388277},"gtq":{"code":"GTQ","alphaCode":"GTQ","numericCode":"320","name":"Guatemalan Quetzal","rate":0.019377542075738,"date":"Wed, 26 Oct 2022 11:55:01 GMT","inverseRate":51.606132299518},"pkr":{"code":"PKR","alphaCode":"PKR","numericCode":"586","name":"Pakistani Rupee","rate":0.544835481173,"date":"Wed, 26 Oct 2022 11:55:01 GMT","inverseRate":1.8354164413945},"bgn":{"code":"BGN","alphaCode":"BGN","numericCode":"975","name":"Bulgarian Lev","rate":0.0048680728727069,"date":"Wed, 26 Oct 2022 11:55:01 GMT","inverseRate":205.4200966478},"pen":{"code":"PEN","alphaCode":"PEN","numericCode":"604","name":"Peruvian Nuevo Sol","rate":0.009885743354745,"date":"Wed, 26 Oct 2022 11:55:01 GMT","inverseRate":101.15577191472},"tmt":{"code":"TMT","alphaCode":"TMT","numericCode":"934","name":"New Turkmenistan Manat","rate":0.0086449248094066,"date":"Wed, 26 Oct 2022 11:55:01 GMT","inverseRate":115.6748059754},"svc":{"code":"SVC","alphaCode":"SVC","numericCode":"222","name":"Salvadoran colon","rate":0.021638790313547,"date":"Wed, 26 Oct 2022 11:55:01 GMT","inverseRate":46.213304233276},"xcd":{"code":"XCD","alphaCode":"XCD","numericCode":"951","name":"East Caribbean Dollar","rate":0.0067006866784555,"date":"Wed, 26 Oct 2022 11:55:01 GMT","inverseRate":149.23843599721},"aoa":{"code":"AOA","alphaCode":"AOA","numericCode":"973","name":"Angolan kwanza","rate":1.0987247455467,"date":"Wed, 26 Oct 2022 11:55:01 GMT","inverseRate":0.91014606165294},"mvr":{"code":"MVR","alphaCode":"MVR","numericCode":"462","name":"Maldivian rufiyaa","rate":0.038207197846442,"date":"Wed, 26 Oct 2022 11:55:01 GMT","inverseRate":26.173078800992},"sar":{"code":"SAR","alphaCode":"SAR","numericCode":"682","name":"Saudi Riyal","rate":0.0092968170749707,"date":"Wed, 26 Oct 2022 11:55:01 GMT","inverseRate":107.56369539552},"pln":{"code":"PLN","alphaCode":"PLN","numericCode":"985","name":"Polish Zloty","rate":0.011877561874843,"date":"Wed, 26 Oct 2022 11:55:01 GMT","inverseRate":84.192362922395},"gip":{"code":"GIP","alphaCode":"GIP","numericCode":"292","name":"Gibraltar pound","rate":0.0021611250132885,"date":"Wed, 26 Oct 2022 11:55:01 GMT","inverseRate":462.72195909589},"gel":{"code":"GEL","alphaCode":"GEL","numericCode":"981","name":"Georgian lari","rate":0.0069146832697936,"date":"Wed, 26 Oct 2022 11:55:01 GMT","inverseRate":144.61978386898},"mkd":{"code":"MKD","alphaCode":"MKD","numericCode":"807","name":"Macedonian denar","rate":0.15184772774341,"date":"Wed, 26 Oct 2022 11:55:01 GMT","inverseRate":6.5855447089061},"awg":{"code":"AWG","alphaCode":"AWG","numericCode":"533","name":"Aruban florin","rate":0.0044736690046617,"date":"Wed, 26 Oct 2022 11:55:01 GMT","inverseRate":223.53017153437},"hnl":{"code":"HNL","alphaCode":"HNL","numericCode":"340","name":"Honduran Lempira","rate":0.061103715058992,"date":"Wed, 26 Oct 2022 11:55:01 GMT","inverseRate":16.365617033834},"kes":{"code":"KES","alphaCode":"KES","numericCode":"404","name":"Kenyan shilling","rate":0.29979993821977,"date":"Wed, 26 Oct 2022 11:55:01 GMT","inverseRate":3.3355577253886},"bhd":{"code":"BHD","alphaCode":"BHD","numericCode":"048","name":"Bahrain Dinar","rate":0.00093045151697633,"date":"Wed, 26 Oct 2022 11:55:01 GMT","inverseRate":1074.7470252396},"egp":{"code":"EGP","alphaCode":"EGP","numericCode":"818","name":"Egyptian Pound","rate":0.048718106253339,"date":"Wed, 26 Oct 2022 11:55:01 GMT","inverseRate":20.526249415359},"hrk":{"code":"HRK","alphaCode":"HRK","numericCode":"191","name":"Croatian Kuna","rate":0.018745409988825,"date":"Wed, 26 Oct 2022 11:55:01 GMT","inverseRate":53.346392562028},"mro":{"code":"MRO","alphaCode":"MRO","numericCode":"478","name":"Mauritanian Ouguiya","rate":0.093791626782941,"date":"Wed, 26 Oct 2022 11:55:01 GMT","inverseRate":10.661932565838},"cop":{"code":"COP","alphaCode":"COP","numericCode":"170","name":"Colombian Peso","rate":12.295488964653,"date":"Wed, 26 Oct 2022 11:55:01 GMT","inverseRate":0.081330641089168},"bbd":{"code":"BBD","alphaCode":"BBD","numericCode":"052","name":"Barbadian Dollar","rate":0.0049903874596104,"date":"Wed, 26 Oct 2022 11:55:01 GMT","inverseRate":200.38524224691},"djf":{"code":"DJF","alphaCode":"DJF","numericCode":"262","name":"Djiboutian franc","rate":0.43999980453423,"date":"Wed, 26 Oct 2022 11:55:01 GMT","inverseRate":2.2727282823649},"mzn":{"code":"MZN","alphaCode":"MZN","numericCode":"943","name":"Mozambican metical","rate":0.15844143904785,"date":"Wed, 26 Oct 2022 11:55:01 GMT","inverseRate":6.311480165855},"ugx":{"code":"UGX","alphaCode":"UGX","numericCode":"800","name":"Ugandan shilling","rate":9.4277103266641,"date":"Wed, 26 Oct 2022 11:55:01 GMT","inverseRate":0.10607029335339},"hkd":{"code":"HKD","alphaCode":"HKD","numericCode":"344","name":"Hong Kong Dollar","rate":0.019413221533322,"date":"Wed, 26 Oct 2022 11:55:01 GMT","inverseRate":51.511285660833},"mad":{"code":"MAD","alphaCode":"MAD","numericCode":"504","name":"Moroccan Dirham","rate":0.026984517073676,"date":"Wed, 26 Oct 2022 11:55:01 GMT","inverseRate":37.058287805177},"myr":{"code":"MYR","alphaCode":"MYR","numericCode":"458","name":"Malaysian Ringgit","rate":0.011690507818934,"date":"Wed, 26 Oct 2022 11:55:01 GMT","inverseRate":85.53948344146},"mdl":{"code":"MDL","alphaCode":"MDL","numericCode":"498","name":"Moldova Lei","rate":0.047245765803534,"date":"Wed, 26 Oct 2022 11:55:01 GMT","inverseRate":21.165917897455},"pab":{"code":"PAB","alphaCode":"PAB","numericCode":"590","name":"Panamanian Balboa","rate":0.0024730436234907,"date":"Wed, 26 Oct 2022 11:55:01 GMT","inverseRate":404.36003251269},"fjd":{"code":"FJD","alphaCode":"FJD","numericCode":"242","name":"Fiji Dollar","rate":0.0056463929577591,"date":"Wed, 26 Oct 2022 11:55:01 GMT","inverseRate":177.10421635211},"cdf":{"code":"CDF","alphaCode":"CDF","numericCode":"976","name":"Congolese franc","rate":5.0783389966956,"date":"Wed, 26 Oct 2022 11:55:01 GMT","inverseRate":0.19691477875949},"top":{"code":"TOP","alphaCode":"TOP","numericCode":"776","name":"Tongan pa\u02bbanga","rate":0.0058875975447467,"date":"Wed, 26 Oct 2022 11:55:01 GMT","inverseRate":169.84856597277},"vuv":{"code":"VUV","alphaCode":"VUV","numericCode":"548","name":"Vanuatu vatu","rate":0.3001750230397,"date":"Wed, 26 Oct 2022 11:55:01 GMT","inverseRate":3.3313897667887},"kwd":{"code":"KWD","alphaCode":"KWD","numericCode":"414","name":"Kuwaiti Dinar","rate":0.00076645916026464,"date":"Wed, 26 Oct 2022 11:55:01 GMT","inverseRate":1304.7009571322},"thb":{"code":"THB","alphaCode":"THB","numericCode":"764","name":"Thai Baht","rate":0.094050935668897,"date":"Wed, 26 Oct 2022 11:55:01 GMT","inverseRate":10.632536432391},"xof":{"code":"XOF","alphaCode":"XOF","numericCode":"952","name":"West African CFA Franc","rate":1.648896555356,"date":"Wed, 26 Oct 2022 11:55:01 GMT","inverseRate":0.60646618294625},"irr":{"code":"IRR","alphaCode":"IRR","numericCode":"364","name":"Iranian rial","rate":103.95324182681,"date":"Wed, 26 Oct 2022 11:55:01 GMT","inverseRate":0.0096197096158485},"bob":{"code":"BOB","alphaCode":"BOB","numericCode":"068","name":"Bolivian Boliviano","rate":0.017040084232846,"date":"Wed, 26 Oct 2022 11:55:01 GMT","inverseRate":58.685155914455},"lrd":{"code":"LRD","alphaCode":"LRD","numericCode":"430","name":"Liberian dollar","rate":0.37923725088225,"date":"Wed, 26 Oct 2022 11:55:01 GMT","inverseRate":2.6368717674058},"sdg":{"code":"SDG","alphaCode":"SDG","numericCode":"938","name":"Sudanese pound","rate":1.3995660449227,"date":"Wed, 26 Oct 2022 11:55:01 GMT","inverseRate":0.71450718858735},"pgk":{"code":"PGK","alphaCode":"PGK","numericCode":"598","name":"Papua New Guinean kina","rate":0.0087090560614491,"date":"Wed, 26 Oct 2022 11:55:01 GMT","inverseRate":114.82300641358},"bwp":{"code":"BWP","alphaCode":"BWP","numericCode":"072","name":"Botswana Pula","rate":0.032912527372201,"date":"Wed, 26 Oct 2022 11:55:01 GMT","inverseRate":30.383567590881},"omr":{"code":"OMR","alphaCode":"OMR","numericCode":"512","name":"Omani Rial","rate":0.00095214715994281,"date":"Wed, 26 Oct 2022 11:55:01 GMT","inverseRate":1050.2578194531},"ils":{"code":"ILS","alphaCode":"ILS","numericCode":"376","name":"Israeli New Sheqel","rate":0.0087523663503629,"date":"Wed, 26 Oct 2022 11:55:01 GMT","inverseRate":114.25481520875},"ngn":{"code":"NGN","alphaCode":"NGN","numericCode":"566","name":"Nigerian Naira","rate":1.0808562627062,"date":"Wed, 26 Oct 2022 11:55:01 GMT","inverseRate":0.92519240023301},"uzs":{"code":"UZS","alphaCode":"UZS","numericCode":"860","name":"Uzbekistan Sum","rate":27.385243790546,"date":"Wed, 26 Oct 2022 11:55:01 GMT","inverseRate":0.036516015984683},"etb":{"code":"ETB","alphaCode":"ETB","numericCode":"230","name":"Ethiopian birr","rate":0.1309170910618,"date":"Wed, 26 Oct 2022 11:55:01 GMT","inverseRate":7.6384220875176},"ttd":{"code":"TTD","alphaCode":"TTD","numericCode":"780","name":"Trinidad Tobago Dollar","rate":0.01676844213001,"date":"Wed, 26 Oct 2022 11:55:01 GMT","inverseRate":59.635832133167},"zmw":{"code":"ZMW","alphaCode":"ZMW","numericCode":"967","name":"Zambian kwacha","rate":0.039730837368537,"date":"Wed, 26 Oct 2022 11:55:01 GMT","inverseRate":25.169366321786},"khr":{"code":"KHR","alphaCode":"KHR","numericCode":"116","name":"Cambodian riel","rate":10.231814427633,"date":"Wed, 26 Oct 2022 11:55:01 GMT","inverseRate":0.0977343761532},"sek":{"code":"SEK","alphaCode":"SEK","numericCode":"752","name":"Swedish Krona","rate":0.02727974522086,"date":"Wed, 26 Oct 2022 11:55:01 GMT","inverseRate":36.657233852584},"sgd":{"code":"SGD","alphaCode":"SGD","numericCode":"702","name":"Singapore Dollar","rate":0.0035049976069408,"date":"Wed, 26 Oct 2022 11:55:01 GMT","inverseRate":285.30689950251},"huf":{"code":"HUF","alphaCode":"HUF","numericCode":"348","name":"Hungarian Forint","rate":1.025215146558,"date":"Wed, 26 Oct 2022 11:55:01 GMT","inverseRate":0.97540501948036},"byn":{"code":"BYN","alphaCode":"BYN","numericCode":"933","name":"Belarussian Ruble","rate":0.0073838941689946,"date":"Wed, 26 Oct 2022 11:55:01 GMT","inverseRate":135.42989337511},"tjs":{"code":"TJS","alphaCode":"TJS","numericCode":"972","name":"Tajikistan Ruble","rate":0.025091163022685,"date":"Wed, 26 Oct 2022 11:55:01 GMT","inverseRate":39.854669115812},"gmd":{"code":"GMD","alphaCode":"GMD","numericCode":"270","name":"Gambian dalasi","rate":0.14806492162909,"date":"Wed, 26 Oct 2022 11:55:01 GMT","inverseRate":6.7537941397425},"cve":{"code":"CVE","alphaCode":"CVE","numericCode":"132","name":"Cape Verde escudo","rate":0.27276925237471,"date":"Wed, 26 Oct 2022 11:55:01 GMT","inverseRate":3.6661023604899},"all":{"code":"ALL","alphaCode":"ALL","numericCode":"008","name":"Albanian lek","rate":0.29028036487285,"date":"Wed, 26 Oct 2022 11:55:01 GMT","inverseRate":3.4449453735461},"scr":{"code":"SCR","alphaCode":"SCR","numericCode":"690","name":"Seychelles rupee","rate":0.032173932067187,"date":"Wed, 26 Oct 2022 11:55:01 GMT","inverseRate":31.08106270355},"dop":{"code":"DOP","alphaCode":"DOP","numericCode":"214","name":"Dominican Peso","rate":0.13284981568361,"date":"Wed, 26 Oct 2022 11:55:01 GMT","inverseRate":7.5272968566367},"cny":{"code":"CNY","alphaCode":"CNY","numericCode":"156","name":"Chinese Yuan","rate":0.017994636445449,"date":"Wed, 26 Oct 2022 11:55:01 GMT","inverseRate":55.572114670474},"isk":{"code":"ISK","alphaCode":"ISK","numericCode":"352","name":"Icelandic Krona","rate":0.35789440139695,"date":"Wed, 26 Oct 2022 11:55:01 GMT","inverseRate":2.794120265913},"lyd":{"code":"LYD","alphaCode":"LYD","numericCode":"434","name":"Libyan Dinar","rate":0.012374635833082,"date":"Wed, 26 Oct 2022 11:55:01 GMT","inverseRate":80.810458868342},"clp":{"code":"CLP","alphaCode":"CLP","numericCode":"152","name":"Chilean Peso","rate":2.3878216987534,"date":"Wed, 26 Oct 2022 11:55:01 GMT","inverseRate":0.41879173831198},"bsd":{"code":"BSD","alphaCode":"BSD","numericCode":"044","name":"Bahamian Dollar","rate":0.0024730436234907,"date":"Wed, 26 Oct 2022 11:55:01 GMT","inverseRate":404.36003251269},"xpf":{"code":"XPF","alphaCode":"XPF","numericCode":"953","name":"CFP Franc","rate":0.2954451843926,"date":"Wed, 26 Oct 2022 11:55:01 GMT","inverseRate":3.3847226247938}}