{"usd":{"code":"USD","alphaCode":"USD","numericCode":"840","name":"U.S. Dollar","rate":0.55831086951036,"date":"Wed, 26 Oct 2022 11:55:01 GMT","inverseRate":1.7911168393999},"eur":{"code":"EUR","alphaCode":"EUR","numericCode":"978","name":"Euro","rate":0.55792796583962,"date":"Wed, 26 Oct 2022 11:55:01 GMT","inverseRate":1.7923460755281},"gbp":{"code":"GBP","alphaCode":"GBP","numericCode":"826","name":"U.K. Pound Sterling","rate":0.48359607021284,"date":"Wed, 26 Oct 2022 11:55:01 GMT","inverseRate":2.0678414519785},"cad":{"code":"CAD","alphaCode":"CAD","numericCode":"124","name":"Canadian Dollar","rate":0.76047629315816,"date":"Wed, 26 Oct 2022 11:55:01 GMT","inverseRate":1.3149653828749},"jpy":{"code":"JPY","alphaCode":"JPY","numericCode":"392","name":"Japanese Yen","rate":82.305094718361,"date":"Wed, 26 Oct 2022 11:55:01 GMT","inverseRate":0.012149916155517},"aud":{"code":"AUD","alphaCode":"AUD","numericCode":"036","name":"Australian Dollar","rate":0.87316924276514,"date":"Wed, 26 Oct 2022 11:55:01 GMT","inverseRate":1.1452533495491},"chf":{"code":"CHF","alphaCode":"CHF","numericCode":"756","name":"Swiss Franc","rate":0.55244717770287,"date":"Wed, 26 Oct 2022 11:55:01 GMT","inverseRate":1.8101278101521},"lsl":{"code":"LSL","alphaCode":"LSL","numericCode":"426","name":"Lesotho loti","rate":10.080129933454,"date":"Wed, 26 Oct 2022 11:55:01 GMT","inverseRate":0.09920507043081},"tzs":{"code":"TZS","alphaCode":"TZS","numericCode":"834","name":"Tanzanian shilling","rate":1301.0285350384,"date":"Wed, 26 Oct 2022 11:55:01 GMT","inverseRate":0.00076862264974878},"lbp":{"code":"LBP","alphaCode":"LBP","numericCode":"422","name":"Lebanese Pound","rate":843.36511738933,"date":"Wed, 26 Oct 2022 11:55:01 GMT","inverseRate":0.0011857260626282},"mxn":{"code":"MXN","alphaCode":"MXN","numericCode":"484","name":"Mexican Peso","rate":11.097185847148,"date":"Wed, 26 Oct 2022 11:55:01 GMT","inverseRate":0.090112936178049},"kzt":{"code":"KZT","alphaCode":"KZT","numericCode":"398","name":"Kazakhstani Tenge","rate":263.97337795705,"date":"Wed, 26 Oct 2022 11:55:01 GMT","inverseRate":0.0037882608001581},"htg":{"code":"HTG","alphaCode":"HTG","numericCode":"332","name":"Haitian gourde","rate":69.755955005359,"date":"Wed, 26 Oct 2022 11:55:01 GMT","inverseRate":0.01433569363251},"bnd":{"code":"BND","alphaCode":"BND","numericCode":"096","name":"Brunei Dollar","rate":0.78605011446121,"date":"Wed, 26 Oct 2022 11:55:01 GMT","inverseRate":1.2721835180769},"kmf":{"code":"KMF","alphaCode":"KMF","numericCode":"174","name":"\tComoro franc","rate":277.91604308675,"date":"Wed, 26 Oct 2022 11:55:01 GMT","inverseRate":0.0035982089730886},"mru":{"code":"MRU","alphaCode":"MRU","numericCode":"929","name":"Mauritanian ouguiya","rate":21.181949014193,"date":"Wed, 26 Oct 2022 11:55:01 GMT","inverseRate":0.047210008830158},"mnt":{"code":"MNT","alphaCode":"MNT","numericCode":"496","name":"Mongolian togrog","rate":1895.7844367702,"date":"Wed, 26 Oct 2022 11:55:01 GMT","inverseRate":0.00052748613218055},"jod":{"code":"JOD","alphaCode":"JOD","numericCode":"400","name":"Jordanian Dinar","rate":0.39582733939461,"date":"Wed, 26 Oct 2022 11:55:01 GMT","inverseRate":2.5263540449971},"php":{"code":"PHP","alphaCode":"PHP","numericCode":"608","name":"Philippine Peso","rate":32.820189884021,"date":"Wed, 26 Oct 2022 11:55:01 GMT","inverseRate":0.030469049799339},"xaf":{"code":"XAF","alphaCode":"XAF","numericCode":"950","name":"Central African CFA Franc","rate":372.48562886154,"date":"Wed, 26 Oct 2022 11:55:01 GMT","inverseRate":0.0026846673334925},"amd":{"code":"AMD","alphaCode":"AMD","numericCode":"051","name":"Armenia Dram","rate":225.7586013474,"date":"Wed, 26 Oct 2022 11:55:01 GMT","inverseRate":0.0044295100786047},"uyu":{"code":"UYU","alphaCode":"UYU","numericCode":"858","name":"Uruguayan Peso","rate":22.983165849882,"date":"Wed, 26 Oct 2022 11:55:01 GMT","inverseRate":0.043510106768216},"jmd":{"code":"JMD","alphaCode":"JMD","numericCode":"388","name":"Jamaican Dollar","rate":85.616071338008,"date":"Wed, 26 Oct 2022 11:55:01 GMT","inverseRate":0.011680050069712},"ssp":{"code":"SSP","alphaCode":"SSP","numericCode":"728","name":"South Sudanese pound","rate":340.35627231064,"date":"Wed, 26 Oct 2022 11:55:01 GMT","inverseRate":0.0029380977562456},"ghs":{"code":"GHS","alphaCode":"GHS","numericCode":"936","name":"Ghanaian Cedi","rate":7.8268894470022,"date":"Wed, 26 Oct 2022 11:55:01 GMT","inverseRate":0.1277646767303},"cup":{"code":"CUP","alphaCode":"CUP","numericCode":"192","name":"Cuban peso","rate":0.55831086951036,"date":"Wed, 26 Oct 2022 11:55:01 GMT","inverseRate":1.7911168393999},"nzd":{"code":"NZD","alphaCode":"NZD","numericCode":"554","name":"New Zealand Dollar","rate":0.97173561714268,"date":"Wed, 26 Oct 2022 11:55:01 GMT","inverseRate":1.0290864946789},"try":{"code":"TRY","alphaCode":"TRY","numericCode":"949","name":"Turkish Lira","rate":10.384566095259,"date":"Wed, 26 Oct 2022 11:55:01 GMT","inverseRate":0.096296753357521},"vnd":{"code":"VND","alphaCode":"VND","numericCode":"704","name":"Vietnamese Dong","rate":13860.366658421,"date":"Wed, 26 Oct 2022 11:55:01 GMT","inverseRate":7.2148163511423e-5},"kgs":{"code":"KGS","alphaCode":"KGS","numericCode":"417","name":"Kyrgyzstan Som","rate":45.460880792063,"date":"Wed, 26 Oct 2022 11:55:01 GMT","inverseRate":0.021996934123956},"mga":{"code":"MGA","alphaCode":"MGA","numericCode":"969","name":"Malagasy ariary","rate":2384.6345116607,"date":"Wed, 26 Oct 2022 11:55:01 GMT","inverseRate":0.00041935147508353},"srd":{"code":"SRD","alphaCode":"SRD","numericCode":"968","name":"Surinamese dollar","rate":16.363120909238,"date":"Wed, 26 Oct 2022 11:55:01 GMT","inverseRate":0.061113036171203},"mwk":{"code":"MWK","alphaCode":"MWK","numericCode":"454","name":"Malawian kwacha","rate":573.11557147016,"date":"Wed, 26 Oct 2022 11:55:01 GMT","inverseRate":0.0017448487700915},"yer":{"code":"YER","alphaCode":"YER","numericCode":"886","name":"Yemeni rial","rate":139.59386795763,"date":"Wed, 26 Oct 2022 11:55:01 GMT","inverseRate":0.0071636384508204},"nok":{"code":"NOK","alphaCode":"NOK","numericCode":"578","name":"Norwegian Krone","rate":5.8257543604124,"date":"Wed, 26 Oct 2022 11:55:01 GMT","inverseRate":0.17165159018638},"qar":{"code":"QAR","alphaCode":"QAR","numericCode":"634","name":"Qatari Rial","rate":2.052796517725,"date":"Wed, 26 Oct 2022 11:55:01 GMT","inverseRate":0.48714034311994},"czk":{"code":"CZK","alphaCode":"CZK","numericCode":"203","name":"Czech Koruna","rate":13.770937822787,"date":"Wed, 26 Oct 2022 11:55:01 GMT","inverseRate":0.072616695599723},"rub":{"code":"RUB","alphaCode":"RUB","numericCode":"643","name":"Russian Rouble","rate":35.845761198047,"date":"Wed, 26 Oct 2022 11:55:01 GMT","inverseRate":0.027897301286895},"rsd":{"code":"RSD","alphaCode":"RSD","numericCode":"941","name":"Serbian Dinar","rate":65.475883070773,"date":"Wed, 26 Oct 2022 11:55:01 GMT","inverseRate":0.015272798977283},"nio":{"code":"NIO","alphaCode":"NIO","numericCode":"558","name":"Nicaraguan C\u00f3rdoba","rate":20.091583735642,"date":"Wed, 26 Oct 2022 11:55:01 GMT","inverseRate":0.049772084329321},"sbd":{"code":"SBD","alphaCode":"SBD","numericCode":"090","name":"Solomon Islands dollar","rate":4.5603062052891,"date":"Wed, 26 Oct 2022 11:55:01 GMT","inverseRate":0.21928352066363},"mmk":{"code":"MMK","alphaCode":"MMK","numericCode":"104","name":"Myanma Kyat","rate":1171.7872898359,"date":"Wed, 26 Oct 2022 11:55:01 GMT","inverseRate":0.00085339720670636},"mur":{"code":"MUR","alphaCode":"MUR","numericCode":"480","name":"Mauritian Rupee","rate":24.574983439614,"date":"Wed, 26 Oct 2022 11:55:01 GMT","inverseRate":0.040691787339641},"ves":{"code":"VES","alphaCode":"VES","numericCode":"928","name":"Venezuelan Bolivar","rate":4.6533439045937,"date":"Wed, 26 Oct 2022 11:55:01 GMT","inverseRate":0.21489922526741},"bdt":{"code":"BDT","alphaCode":"BDT","numericCode":"050","name":"Bangladeshi taka","rate":56.698279150156,"date":"Wed, 26 Oct 2022 11:55:01 GMT","inverseRate":0.017637219594473},"ron":{"code":"RON","alphaCode":"RON","numericCode":"946","name":"Romanian New Leu","rate":2.7494463855705,"date":"Wed, 26 Oct 2022 11:55:01 GMT","inverseRate":0.36370958359041},"dzd":{"code":"DZD","alphaCode":"DZD","numericCode":"012","name":"Algerian Dinar","rate":78.361130257814,"date":"Wed, 26 Oct 2022 11:55:01 GMT","inverseRate":0.012761428998152},"ars":{"code":"ARS","alphaCode":"ARS","numericCode":"032","name":"Argentine Peso","rate":86.513115688347,"date":"Wed, 26 Oct 2022 11:55:01 GMT","inverseRate":0.011558941000372},"stn":{"code":"STN","alphaCode":"STN","numericCode":"930","name":"S\u00e3o Tom\u00e9 and Pr\u00edncipe Dobra","rate":13.766069561609,"date":"Wed, 26 Oct 2022 11:55:01 GMT","inverseRate":0.072642375917436},"bif":{"code":"BIF","alphaCode":"BIF","numericCode":"108","name":"Burundian franc","rate":1153.4542422766,"date":"Wed, 26 Oct 2022 11:55:01 GMT","inverseRate":0.00086696113581958},"szl":{"code":"SZL","alphaCode":"SZL","numericCode":"748","name":"Swazi lilangeni","rate":10.080129933454,"date":"Wed, 26 Oct 2022 11:55:01 GMT","inverseRate":0.09920507043081},"sos":{"code":"SOS","alphaCode":"SOS","numericCode":"706","name":"Somali shilling","rate":317.2102559434,"date":"Wed, 26 Oct 2022 11:55:01 GMT","inverseRate":0.0031524831913961},"aed":{"code":"AED","alphaCode":"AED","numericCode":"784","name":"U.A.E Dirham","rate":2.0506512834194,"date":"Wed, 26 Oct 2022 11:55:01 GMT","inverseRate":0.48764995203501},"idr":{"code":"IDR","alphaCode":"IDR","numericCode":"360","name":"Indonesian Rupiah","rate":8719.6380135791,"date":"Wed, 26 Oct 2022 11:55:01 GMT","inverseRate":0.00011468365985408},"krw":{"code":"KRW","alphaCode":"KRW","numericCode":"410","name":"South Korean Won","rate":797.1751854832,"date":"Wed, 26 Oct 2022 11:55:01 GMT","inverseRate":0.0012544294130202},"uah":{"code":"UAH","alphaCode":"UAH","numericCode":"980","name":"Ukrainian Hryvnia","rate":20.64234870539,"date":"Wed, 26 Oct 2022 11:55:01 GMT","inverseRate":0.048444099761715},"crc":{"code":"CRC","alphaCode":"CRC","numericCode":"188","name":"Costa Rican Col\u00f3n","rate":348.49004016086,"date":"Wed, 26 Oct 2022 11:55:01 GMT","inverseRate":0.0028695224676677},"bzd":{"code":"BZD","alphaCode":"BZD","numericCode":"084","name":"Belize dollar","rate":1.1247132008977,"date":"Wed, 26 Oct 2022 11:55:01 GMT","inverseRate":0.88911555337117},"gnf":{"code":"GNF","alphaCode":"GNF","numericCode":"324","name":"Guinean franc","rate":4808.1489338377,"date":"Wed, 26 Oct 2022 11:55:01 GMT","inverseRate":0.00020798024640261},"ern":{"code":"ERN","alphaCode":"ERN","numericCode":"232","name":"Eritrean nakfa","rate":8.4123556623722,"date":"Wed, 26 Oct 2022 11:55:01 GMT","inverseRate":0.11887276764497},"wst":{"code":"WST","alphaCode":"WST","numericCode":"882","name":"Samoan tala","rate":1.559949577688,"date":"Wed, 26 Oct 2022 11:55:01 GMT","inverseRate":0.64104636092284},"brl":{"code":"BRL","alphaCode":"BRL","numericCode":"986","name":"Brazilian Real","rate":2.9653431058508,"date":"Wed, 26 Oct 2022 11:55:01 GMT","inverseRate":0.33722910445909},"inr":{"code":"INR","alphaCode":"INR","numericCode":"356","name":"Indian Rupee","rate":46.078266729596,"date":"Wed, 26 Oct 2022 11:55:01 GMT","inverseRate":0.021702205203776},"npr":{"code":"NPR","alphaCode":"NPR","numericCode":"524","name":"Nepalese Rupee","rate":73.90243845804,"date":"Wed, 26 Oct 2022 11:55:01 GMT","inverseRate":0.013531353239011},"zar":{"code":"ZAR","alphaCode":"ZAR","numericCode":"710","name":"South African Rand","rate":10.213190648294,"date":"Wed, 26 Oct 2022 11:55:01 GMT","inverseRate":0.097912595038754},"azn":{"code":"AZN","alphaCode":"AZN","numericCode":"944","name":"Azerbaijan Manat","rate":0.94750104972845,"date":"Wed, 26 Oct 2022 11:55:01 GMT","inverseRate":1.0554078016975},"pyg":{"code":"PYG","alphaCode":"PYG","numericCode":"600","name":"Paraguayan Guaran\u00ed","rate":4035.6577393295,"date":"Wed, 26 Oct 2022 11:55:01 GMT","inverseRate":0.00024779108254263},"gyd":{"code":"GYD","alphaCode":"GYD","numericCode":"328","name":"Guyanese dollar","rate":116.73549487501,"date":"Wed, 26 Oct 2022 11:55:01 GMT","inverseRate":0.008566374786612},"rwf":{"code":"RWF","alphaCode":"RWF","numericCode":"646","name":"Rwandan franc","rate":595.22274309899,"date":"Wed, 26 Oct 2022 11:55:01 GMT","inverseRate":0.001680043330995},"mop":{"code":"MOP","alphaCode":"MOP","numericCode":"446","name":"Macanese pataca","rate":4.5137724685004,"date":"Wed, 26 Oct 2022 11:55:01 GMT","inverseRate":0.22154417551583},"bam":{"code":"BAM","alphaCode":"BAM","numericCode":"977","name":"Bosnia and Herzegovina convertible mark","rate":1.0907850614328,"date":"Wed, 26 Oct 2022 11:55:01 GMT","inverseRate":0.91677089772977},"dkk":{"code":"DKK","alphaCode":"DKK","numericCode":"208","name":"Danish Krone","rate":4.1838855301998,"date":"Wed, 26 Oct 2022 11:55:01 GMT","inverseRate":0.23901227525989},"lkr":{"code":"LKR","alphaCode":"LKR","numericCode":"144","name":"Sri Lanka Rupee","rate":204.1919802671,"date":"Wed, 26 Oct 2022 11:55:01 GMT","inverseRate":0.0048973519855772},"tnd":{"code":"TND","alphaCode":"TND","numericCode":"788","name":"Tunisian Dinar","rate":1.8083784126267,"date":"Wed, 26 Oct 2022 11:55:01 GMT","inverseRate":0.55298160662485},"twd":{"code":"TWD","alphaCode":"TWD","numericCode":"901","name":"New Taiwan Dollar ","rate":18.011832288254,"date":"Wed, 26 Oct 2022 11:55:01 GMT","inverseRate":0.055519060137604},"iqd":{"code":"IQD","alphaCode":"IQD","numericCode":"368","name":"Iraqi dinar","rate":814.76189616962,"date":"Wed, 26 Oct 2022 11:55:01 GMT","inverseRate":0.0012273524384255},"afn":{"code":"AFN","alphaCode":"AFN","numericCode":"971","name":"Afghan afghani","rate":49.018343549327,"date":"Wed, 26 Oct 2022 11:55:01 GMT","inverseRate":0.020400526162083},"nad":{"code":"NAD","alphaCode":"NAD","numericCode":"516","name":"Namibian dollar","rate":10.080129933454,"date":"Wed, 26 Oct 2022 11:55:01 GMT","inverseRate":0.09920507043081},"syp":{"code":"SYP","alphaCode":"SYP","numericCode":"760","name":"Syrian pound","rate":1396.8937955149,"date":"Wed, 26 Oct 2022 11:55:01 GMT","inverseRate":0.00071587403653074},"lak":{"code":"LAK","alphaCode":"LAK","numericCode":"418","name":"Lao kip","rate":9651.2662235573,"date":"Wed, 26 Oct 2022 11:55:01 GMT","inverseRate":0.00010361334739261},"gtq":{"code":"GTQ","alphaCode":"GTQ","numericCode":"320","name":"Guatemalan Quetzal","rate":4.3746467965689,"date":"Wed, 26 Oct 2022 11:55:01 GMT","inverseRate":0.22858988313852},"pkr":{"code":"PKR","alphaCode":"PKR","numericCode":"586","name":"Pakistani Rupee","rate":123.00129619405,"date":"Wed, 26 Oct 2022 11:55:01 GMT","inverseRate":0.0081299956255938},"bgn":{"code":"BGN","alphaCode":"BGN","numericCode":"975","name":"Bulgarian Lev","rate":1.0990093229995,"date":"Wed, 26 Oct 2022 11:55:01 GMT","inverseRate":0.90991038844941},"pen":{"code":"PEN","alphaCode":"PEN","numericCode":"604","name":"Peruvian Nuevo Sol","rate":2.2317915930465,"date":"Wed, 26 Oct 2022 11:55:01 GMT","inverseRate":0.44807051120527},"tmt":{"code":"TMT","alphaCode":"TMT","numericCode":"934","name":"New Turkmenistan Manat","rate":1.951666133725,"date":"Wed, 26 Oct 2022 11:55:01 GMT","inverseRate":0.51238271890867},"svc":{"code":"SVC","alphaCode":"SVC","numericCode":"222","name":"Salvadoran colon","rate":4.8851430360359,"date":"Wed, 26 Oct 2022 11:55:01 GMT","inverseRate":0.20470229686692},"xcd":{"code":"XCD","alphaCode":"XCD","numericCode":"951","name":"East Caribbean Dollar","rate":1.5127376525952,"date":"Wed, 26 Oct 2022 11:55:01 GMT","inverseRate":0.66105315636483},"aoa":{"code":"AOA","alphaCode":"AOA","numericCode":"973","name":"Angolan kwanza","rate":248.04656182041,"date":"Wed, 26 Oct 2022 11:55:01 GMT","inverseRate":0.0040315011530941},"mvr":{"code":"MVR","alphaCode":"MVR","numericCode":"462","name":"Maldivian rufiyaa","rate":8.625603547216,"date":"Wed, 26 Oct 2022 11:55:01 GMT","inverseRate":0.11593391633711},"sar":{"code":"SAR","alphaCode":"SAR","numericCode":"682","name":"Saudi Riyal","rate":2.098836419828,"date":"Wed, 26 Oct 2022 11:55:01 GMT","inverseRate":0.47645447284642},"pln":{"code":"PLN","alphaCode":"PLN","numericCode":"985","name":"Polish Zloty","rate":2.6814617562818,"date":"Wed, 26 Oct 2022 11:55:01 GMT","inverseRate":0.37293092010629},"gip":{"code":"GIP","alphaCode":"GIP","numericCode":"292","name":"Gibraltar pound","rate":0.48789256033689,"date":"Wed, 26 Oct 2022 11:55:01 GMT","inverseRate":2.049631581407},"gel":{"code":"GEL","alphaCode":"GEL","numericCode":"981","name":"Georgian lari","rate":1.5610492237488,"date":"Wed, 26 Oct 2022 11:55:01 GMT","inverseRate":0.64059479021328},"mkd":{"code":"MKD","alphaCode":"MKD","numericCode":"807","name":"Macedonian denar","rate":34.280930633132,"date":"Wed, 26 Oct 2022 11:55:01 GMT","inverseRate":0.029170736661202},"awg":{"code":"AWG","alphaCode":"AWG","numericCode":"533","name":"Aruban florin","rate":1.0099692573836,"date":"Wed, 26 Oct 2022 11:55:01 GMT","inverseRate":0.99012914768372},"hnl":{"code":"HNL","alphaCode":"HNL","numericCode":"340","name":"Honduran Lempira","rate":13.794689248848,"date":"Wed, 26 Oct 2022 11:55:01 GMT","inverseRate":0.072491665593955},"kes":{"code":"KES","alphaCode":"KES","numericCode":"404","name":"Kenyan shilling","rate":67.682414736532,"date":"Wed, 26 Oct 2022 11:55:01 GMT","inverseRate":0.014774886562377},"bhd":{"code":"BHD","alphaCode":"BHD","numericCode":"048","name":"Bahrain Dinar","rate":0.21005743309414,"date":"Wed, 26 Oct 2022 11:55:01 GMT","inverseRate":4.7606027802494},"egp":{"code":"EGP","alphaCode":"EGP","numericCode":"818","name":"Egyptian Pound","rate":10.998531528048,"date":"Wed, 26 Oct 2022 11:55:01 GMT","inverseRate":0.090921228661287},"hrk":{"code":"HRK","alphaCode":"HRK","numericCode":"191","name":"Croatian Kuna","rate":4.2319375407606,"date":"Wed, 26 Oct 2022 11:55:01 GMT","inverseRate":0.23629838351071},"mro":{"code":"MRO","alphaCode":"MRO","numericCode":"478","name":"Mauritanian Ouguiya","rate":21.174266480614,"date":"Wed, 26 Oct 2022 11:55:01 GMT","inverseRate":0.047227137757785},"cop":{"code":"COP","alphaCode":"COP","numericCode":"170","name":"Colombian Peso","rate":2775.8123915423,"date":"Wed, 26 Oct 2022 11:55:01 GMT","inverseRate":0.00036025489440386},"bbd":{"code":"BBD","alphaCode":"BBD","numericCode":"052","name":"Barbadian Dollar","rate":1.1266228930632,"date":"Wed, 26 Oct 2022 11:55:01 GMT","inverseRate":0.88760845013636},"djf":{"code":"DJF","alphaCode":"DJF","numericCode":"262","name":"Djiboutian franc","rate":99.333740464776,"date":"Wed, 26 Oct 2022 11:55:01 GMT","inverseRate":0.010067072832666},"mzn":{"code":"MZN","alphaCode":"MZN","numericCode":"943","name":"Mozambican metical","rate":35.76951767491,"date":"Wed, 26 Oct 2022 11:55:01 GMT","inverseRate":0.027956765005569},"ugx":{"code":"UGX","alphaCode":"UGX","numericCode":"800","name":"Ugandan shilling","rate":2128.3866972561,"date":"Wed, 26 Oct 2022 11:55:01 GMT","inverseRate":0.00046983943344938},"hkd":{"code":"HKD","alphaCode":"HKD","numericCode":"344","name":"Hong Kong Dollar","rate":4.38270174101,"date":"Wed, 26 Oct 2022 11:55:01 GMT","inverseRate":0.22816975899655},"mad":{"code":"MAD","alphaCode":"MAD","numericCode":"504","name":"Moroccan Dirham","rate":6.0919868325881,"date":"Wed, 26 Oct 2022 11:55:01 GMT","inverseRate":0.16415005932886},"myr":{"code":"MYR","alphaCode":"MYR","numericCode":"458","name":"Malaysian Ringgit","rate":2.6392326942434,"date":"Wed, 26 Oct 2022 11:55:01 GMT","inverseRate":0.37889800402259},"mdl":{"code":"MDL","alphaCode":"MDL","numericCode":"498","name":"Moldova Lei","rate":10.666138007392,"date":"Wed, 26 Oct 2022 11:55:01 GMT","inverseRate":0.093754646649698},"pab":{"code":"PAB","alphaCode":"PAB","numericCode":"590","name":"Panamanian Balboa","rate":0.55831086951036,"date":"Wed, 26 Oct 2022 11:55:01 GMT","inverseRate":1.7911168393999},"fjd":{"code":"FJD","alphaCode":"FJD","numericCode":"242","name":"Fiji Dollar","rate":1.2747217768015,"date":"Wed, 26 Oct 2022 11:55:01 GMT","inverseRate":0.78448491129506},"cdf":{"code":"CDF","alphaCode":"CDF","numericCode":"976","name":"Congolese franc","rate":1146.4787090619,"date":"Wed, 26 Oct 2022 11:55:01 GMT","inverseRate":0.00087223599714138},"top":{"code":"TOP","alphaCode":"TOP","numericCode":"776","name":"Tongan pa\u02bbanga","rate":1.3291757869984,"date":"Wed, 26 Oct 2022 11:55:01 GMT","inverseRate":0.75234593481293},"vuv":{"code":"VUV","alphaCode":"VUV","numericCode":"548","name":"Vanuatu vatu","rate":67.767093360865,"date":"Wed, 26 Oct 2022 11:55:01 GMT","inverseRate":0.014756424547751},"kwd":{"code":"KWD","alphaCode":"KWD","numericCode":"414","name":"Kuwaiti Dinar","rate":0.17303474801125,"date":"Wed, 26 Oct 2022 11:55:01 GMT","inverseRate":5.7791860391822},"thb":{"code":"THB","alphaCode":"THB","numericCode":"764","name":"Thai Baht","rate":21.232807692024,"date":"Wed, 26 Oct 2022 11:55:01 GMT","inverseRate":0.047096927288408},"xof":{"code":"XOF","alphaCode":"XOF","numericCode":"952","name":"West African CFA Franc","rate":372.25258010372,"date":"Wed, 26 Oct 2022 11:55:01 GMT","inverseRate":0.0026863480696934},"irr":{"code":"IRR","alphaCode":"IRR","numericCode":"364","name":"Iranian rial","rate":23468.338480349,"date":"Wed, 26 Oct 2022 11:55:01 GMT","inverseRate":4.2610600696652e-5},"bob":{"code":"BOB","alphaCode":"BOB","numericCode":"068","name":"Bolivian Boliviano","rate":3.8469455832491,"date":"Wed, 26 Oct 2022 11:55:01 GMT","inverseRate":0.25994648958757},"lrd":{"code":"LRD","alphaCode":"LRD","numericCode":"430","name":"Liberian dollar","rate":85.616071338008,"date":"Wed, 26 Oct 2022 11:55:01 GMT","inverseRate":0.011680050069712},"sdg":{"code":"SDG","alphaCode":"SDG","numericCode":"938","name":"Sudanese pound","rate":315.96407279504,"date":"Wed, 26 Oct 2022 11:55:01 GMT","inverseRate":0.0031649167930832},"pgk":{"code":"PGK","alphaCode":"PGK","numericCode":"598","name":"Papua New Guinean kina","rate":1.9661443154888,"date":"Wed, 26 Oct 2022 11:55:01 GMT","inverseRate":0.50860966416465},"bwp":{"code":"BWP","alphaCode":"BWP","numericCode":"072","name":"Botswana Pula","rate":7.430286146356,"date":"Wed, 26 Oct 2022 11:55:01 GMT","inverseRate":0.13458431886778},"omr":{"code":"OMR","alphaCode":"OMR","numericCode":"512","name":"Omani Rial","rate":0.21495541110558,"date":"Wed, 26 Oct 2022 11:55:01 GMT","inverseRate":4.652127596401},"ils":{"code":"ILS","alphaCode":"ILS","numericCode":"376","name":"Israeli New Sheqel","rate":1.9759219857379,"date":"Wed, 26 Oct 2022 11:55:01 GMT","inverseRate":0.50609285549629},"ngn":{"code":"NGN","alphaCode":"NGN","numericCode":"566","name":"Nigerian Naira","rate":244.01259812612,"date":"Wed, 26 Oct 2022 11:55:01 GMT","inverseRate":0.0040981490614806},"uzs":{"code":"UZS","alphaCode":"UZS","numericCode":"860","name":"Uzbekistan Sum","rate":6182.4543357111,"date":"Wed, 26 Oct 2022 11:55:01 GMT","inverseRate":0.00016174806083464},"etb":{"code":"ETB","alphaCode":"ETB","numericCode":"230","name":"Ethiopian birr","rate":29.555659370582,"date":"Wed, 26 Oct 2022 11:55:01 GMT","inverseRate":0.033834467621296},"ttd":{"code":"TTD","alphaCode":"TTD","numericCode":"780","name":"Trinidad Tobago Dollar","rate":3.7856200420458,"date":"Wed, 26 Oct 2022 11:55:01 GMT","inverseRate":0.26415751947984},"zmw":{"code":"ZMW","alphaCode":"ZMW","numericCode":"967","name":"Zambian kwacha","rate":8.9695782746818,"date":"Wed, 26 Oct 2022 11:55:01 GMT","inverseRate":0.11148796179444},"khr":{"code":"KHR","alphaCode":"KHR","numericCode":"116","name":"Cambodian riel","rate":2309.9201144285,"date":"Wed, 26 Oct 2022 11:55:01 GMT","inverseRate":0.00043291540419675},"sek":{"code":"SEK","alphaCode":"SEK","numericCode":"752","name":"Swedish Krona","rate":6.1586371261747,"date":"Wed, 26 Oct 2022 11:55:01 GMT","inverseRate":0.16237358680379},"sgd":{"code":"SGD","alphaCode":"SGD","numericCode":"702","name":"Singapore Dollar","rate":0.79128335746893,"date":"Wed, 26 Oct 2022 11:55:01 GMT","inverseRate":1.2637697868418},"huf":{"code":"HUF","alphaCode":"HUF","numericCode":"348","name":"Hungarian Forint","rate":231.45113756711,"date":"Wed, 26 Oct 2022 11:55:01 GMT","inverseRate":0.0043205663645099},"byn":{"code":"BYN","alphaCode":"BYN","numericCode":"933","name":"Belarussian Ruble","rate":1.6669776200894,"date":"Wed, 26 Oct 2022 11:55:01 GMT","inverseRate":0.5998880776494},"tjs":{"code":"TJS","alphaCode":"TJS","numericCode":"972","name":"Tajikistan Ruble","rate":5.6645458701808,"date":"Wed, 26 Oct 2022 11:55:01 GMT","inverseRate":0.17653665852795},"gmd":{"code":"GMD","alphaCode":"GMD","numericCode":"270","name":"Gambian dalasi","rate":33.426929615596,"date":"Wed, 26 Oct 2022 11:55:01 GMT","inverseRate":0.029915999210811},"cve":{"code":"CVE","alphaCode":"CVE","numericCode":"132","name":"Cape Verde escudo","rate":61.580004906689,"date":"Wed, 26 Oct 2022 11:55:01 GMT","inverseRate":0.016239037354987},"all":{"code":"ALL","alphaCode":"ALL","numericCode":"008","name":"Albanian lek","rate":65.533289172306,"date":"Wed, 26 Oct 2022 11:55:01 GMT","inverseRate":0.015259420252365},"scr":{"code":"SCR","alphaCode":"SCR","numericCode":"690","name":"Seychelles rupee","rate":7.2635419033344,"date":"Wed, 26 Oct 2022 11:55:01 GMT","inverseRate":0.13767388049912},"dop":{"code":"DOP","alphaCode":"DOP","numericCode":"214","name":"Dominican Peso","rate":29.991988577991,"date":"Wed, 26 Oct 2022 11:55:01 GMT","inverseRate":0.033342237291122},"cny":{"code":"CNY","alphaCode":"CNY","numericCode":"156","name":"Chinese Yuan","rate":4.0624439556795,"date":"Wed, 26 Oct 2022 11:55:01 GMT","inverseRate":0.24615724202224},"isk":{"code":"ISK","alphaCode":"ISK","numericCode":"352","name":"Icelandic Krona","rate":80.797739489439,"date":"Wed, 26 Oct 2022 11:55:01 GMT","inverseRate":0.012376583878695},"lyd":{"code":"LYD","alphaCode":"LYD","numericCode":"434","name":"Libyan Dinar","rate":2.79368047786,"date":"Wed, 26 Oct 2022 11:55:01 GMT","inverseRate":0.357950742014},"clp":{"code":"CLP","alphaCode":"CLP","numericCode":"152","name":"Chilean Peso","rate":539.07128697754,"date":"Wed, 26 Oct 2022 11:55:01 GMT","inverseRate":0.0018550422256893},"bsd":{"code":"BSD","alphaCode":"BSD","numericCode":"044","name":"Bahamian Dollar","rate":0.55831086951036,"date":"Wed, 26 Oct 2022 11:55:01 GMT","inverseRate":1.7911168393999},"xpf":{"code":"XPF","alphaCode":"XPF","numericCode":"953","name":"CFP Franc","rate":66.699291603297,"date":"Wed, 26 Oct 2022 11:55:01 GMT","inverseRate":0.014992662979805}}