{"usd":{"code":"USD","alphaCode":"USD","numericCode":"840","name":"U.S. Dollar","rate":0.002250830914216,"date":"Wed, 26 Oct 2022 11:55:01 GMT","inverseRate":444.28037383178},"eur":{"code":"EUR","alphaCode":"EUR","numericCode":"978","name":"Euro","rate":0.0022492872376259,"date":"Wed, 26 Oct 2022 11:55:01 GMT","inverseRate":444.58528162704},"gbp":{"code":"GBP","alphaCode":"GBP","numericCode":"826","name":"U.K. Pound Sterling","rate":0.0019496181146948,"date":"Wed, 26 Oct 2022 11:55:01 GMT","inverseRate":512.92096255298},"cad":{"code":"CAD","alphaCode":"CAD","numericCode":"124","name":"Canadian Dollar","rate":0.0030658610527679,"date":"Wed, 26 Oct 2022 11:55:01 GMT","inverseRate":326.17264213497},"jpy":{"code":"JPY","alphaCode":"JPY","numericCode":"392","name":"Japanese Yen","rate":0.33181308426259,"date":"Wed, 26 Oct 2022 11:55:01 GMT","inverseRate":3.0137449287823},"aud":{"code":"AUD","alphaCode":"AUD","numericCode":"036","name":"Australian Dollar","rate":0.003520182809054,"date":"Wed, 26 Oct 2022 11:55:01 GMT","inverseRate":284.07615576895},"chf":{"code":"CHF","alphaCode":"CHF","numericCode":"756","name":"Swiss Franc","rate":0.0022271914339327,"date":"Wed, 26 Oct 2022 11:55:01 GMT","inverseRate":448.99597976373},"lsl":{"code":"LSL","alphaCode":"LSL","numericCode":"426","name":"Lesotho loti","rate":0.040638055450057,"date":"Wed, 26 Oct 2022 11:55:01 GMT","inverseRate":24.607476635514},"tzs":{"code":"TZS","alphaCode":"TZS","numericCode":"834","name":"Tanzanian shilling","rate":5.2450980392157,"date":"Wed, 26 Oct 2022 11:55:01 GMT","inverseRate":0.19065420560748},"ang":{"code":"ANG","alphaCode":"ANG","numericCode":"532","name":"Neth. Antillean Guilder","rate":0.0040315011530941,"date":"Wed, 26 Oct 2022 11:55:01 GMT","inverseRate":248.04656182041},"lbp":{"code":"LBP","alphaCode":"LBP","numericCode":"422","name":"Lebanese Pound","rate":3.4000274432344,"date":"Wed, 26 Oct 2022 11:55:01 GMT","inverseRate":0.29411527309577},"mxn":{"code":"MXN","alphaCode":"MXN","numericCode":"484","name":"Mexican Peso","rate":0.044738317538877,"date":"Wed, 26 Oct 2022 11:55:01 GMT","inverseRate":22.352203994507},"kzt":{"code":"KZT","alphaCode":"KZT","numericCode":"398","name":"Kazakhstani Tenge","rate":1.06420897762,"date":"Wed, 26 Oct 2022 11:55:01 GMT","inverseRate":0.93966506675825},"htg":{"code":"HTG","alphaCode":"HTG","numericCode":"332","name":"Haitian gourde","rate":0.28122121303928,"date":"Wed, 26 Oct 2022 11:55:01 GMT","inverseRate":3.5559195168549},"bnd":{"code":"BND","alphaCode":"BND","numericCode":"096","name":"Brunei Dollar","rate":0.0031689619428401,"date":"Wed, 26 Oct 2022 11:55:01 GMT","inverseRate":315.56074766356},"kmf":{"code":"KMF","alphaCode":"KMF","numericCode":"174","name":"\tComoro franc","rate":1.1204188481676,"date":"Wed, 26 Oct 2022 11:55:01 GMT","inverseRate":0.89252336448596},"mru":{"code":"MRU","alphaCode":"MRU","numericCode":"929","name":"Mauritanian ouguiya","rate":0.085395051875499,"date":"Wed, 26 Oct 2022 11:55:01 GMT","inverseRate":11.710280373832},"mnt":{"code":"MNT","alphaCode":"MNT","numericCode":"496","name":"Mongolian togrog","rate":7.642857142857,"date":"Wed, 26 Oct 2022 11:55:01 GMT","inverseRate":0.13084112149533},"jod":{"code":"JOD","alphaCode":"JOD","numericCode":"400","name":"Jordanian Dinar","rate":0.0015957783751956,"date":"Wed, 26 Oct 2022 11:55:01 GMT","inverseRate":626.6534348026},"php":{"code":"PHP","alphaCode":"PHP","numericCode":"608","name":"Philippine Peso","rate":0.1323146333622,"date":"Wed, 26 Oct 2022 11:55:01 GMT","inverseRate":7.5577430446607},"xaf":{"code":"XAF","alphaCode":"XAF","numericCode":"950","name":"Central African CFA Franc","rate":1.5016762422663,"date":"Wed, 26 Oct 2022 11:55:01 GMT","inverseRate":0.66592250170438},"amd":{"code":"AMD","alphaCode":"AMD","numericCode":"051","name":"Armenia Dram","rate":0.91014606165294,"date":"Wed, 26 Oct 2022 11:55:01 GMT","inverseRate":1.0987247455467},"uyu":{"code":"UYU","alphaCode":"UYU","numericCode":"858","name":"Uruguayan Peso","rate":0.092656659625554,"date":"Wed, 26 Oct 2022 11:55:01 GMT","inverseRate":10.792532388295},"jmd":{"code":"JMD","alphaCode":"JMD","numericCode":"388","name":"Jamaican Dollar","rate":0.34516129032257,"date":"Wed, 26 Oct 2022 11:55:01 GMT","inverseRate":2.8971962616824},"ssp":{"code":"SSP","alphaCode":"SSP","numericCode":"728","name":"South Sudanese pound","rate":1.3721467042832,"date":"Wed, 26 Oct 2022 11:55:01 GMT","inverseRate":0.72878504672896},"ghs":{"code":"GHS","alphaCode":"GHS","numericCode":"936","name":"Ghanaian Cedi","rate":0.031554113830729,"date":"Wed, 26 Oct 2022 11:55:01 GMT","inverseRate":31.691588785046},"cup":{"code":"CUP","alphaCode":"CUP","numericCode":"192","name":"Cuban peso","rate":0.002250830914216,"date":"Wed, 26 Oct 2022 11:55:01 GMT","inverseRate":444.28037383178},"nzd":{"code":"NZD","alphaCode":"NZD","numericCode":"554","name":"New Zealand Dollar","rate":0.0039175532610133,"date":"Wed, 26 Oct 2022 11:55:01 GMT","inverseRate":255.26136682092},"try":{"code":"TRY","alphaCode":"TRY","numericCode":"949","name":"Turkish Lira","rate":0.041865390187417,"date":"Wed, 26 Oct 2022 11:55:01 GMT","inverseRate":23.886078584801},"vnd":{"code":"VND","alphaCode":"VND","numericCode":"704","name":"Vietnamese Dong","rate":55.87808416573,"date":"Wed, 26 Oct 2022 11:55:01 GMT","inverseRate":0.017896103900665},"kgs":{"code":"KGS","alphaCode":"KGS","numericCode":"417","name":"Kyrgyzstan Som","rate":0.18327559333387,"date":"Wed, 26 Oct 2022 11:55:01 GMT","inverseRate":5.4562638800372},"mga":{"code":"MGA","alphaCode":"MGA","numericCode":"969","name":"Malagasy ariary","rate":9.613656783468,"date":"Wed, 26 Oct 2022 11:55:01 GMT","inverseRate":0.10401869158879},"srd":{"code":"SRD","alphaCode":"SRD","numericCode":"968","name":"Surinamese dollar","rate":0.065967940813809,"date":"Wed, 26 Oct 2022 11:55:01 GMT","inverseRate":15.158878504673},"mwk":{"code":"MWK","alphaCode":"MWK","numericCode":"454","name":"Malawian kwacha","rate":2.3105160872381,"date":"Wed, 26 Oct 2022 11:55:01 GMT","inverseRate":0.43280373831777},"yer":{"code":"YER","alphaCode":"YER","numericCode":"886","name":"Yemeni rial","rate":0.56277283963603,"date":"Wed, 26 Oct 2022 11:55:01 GMT","inverseRate":1.7769158878505},"nok":{"code":"NOK","alphaCode":"NOK","numericCode":"578","name":"Norwegian Krone","rate":0.023486535421645,"date":"Wed, 26 Oct 2022 11:55:01 GMT","inverseRate":42.577586776736},"qar":{"code":"QAR","alphaCode":"QAR","numericCode":"634","name":"Qatari Rial","rate":0.0082758515282761,"date":"Wed, 26 Oct 2022 11:55:01 GMT","inverseRate":120.83348723492},"czk":{"code":"CZK","alphaCode":"CZK","numericCode":"203","name":"Czech Koruna","rate":0.055517551711751,"date":"Wed, 26 Oct 2022 11:55:01 GMT","inverseRate":18.01232167427},"rub":{"code":"RUB","alphaCode":"RUB","numericCode":"643","name":"Russian Rouble","rate":0.14451222760346,"date":"Wed, 26 Oct 2022 11:55:01 GMT","inverseRate":6.9198296682823},"rsd":{"code":"RSD","alphaCode":"RSD","numericCode":"941","name":"Serbian Dinar","rate":0.26396609809968,"date":"Wed, 26 Oct 2022 11:55:01 GMT","inverseRate":3.7883652756893},"nio":{"code":"NIO","alphaCode":"NIO","numericCode":"558","name":"Nicaraguan C\u00f3rdoba","rate":0.080999242997728,"date":"Wed, 26 Oct 2022 11:55:01 GMT","inverseRate":12.345794392523},"sbd":{"code":"SBD","alphaCode":"SBD","numericCode":"090","name":"Solomon Islands dollar","rate":0.018384879725085,"date":"Wed, 26 Oct 2022 11:55:01 GMT","inverseRate":54.392523364488},"mmk":{"code":"MMK","alphaCode":"MMK","numericCode":"104","name":"Myanma Kyat","rate":4.7240618101546,"date":"Wed, 26 Oct 2022 11:55:01 GMT","inverseRate":0.21168224299065},"mur":{"code":"MUR","alphaCode":"MUR","numericCode":"480","name":"Mauritian Rupee","rate":0.099074074074074,"date":"Wed, 26 Oct 2022 11:55:01 GMT","inverseRate":10.093457943925},"ves":{"code":"VES","alphaCode":"VES","numericCode":"928","name":"Venezuelan Bolivar","rate":0.018759961317113,"date":"Wed, 26 Oct 2022 11:55:01 GMT","inverseRate":53.30501396545},"bdt":{"code":"BDT","alphaCode":"BDT","numericCode":"050","name":"Bangladeshi taka","rate":0.2285791777723,"date":"Wed, 26 Oct 2022 11:55:01 GMT","inverseRate":4.3748516804804},"ron":{"code":"RON","alphaCode":"RON","numericCode":"946","name":"Romanian New Leu","rate":0.011084396273798,"date":"Wed, 26 Oct 2022 11:55:01 GMT","inverseRate":90.216911710733},"dzd":{"code":"DZD","alphaCode":"DZD","numericCode":"012","name":"Algerian Dinar","rate":0.31591298699213,"date":"Wed, 26 Oct 2022 11:55:01 GMT","inverseRate":3.1654285869067},"ars":{"code":"ARS","alphaCode":"ARS","numericCode":"032","name":"Argentine Peso","rate":0.34877772565533,"date":"Wed, 26 Oct 2022 11:55:01 GMT","inverseRate":2.8671555734273},"stn":{"code":"STN","alphaCode":"STN","numericCode":"930","name":"S\u00e3o Tom\u00e9 and Pr\u00edncipe Dobra","rate":0.055497925311202,"date":"Wed, 26 Oct 2022 11:55:01 GMT","inverseRate":18.018691588785},"bif":{"code":"BIF","alphaCode":"BIF","numericCode":"108","name":"Burundian franc","rate":4.6501521077792,"date":"Wed, 26 Oct 2022 11:55:01 GMT","inverseRate":0.21504672897196},"szl":{"code":"SZL","alphaCode":"SZL","numericCode":"748","name":"Swazi lilangeni","rate":0.040638055450057,"date":"Wed, 26 Oct 2022 11:55:01 GMT","inverseRate":24.607476635514},"sos":{"code":"SOS","alphaCode":"SOS","numericCode":"706","name":"Somali shilling","rate":1.2788335126091,"date":"Wed, 26 Oct 2022 11:55:01 GMT","inverseRate":0.78196261682242},"aed":{"code":"AED","alphaCode":"AED","numericCode":"784","name":"U.A.E Dirham","rate":0.0082672030136992,"date":"Wed, 26 Oct 2022 11:55:01 GMT","inverseRate":120.95989397417},"idr":{"code":"IDR","alphaCode":"IDR","numericCode":"360","name":"Indonesian Rupiah","rate":35.153230706307,"date":"Wed, 26 Oct 2022 11:55:01 GMT","inverseRate":0.028446887523785},"krw":{"code":"KRW","alphaCode":"KRW","numericCode":"410","name":"South Korean Won","rate":3.2138126794935,"date":"Wed, 26 Oct 2022 11:55:01 GMT","inverseRate":0.31115690294606},"uah":{"code":"UAH","alphaCode":"UAH","numericCode":"980","name":"Ukrainian Hryvnia","rate":0.083219652608349,"date":"Wed, 26 Oct 2022 11:55:01 GMT","inverseRate":12.016392386378},"crc":{"code":"CRC","alphaCode":"CRC","numericCode":"188","name":"Costa Rican Col\u00f3n","rate":1.4049379987503,"date":"Wed, 26 Oct 2022 11:55:01 GMT","inverseRate":0.71177518217137},"bzd":{"code":"BZD","alphaCode":"BZD","numericCode":"084","name":"Belize dollar","rate":0.0045342825663192,"date":"Wed, 26 Oct 2022 11:55:01 GMT","inverseRate":220.54205607477},"gnf":{"code":"GNF","alphaCode":"GNF","numericCode":"324","name":"Guinean franc","rate":19.384057971015,"date":"Wed, 26 Oct 2022 11:55:01 GMT","inverseRate":0.051588785046728},"ern":{"code":"ERN","alphaCode":"ERN","numericCode":"232","name":"Eritrean nakfa","rate":0.033914421553091,"date":"Wed, 26 Oct 2022 11:55:01 GMT","inverseRate":29.48598130841},"wst":{"code":"WST","alphaCode":"WST","numericCode":"882","name":"Samoan tala","rate":0.0062889385212177,"date":"Wed, 26 Oct 2022 11:55:01 GMT","inverseRate":159.00934579439},"brl":{"code":"BRL","alphaCode":"BRL","numericCode":"986","name":"Brazilian Real","rate":0.011954784150557,"date":"Wed, 26 Oct 2022 11:55:01 GMT","inverseRate":83.648519906853},"inr":{"code":"INR","alphaCode":"INR","numericCode":"356","name":"Indian Rupee","rate":0.18576458545294,"date":"Wed, 26 Oct 2022 11:55:01 GMT","inverseRate":5.3831573847175},"npr":{"code":"NPR","alphaCode":"NPR","numericCode":"524","name":"Nepalese Rupee","rate":0.29793776586005,"date":"Wed, 26 Oct 2022 11:55:01 GMT","inverseRate":3.3564056477141},"zar":{"code":"ZAR","alphaCode":"ZAR","numericCode":"710","name":"South African Rand","rate":0.041174489875367,"date":"Wed, 26 Oct 2022 11:55:01 GMT","inverseRate":24.286882558277},"azn":{"code":"AZN","alphaCode":"AZN","numericCode":"944","name":"Azerbaijan Manat","rate":0.0038198515745381,"date":"Wed, 26 Oct 2022 11:55:01 GMT","inverseRate":261.79027652951},"pyg":{"code":"PYG","alphaCode":"PYG","numericCode":"600","name":"Paraguayan Guaran\u00ed","rate":16.2697588296,"date":"Wed, 26 Oct 2022 11:55:01 GMT","inverseRate":0.061463726074456},"gyd":{"code":"GYD","alphaCode":"GYD","numericCode":"328","name":"Guyanese dollar","rate":0.47061928219563,"date":"Wed, 26 Oct 2022 11:55:01 GMT","inverseRate":2.1248598130841},"rwf":{"code":"RWF","alphaCode":"RWF","numericCode":"646","name":"Rwandan franc","rate":2.3996411751514,"date":"Wed, 26 Oct 2022 11:55:01 GMT","inverseRate":0.41672897196261},"mop":{"code":"MOP","alphaCode":"MOP","numericCode":"446","name":"Macanese pataca","rate":0.018197278911564,"date":"Wed, 26 Oct 2022 11:55:01 GMT","inverseRate":54.953271028039},"bam":{"code":"BAM","alphaCode":"BAM","numericCode":"977","name":"Bosnia and Herzegovina convertible mark","rate":0.0043975012329443,"date":"Wed, 26 Oct 2022 11:55:01 GMT","inverseRate":227.40186915888},"dkk":{"code":"DKK","alphaCode":"DKK","numericCode":"208","name":"Danish Krone","rate":0.016867339339414,"date":"Wed, 26 Oct 2022 11:55:01 GMT","inverseRate":59.28617311109},"lkr":{"code":"LKR","alphaCode":"LKR","numericCode":"144","name":"Sri Lanka Rupee","rate":0.82320020389937,"date":"Wed, 26 Oct 2022 11:55:01 GMT","inverseRate":1.2147713220468},"tnd":{"code":"TND","alphaCode":"TND","numericCode":"788","name":"Tunisian Dinar","rate":0.0072904796557349,"date":"Wed, 26 Oct 2022 11:55:01 GMT","inverseRate":137.16518627322},"twd":{"code":"TWD","alphaCode":"TWD","numericCode":"901","name":"New Taiwan Dollar ","rate":0.072614722639432,"date":"Wed, 26 Oct 2022 11:55:01 GMT","inverseRate":13.771311982633},"iqd":{"code":"IQD","alphaCode":"IQD","numericCode":"368","name":"Iraqi dinar","rate":3.284713523905,"date":"Wed, 26 Oct 2022 11:55:01 GMT","inverseRate":0.30444055249335},"afn":{"code":"AFN","alphaCode":"AFN","numericCode":"971","name":"Afghan afghani","rate":0.19761750854187,"date":"Wed, 26 Oct 2022 11:55:01 GMT","inverseRate":5.0602803738319},"nad":{"code":"NAD","alphaCode":"NAD","numericCode":"516","name":"Namibian dollar","rate":0.040638055450057,"date":"Wed, 26 Oct 2022 11:55:01 GMT","inverseRate":24.607476635514},"syp":{"code":"SYP","alphaCode":"SYP","numericCode":"760","name":"Syrian pound","rate":5.6315789473684,"date":"Wed, 26 Oct 2022 11:55:01 GMT","inverseRate":0.17757009345795},"lak":{"code":"LAK","alphaCode":"LAK","numericCode":"418","name":"Lao kip","rate":38.90909090909,"date":"Wed, 26 Oct 2022 11:55:01 GMT","inverseRate":0.02570093457944},"gtq":{"code":"GTQ","alphaCode":"GTQ","numericCode":"320","name":"Guatemalan Quetzal","rate":0.017636393604747,"date":"Wed, 26 Oct 2022 11:55:01 GMT","inverseRate":56.700934579439},"pkr":{"code":"PKR","alphaCode":"PKR","numericCode":"586","name":"Pakistani Rupee","rate":0.49587986743839,"date":"Wed, 26 Oct 2022 11:55:01 GMT","inverseRate":2.0166174625435},"bgn":{"code":"BGN","alphaCode":"BGN","numericCode":"975","name":"Bulgarian Lev","rate":0.0044306573529337,"date":"Wed, 26 Oct 2022 11:55:01 GMT","inverseRate":225.70014341955},"pen":{"code":"PEN","alphaCode":"PEN","numericCode":"604","name":"Peruvian Nuevo Sol","rate":0.0089974703808329,"date":"Wed, 26 Oct 2022 11:55:01 GMT","inverseRate":111.14234975758},"tmt":{"code":"TMT","alphaCode":"TMT","numericCode":"934","name":"New Turkmenistan Manat","rate":0.0078681442685672,"date":"Wed, 26 Oct 2022 11:55:01 GMT","inverseRate":127.09477176149},"svc":{"code":"SVC","alphaCode":"SVC","numericCode":"222","name":"Salvadoran colon","rate":0.019694459782808,"date":"Wed, 26 Oct 2022 11:55:01 GMT","inverseRate":50.77570093458},"xcd":{"code":"XCD","alphaCode":"XCD","numericCode":"951","name":"East Caribbean Dollar","rate":0.0060986035907666,"date":"Wed, 26 Oct 2022 11:55:01 GMT","inverseRate":163.97196261682},"mvr":{"code":"MVR","alphaCode":"MVR","numericCode":"462","name":"Maldivian rufiyaa","rate":0.034774130646734,"date":"Wed, 26 Oct 2022 11:55:01 GMT","inverseRate":28.757009345795},"sar":{"code":"SAR","alphaCode":"SAR","numericCode":"682","name":"Saudi Riyal","rate":0.0084614614466924,"date":"Wed, 26 Oct 2022 11:55:01 GMT","inverseRate":118.18289385351},"pln":{"code":"PLN","alphaCode":"PLN","numericCode":"985","name":"Polish Zloty","rate":0.010810316162428,"date":"Wed, 26 Oct 2022 11:55:01 GMT","inverseRate":92.504232528887},"gip":{"code":"GIP","alphaCode":"GIP","numericCode":"292","name":"Gibraltar pound","rate":0.0019669394195842,"date":"Wed, 26 Oct 2022 11:55:01 GMT","inverseRate":508.40406676653},"gel":{"code":"GEL","alphaCode":"GEL","numericCode":"981","name":"Georgian lari","rate":0.0062933717455801,"date":"Wed, 26 Oct 2022 11:55:01 GMT","inverseRate":158.89733523247},"mkd":{"code":"MKD","alphaCode":"MKD","numericCode":"807","name":"Macedonian denar","rate":0.13820361137661,"date":"Wed, 26 Oct 2022 11:55:01 GMT","inverseRate":7.2357009345795},"awg":{"code":"AWG","alphaCode":"AWG","numericCode":"533","name":"Aruban florin","rate":0.0040716922257316,"date":"Wed, 26 Oct 2022 11:55:01 GMT","inverseRate":245.59813084112},"hnl":{"code":"HNL","alphaCode":"HNL","numericCode":"340","name":"Honduran Lempira","rate":0.055613305613305,"date":"Wed, 26 Oct 2022 11:55:01 GMT","inverseRate":17.981308411215},"kes":{"code":"KES","alphaCode":"KES","numericCode":"404","name":"Kenyan shilling","rate":0.27286173305452,"date":"Wed, 26 Oct 2022 11:55:01 GMT","inverseRate":3.6648598130841},"bhd":{"code":"BHD","alphaCode":"BHD","numericCode":"048","name":"Bahrain Dinar","rate":0.00084684678373501,"date":"Wed, 26 Oct 2022 11:55:01 GMT","inverseRate":1180.8511518335},"egp":{"code":"EGP","alphaCode":"EGP","numericCode":"818","name":"Egyptian Pound","rate":0.044340592537666,"date":"Wed, 26 Oct 2022 11:55:01 GMT","inverseRate":22.552698165919},"hrk":{"code":"HRK","alphaCode":"HRK","numericCode":"191","name":"Croatian Kuna","rate":0.017061061075399,"date":"Wed, 26 Oct 2022 11:55:01 GMT","inverseRate":58.613001593551},"mro":{"code":"MRO","alphaCode":"MRO","numericCode":"478","name":"Mauritanian Ouguiya","rate":0.085364079732516,"date":"Wed, 26 Oct 2022 11:55:01 GMT","inverseRate":11.714529145437},"cop":{"code":"COP","alphaCode":"COP","numericCode":"170","name":"Colombian Peso","rate":11.190690857276,"date":"Wed, 26 Oct 2022 11:55:01 GMT","inverseRate":0.08935998793585},"bbd":{"code":"BBD","alphaCode":"BBD","numericCode":"052","name":"Barbadian Dollar","rate":0.0045419814924867,"date":"Wed, 26 Oct 2022 11:55:01 GMT","inverseRate":220.16822429906},"djf":{"code":"DJF","alphaCode":"DJF","numericCode":"262","name":"Djiboutian franc","rate":0.4004640892249,"date":"Wed, 26 Oct 2022 11:55:01 GMT","inverseRate":2.4971028037383},"mzn":{"code":"MZN","alphaCode":"MZN","numericCode":"943","name":"Mozambican metical","rate":0.14420485175202,"date":"Wed, 26 Oct 2022 11:55:01 GMT","inverseRate":6.9345794392524},"ugx":{"code":"UGX","alphaCode":"UGX","numericCode":"800","name":"Ugandan shilling","rate":8.580593424218,"date":"Wed, 26 Oct 2022 11:55:01 GMT","inverseRate":0.11654205607477},"hkd":{"code":"HKD","alphaCode":"HKD","numericCode":"344","name":"Hong Kong Dollar","rate":0.017668867122549,"date":"Wed, 26 Oct 2022 11:55:01 GMT","inverseRate":56.596724230484},"mad":{"code":"MAD","alphaCode":"MAD","numericCode":"504","name":"Moroccan Dirham","rate":0.024559851940213,"date":"Wed, 26 Oct 2022 11:55:01 GMT","inverseRate":40.716857839141},"myr":{"code":"MYR","alphaCode":"MYR","numericCode":"458","name":"Malaysian Ringgit","rate":0.010640069650126,"date":"Wed, 26 Oct 2022 11:55:01 GMT","inverseRate":93.984347178418},"mdl":{"code":"MDL","alphaCode":"MDL","numericCode":"498","name":"Moldova Lei","rate":0.043000547675864,"date":"Wed, 26 Oct 2022 11:55:01 GMT","inverseRate":23.255517756145},"pab":{"code":"PAB","alphaCode":"PAB","numericCode":"590","name":"Panamanian Balboa","rate":0.002250830914216,"date":"Wed, 26 Oct 2022 11:55:01 GMT","inverseRate":444.28037383178},"fjd":{"code":"FJD","alphaCode":"FJD","numericCode":"242","name":"Fiji Dollar","rate":0.0051390423130493,"date":"Wed, 26 Oct 2022 11:55:01 GMT","inverseRate":194.58878504673},"cdf":{"code":"CDF","alphaCode":"CDF","numericCode":"976","name":"Congolese franc","rate":4.6220302375811,"date":"Wed, 26 Oct 2022 11:55:01 GMT","inverseRate":0.21635514018691},"top":{"code":"TOP","alphaCode":"TOP","numericCode":"776","name":"Tongan pa\u02bbanga","rate":0.0053585737179487,"date":"Wed, 26 Oct 2022 11:55:01 GMT","inverseRate":186.61682242991},"vuv":{"code":"VUV","alphaCode":"VUV","numericCode":"548","name":"Vanuatu vatu","rate":0.27320311502616,"date":"Wed, 26 Oct 2022 11:55:01 GMT","inverseRate":3.6602803738319},"kwd":{"code":"KWD","alphaCode":"KWD","numericCode":"414","name":"Kuwaiti Dinar","rate":0.00069758978613268,"date":"Wed, 26 Oct 2022 11:55:01 GMT","inverseRate":1433.5072271396},"thb":{"code":"THB","alphaCode":"THB","numericCode":"764","name":"Thai Baht","rate":0.08560008869382,"date":"Wed, 26 Oct 2022 11:55:01 GMT","inverseRate":11.682230886195},"xof":{"code":"XOF","alphaCode":"XOF","numericCode":"952","name":"West African CFA Franc","rate":1.5007367059304,"date":"Wed, 26 Oct 2022 11:55:01 GMT","inverseRate":0.66633940254033},"irr":{"code":"IRR","alphaCode":"IRR","numericCode":"364","name":"Iranian rial","rate":94.612633644728,"date":"Wed, 26 Oct 2022 11:55:01 GMT","inverseRate":0.010569412999907},"bob":{"code":"BOB","alphaCode":"BOB","numericCode":"068","name":"Bolivian Boliviano","rate":0.015508965554759,"date":"Wed, 26 Oct 2022 11:55:01 GMT","inverseRate":64.478832999481},"lrd":{"code":"LRD","alphaCode":"LRD","numericCode":"430","name":"Liberian dollar","rate":0.34516129032257,"date":"Wed, 26 Oct 2022 11:55:01 GMT","inverseRate":2.8971962616824},"sdg":{"code":"SDG","alphaCode":"SDG","numericCode":"938","name":"Sudanese pound","rate":1.2738095238095,"date":"Wed, 26 Oct 2022 11:55:01 GMT","inverseRate":0.78504672897196},"pgk":{"code":"PGK","alphaCode":"PGK","numericCode":"598","name":"Papua New Guinean kina","rate":0.0079265130750426,"date":"Wed, 26 Oct 2022 11:55:01 GMT","inverseRate":126.15887850467},"bwp":{"code":"BWP","alphaCode":"BWP","numericCode":"072","name":"Botswana Pula","rate":0.029955207166853,"date":"Wed, 26 Oct 2022 11:55:01 GMT","inverseRate":33.383177570093},"omr":{"code":"OMR","alphaCode":"OMR","numericCode":"512","name":"Omani Rial","rate":0.00086659298773598,"date":"Wed, 26 Oct 2022 11:55:01 GMT","inverseRate":1153.9442554371},"ils":{"code":"ILS","alphaCode":"ILS","numericCode":"376","name":"Israeli New Sheqel","rate":0.0079659317639265,"date":"Wed, 26 Oct 2022 11:55:01 GMT","inverseRate":125.53459276773},"ngn":{"code":"NGN","alphaCode":"NGN","numericCode":"566","name":"Nigerian Naira","rate":0.98373707071493,"date":"Wed, 26 Oct 2022 11:55:01 GMT","inverseRate":1.0165317845278},"uzs":{"code":"UZS","alphaCode":"UZS","numericCode":"860","name":"Uzbekistan Sum","rate":24.924571783371,"date":"Wed, 26 Oct 2022 11:55:01 GMT","inverseRate":0.040121050371152},"etb":{"code":"ETB","alphaCode":"ETB","numericCode":"230","name":"Ethiopian birr","rate":0.11915367483296,"date":"Wed, 26 Oct 2022 11:55:01 GMT","inverseRate":8.3925233644864},"ttd":{"code":"TTD","alphaCode":"TTD","numericCode":"780","name":"Trinidad Tobago Dollar","rate":0.015261731564684,"date":"Wed, 26 Oct 2022 11:55:01 GMT","inverseRate":65.523364485982},"zmw":{"code":"ZMW","alphaCode":"ZMW","numericCode":"967","name":"Zambian kwacha","rate":0.036160865157147,"date":"Wed, 26 Oct 2022 11:55:01 GMT","inverseRate":27.654205607477},"khr":{"code":"KHR","alphaCode":"KHR","numericCode":"116","name":"Cambodian riel","rate":9.3124456048737,"date":"Wed, 26 Oct 2022 11:55:01 GMT","inverseRate":0.10738317757009},"sek":{"code":"SEK","alphaCode":"SEK","numericCode":"752","name":"Swedish Krona","rate":0.024828552675662,"date":"Wed, 26 Oct 2022 11:55:01 GMT","inverseRate":40.276209937128},"sgd":{"code":"SGD","alphaCode":"SGD","numericCode":"702","name":"Singapore Dollar","rate":0.0031900597680602,"date":"Wed, 26 Oct 2022 11:55:01 GMT","inverseRate":313.47375055862},"huf":{"code":"HUF","alphaCode":"HUF","numericCode":"348","name":"Hungarian Forint","rate":0.93309552798674,"date":"Wed, 26 Oct 2022 11:55:01 GMT","inverseRate":1.0717016318336},"byn":{"code":"BYN","alphaCode":"BYN","numericCode":"933","name":"Belarussian Ruble","rate":0.0067204221975725,"date":"Wed, 26 Oct 2022 11:55:01 GMT","inverseRate":148.80017513799},"tjs":{"code":"TJS","alphaCode":"TJS","numericCode":"972","name":"Tajikistan Ruble","rate":0.022836623207388,"date":"Wed, 26 Oct 2022 11:55:01 GMT","inverseRate":43.789311183121},"gmd":{"code":"GMD","alphaCode":"GMD","numericCode":"270","name":"Gambian dalasi","rate":0.13476070528967,"date":"Wed, 26 Oct 2022 11:55:01 GMT","inverseRate":7.4205607476637},"cve":{"code":"CVE","alphaCode":"CVE","numericCode":"132","name":"Cape Verde escudo","rate":0.24825986078886,"date":"Wed, 26 Oct 2022 11:55:01 GMT","inverseRate":4.0280373831776},"all":{"code":"ALL","alphaCode":"ALL","numericCode":"008","name":"Albanian lek","rate":0.2641975308642,"date":"Wed, 26 Oct 2022 11:55:01 GMT","inverseRate":3.7850467289719},"scr":{"code":"SCR","alphaCode":"SCR","numericCode":"690","name":"Seychelles rupee","rate":0.02928297755884,"date":"Wed, 26 Oct 2022 11:55:01 GMT","inverseRate":34.14953271028},"dop":{"code":"DOP","alphaCode":"DOP","numericCode":"214","name":"Dominican Peso","rate":0.12091273653576,"date":"Wed, 26 Oct 2022 11:55:01 GMT","inverseRate":8.270427323463},"cny":{"code":"CNY","alphaCode":"CNY","numericCode":"156","name":"Chinese Yuan","rate":0.016377747491702,"date":"Wed, 26 Oct 2022 11:55:01 GMT","inverseRate":61.058457550811},"isk":{"code":"ISK","alphaCode":"ISK","numericCode":"352","name":"Icelandic Krona","rate":0.32573617991907,"date":"Wed, 26 Oct 2022 11:55:01 GMT","inverseRate":3.0699690781922},"lyd":{"code":"LYD","alphaCode":"LYD","numericCode":"434","name":"Libyan Dinar","rate":0.011262726067869,"date":"Wed, 26 Oct 2022 11:55:01 GMT","inverseRate":88.788450857635},"clp":{"code":"CLP","alphaCode":"CLP","numericCode":"152","name":"Chilean Peso","rate":2.1732665150499,"date":"Wed, 26 Oct 2022 11:55:01 GMT","inverseRate":0.46013684611391},"bsd":{"code":"BSD","alphaCode":"BSD","numericCode":"044","name":"Bahamian Dollar","rate":0.002250830914216,"date":"Wed, 26 Oct 2022 11:55:01 GMT","inverseRate":444.28037383178},"xpf":{"code":"XPF","alphaCode":"XPF","numericCode":"953","name":"CFP Franc","rate":0.26889827100925,"date":"Wed, 26 Oct 2022 11:55:01 GMT","inverseRate":3.7188785046728}}