{"usd":{"code":"USD","alphaCode":"USD","numericCode":"840","name":"U.S. Dollar","rate":0.49640287769784,"date":"Wed, 26 Oct 2022 11:55:01 GMT","inverseRate":2.0144927536232},"eur":{"code":"EUR","alphaCode":"EUR","numericCode":"978","name":"Euro","rate":0.49606243208875,"date":"Wed, 26 Oct 2022 11:55:01 GMT","inverseRate":2.0158752917236},"gbp":{"code":"GBP","alphaCode":"GBP","numericCode":"826","name":"U.K. Pound Sterling","rate":0.42997278757541,"date":"Wed, 26 Oct 2022 11:55:01 GMT","inverseRate":2.3257285784036},"cad":{"code":"CAD","alphaCode":"CAD","numericCode":"124","name":"Canadian Dollar","rate":0.67615130021697,"date":"Wed, 26 Oct 2022 11:55:01 GMT","inverseRate":1.4789589248429},"jpy":{"code":"JPY","alphaCode":"JPY","numericCode":"392","name":"Japanese Yen","rate":73.178739835782,"date":"Wed, 26 Oct 2022 11:55:01 GMT","inverseRate":0.01366517108991},"aud":{"code":"AUD","alphaCode":"AUD","numericCode":"036","name":"Australian Dollar","rate":0.77634835446781,"date":"Wed, 26 Oct 2022 11:55:01 GMT","inverseRate":1.2880815606101},"chf":{"code":"CHF","alphaCode":"CHF","numericCode":"756","name":"Swiss Franc","rate":0.49118937811163,"date":"Wed, 26 Oct 2022 11:55:01 GMT","inverseRate":2.0358746433901},"lsl":{"code":"LSL","alphaCode":"LSL","numericCode":"426","name":"Lesotho loti","rate":8.962400303836,"date":"Wed, 26 Oct 2022 11:55:01 GMT","inverseRate":0.11157725230952},"tzs":{"code":"TZS","alphaCode":"TZS","numericCode":"834","name":"Tanzanian shilling","rate":1156.7647058824,"date":"Wed, 26 Oct 2022 11:55:01 GMT","inverseRate":0.0008644800406814},"ang":{"code":"ANG","alphaCode":"ANG","numericCode":"532","name":"Neth. Antillean Guilder","rate":0.88911555337117,"date":"Wed, 26 Oct 2022 11:55:01 GMT","inverseRate":1.1247132008977},"lbp":{"code":"LBP","alphaCode":"LBP","numericCode":"422","name":"Lebanese Pound","rate":749.84904304155,"date":"Wed, 26 Oct 2022 11:55:01 GMT","inverseRate":0.0013336017552863},"mxn":{"code":"MXN","alphaCode":"MXN","numericCode":"484","name":"Mexican Peso","rate":9.8666805353497,"date":"Wed, 26 Oct 2022 11:55:01 GMT","inverseRate":0.1013512088911},"kzt":{"code":"KZT","alphaCode":"KZT","numericCode":"398","name":"Kazakhstani Tenge","rate":234.70283601754,"date":"Wed, 26 Oct 2022 11:55:01 GMT","inverseRate":0.004260706930381},"htg":{"code":"HTG","alphaCode":"HTG","numericCode":"332","name":"Haitian gourde","rate":62.021104535524,"date":"Wed, 26 Oct 2022 11:55:01 GMT","inverseRate":0.016123543872509},"bnd":{"code":"BND","alphaCode":"BND","numericCode":"096","name":"Brunei Dollar","rate":0.69888938249665,"date":"Wed, 26 Oct 2022 11:55:01 GMT","inverseRate":1.4308415967455},"kmf":{"code":"KMF","alphaCode":"KMF","numericCode":"174","name":"\tComoro franc","rate":247.0994764398,"date":"Wed, 26 Oct 2022 11:55:01 GMT","inverseRate":0.0040469531316212},"mru":{"code":"MRU","alphaCode":"MRU","numericCode":"929","name":"Mauritanian ouguiya","rate":18.833200319234,"date":"Wed, 26 Oct 2022 11:55:01 GMT","inverseRate":0.053097720145775},"mnt":{"code":"MNT","alphaCode":"MNT","numericCode":"496","name":"Mongolian togrog","rate":1685.5714285714,"date":"Wed, 26 Oct 2022 11:55:01 GMT","inverseRate":0.00059327061615392},"jod":{"code":"JOD","alphaCode":"JOD","numericCode":"400","name":"Jordanian Dinar","rate":0.35193624390528,"date":"Wed, 26 Oct 2022 11:55:01 GMT","inverseRate":2.8414237445494},"php":{"code":"PHP","alphaCode":"PHP","numericCode":"608","name":"Philippine Peso","rate":29.180941290479,"date":"Wed, 26 Oct 2022 11:55:01 GMT","inverseRate":0.034268942528125},"xaf":{"code":"XAF","alphaCode":"XAF","numericCode":"950","name":"Central African CFA Franc","rate":331.18276602804,"date":"Wed, 26 Oct 2022 11:55:01 GMT","inverseRate":0.0030194807899978},"amd":{"code":"AMD","alphaCode":"AMD","numericCode":"051","name":"Armenia Dram","rate":200.72548376529,"date":"Wed, 26 Oct 2022 11:55:01 GMT","inverseRate":0.0049819284589161},"uyu":{"code":"UYU","alphaCode":"UYU","numericCode":"858","name":"Uruguayan Peso","rate":20.434690222839,"date":"Wed, 26 Oct 2022 11:55:01 GMT","inverseRate":0.04893639145468},"jmd":{"code":"JMD","alphaCode":"JMD","numericCode":"388","name":"Jamaican Dollar","rate":76.122580645159,"date":"Wed, 26 Oct 2022 11:55:01 GMT","inverseRate":0.013136706500551},"ssp":{"code":"SSP","alphaCode":"SSP","numericCode":"728","name":"South Sudanese pound","rate":302.61605539883,"date":"Wed, 26 Oct 2022 11:55:01 GMT","inverseRate":0.0033045173319772},"ghs":{"code":"GHS","alphaCode":"GHS","numericCode":"936","name":"Ghanaian Cedi","rate":6.9590091418463,"date":"Wed, 26 Oct 2022 11:55:01 GMT","inverseRate":0.14369861852699},"cup":{"code":"CUP","alphaCode":"CUP","numericCode":"192","name":"Cuban peso","rate":0.49640287769784,"date":"Wed, 26 Oct 2022 11:55:01 GMT","inverseRate":2.0144927536232},"nzd":{"code":"NZD","alphaCode":"NZD","numericCode":"554","name":"New Zealand Dollar","rate":0.86398525096628,"date":"Wed, 26 Oct 2022 11:55:01 GMT","inverseRate":1.1574271654309},"try":{"code":"TRY","alphaCode":"TRY","numericCode":"949","name":"Turkish Lira","rate":9.2330792303053,"date":"Wed, 26 Oct 2022 11:55:01 GMT","inverseRate":0.10830622970479},"vnd":{"code":"VND","alphaCode":"VND","numericCode":"704","name":"Vietnamese Dong","rate":12323.467571429,"date":"Wed, 26 Oct 2022 11:55:01 GMT","inverseRate":8.1145991921822e-5},"kgs":{"code":"KGS","alphaCode":"KGS","numericCode":"417","name":"Kyrgyzstan Som","rate":40.419976182176,"date":"Wed, 26 Oct 2022 11:55:01 GMT","inverseRate":0.024740242188489},"mga":{"code":"MGA","alphaCode":"MGA","numericCode":"969","name":"Malagasy ariary","rate":2120.2156334232,"date":"Wed, 26 Oct 2022 11:55:01 GMT","inverseRate":0.00047165013984236},"srd":{"code":"SRD","alphaCode":"SRD","numericCode":"968","name":"Surinamese dollar","rate":14.548705302096,"date":"Wed, 26 Oct 2022 11:55:01 GMT","inverseRate":0.068734638528689},"mwk":{"code":"MWK","alphaCode":"MWK","numericCode":"454","name":"Malawian kwacha","rate":509.56596847332,"date":"Wed, 26 Oct 2022 11:55:01 GMT","inverseRate":0.001962454445292},"yer":{"code":"YER","alphaCode":"YER","numericCode":"886","name":"Yemeni rial","rate":124.11507915637,"date":"Wed, 26 Oct 2022 11:55:01 GMT","inverseRate":0.008057038732096},"nok":{"code":"NOK","alphaCode":"NOK","numericCode":"578","name":"Norwegian Krone","rate":5.1797688119625,"date":"Wed, 26 Oct 2022 11:55:01 GMT","inverseRate":0.1930588094377},"qar":{"code":"QAR","alphaCode":"QAR","numericCode":"634","name":"Qatari Rial","rate":1.8251733118155,"date":"Wed, 26 Oct 2022 11:55:01 GMT","inverseRate":0.54789317459683},"czk":{"code":"CZK","alphaCode":"CZK","numericCode":"203","name":"Czech Koruna","rate":12.243955002747,"date":"Wed, 26 Oct 2022 11:55:01 GMT","inverseRate":0.081672956146577},"rub":{"code":"RUB","alphaCode":"RUB","numericCode":"643","name":"Russian Rouble","rate":31.871023803612,"date":"Wed, 26 Oct 2022 11:55:01 GMT","inverseRate":0.031376463026791},"rsd":{"code":"RSD","alphaCode":"RSD","numericCode":"941","name":"Serbian Dinar","rate":58.215626008936,"date":"Wed, 26 Oct 2022 11:55:01 GMT","inverseRate":0.017177518624407},"nio":{"code":"NIO","alphaCode":"NIO","numericCode":"558","name":"Nicaraguan C\u00f3rdoba","rate":17.863739591219,"date":"Wed, 26 Oct 2022 11:55:01 GMT","inverseRate":0.05597932028138},"sbd":{"code":"SBD","alphaCode":"SBD","numericCode":"090","name":"Solomon Islands dollar","rate":4.0546391752576,"date":"Wed, 26 Oct 2022 11:55:01 GMT","inverseRate":0.2466310704297},"mmk":{"code":"MMK","alphaCode":"MMK","numericCode":"104","name":"Myanma Kyat","rate":1041.8543046358,"date":"Wed, 26 Oct 2022 11:55:01 GMT","inverseRate":0.00095982710399185},"mur":{"code":"MUR","alphaCode":"MUR","numericCode":"480","name":"Mauritian Rupee","rate":21.85,"date":"Wed, 26 Oct 2022 11:55:01 GMT","inverseRate":0.045766590389016},"ves":{"code":"VES","alphaCode":"VES","numericCode":"928","name":"Venezuelan Bolivar","rate":4.1373604407592,"date":"Wed, 26 Oct 2022 11:55:01 GMT","inverseRate":0.24169999552094},"bdt":{"code":"BDT","alphaCode":"BDT","numericCode":"050","name":"Bangladeshi taka","rate":50.411321841784,"date":"Wed, 26 Oct 2022 11:55:01 GMT","inverseRate":0.019836813705035},"ron":{"code":"RON","alphaCode":"RON","numericCode":"946","name":"Romanian New Leu","rate":2.4445755445709,"date":"Wed, 26 Oct 2022 11:55:01 GMT","inverseRate":0.40906896995713},"dzd":{"code":"DZD","alphaCode":"DZD","numericCode":"012","name":"Algerian Dinar","rate":69.672099691967,"date":"Wed, 26 Oct 2022 11:55:01 GMT","inverseRate":0.01435294765654},"ars":{"code":"ARS","alphaCode":"ARS","numericCode":"032","name":"Argentine Peso","rate":76.920156729109,"date":"Wed, 26 Oct 2022 11:55:01 GMT","inverseRate":0.013000493531516},"stn":{"code":"STN","alphaCode":"STN","numericCode":"930","name":"S\u00e3o Tom\u00e9 and Pr\u00edncipe Dobra","rate":12.239626556016,"date":"Wed, 26 Oct 2022 11:55:01 GMT","inverseRate":0.081701839138912},"bif":{"code":"BIF","alphaCode":"BIF","numericCode":"108","name":"Burundian franc","rate":1025.55410691,"date":"Wed, 26 Oct 2022 11:55:01 GMT","inverseRate":0.00097508263412153},"szl":{"code":"SZL","alphaCode":"SZL","numericCode":"748","name":"Swazi lilangeni","rate":8.962400303836,"date":"Wed, 26 Oct 2022 11:55:01 GMT","inverseRate":0.11157725230952},"sos":{"code":"SOS","alphaCode":"SOS","numericCode":"706","name":"Somali shilling","rate":282.03657224812,"date":"Wed, 26 Oct 2022 11:55:01 GMT","inverseRate":0.0035456394609712},"aed":{"code":"AED","alphaCode":"AED","numericCode":"784","name":"U.A.E Dirham","rate":1.8232659506287,"date":"Wed, 26 Oct 2022 11:55:01 GMT","inverseRate":0.5484663384709},"idr":{"code":"IDR","alphaCode":"IDR","numericCode":"360","name":"Indonesian Rupiah","rate":7752.7657776396,"date":"Wed, 26 Oct 2022 11:55:01 GMT","inverseRate":0.00012898622616514},"krw":{"code":"KRW","alphaCode":"KRW","numericCode":"410","name":"South Korean Won","rate":708.78085617466,"date":"Wed, 26 Oct 2022 11:55:01 GMT","inverseRate":0.0014108733204182},"uah":{"code":"UAH","alphaCode":"UAH","numericCode":"980","name":"Ukrainian Hryvnia","rate":18.353433292073,"date":"Wed, 26 Oct 2022 11:55:01 GMT","inverseRate":0.054485718507605},"crc":{"code":"CRC","alphaCode":"CRC","numericCode":"188","name":"Costa Rican Col\u00f3n","rate":309.84791490197,"date":"Wed, 26 Oct 2022 11:55:01 GMT","inverseRate":0.0032273897996583},"gnf":{"code":"GNF","alphaCode":"GNF","numericCode":"324","name":"Guinean franc","rate":4275.0000000001,"date":"Wed, 26 Oct 2022 11:55:01 GMT","inverseRate":0.00023391812865496},"ern":{"code":"ERN","alphaCode":"ERN","numericCode":"232","name":"Eritrean nakfa","rate":7.4795562599052,"date":"Wed, 26 Oct 2022 11:55:01 GMT","inverseRate":0.13369777099754},"wst":{"code":"WST","alphaCode":"WST","numericCode":"882","name":"Samoan tala","rate":1.3869754319972,"date":"Wed, 26 Oct 2022 11:55:01 GMT","inverseRate":0.72099330451734},"brl":{"code":"BRL","alphaCode":"BRL","numericCode":"986","name":"Brazilian Real","rate":2.6365326764939,"date":"Wed, 26 Oct 2022 11:55:01 GMT","inverseRate":0.37928602551205},"inr":{"code":"INR","alphaCode":"INR","numericCode":"356","name":"Indian Rupee","rate":40.968903621669,"date":"Wed, 26 Oct 2022 11:55:01 GMT","inverseRate":0.024408756681277},"npr":{"code":"NPR","alphaCode":"NPR","numericCode":"524","name":"Nepalese Rupee","rate":65.707807465099,"date":"Wed, 26 Oct 2022 11:55:01 GMT","inverseRate":0.015218891613925},"zar":{"code":"ZAR","alphaCode":"ZAR","numericCode":"710","name":"South African Rand","rate":9.0807066549432,"date":"Wed, 26 Oct 2022 11:55:01 GMT","inverseRate":0.11012358817424},"azn":{"code":"AZN","alphaCode":"AZN","numericCode":"944","name":"Azerbaijan Manat","rate":0.84243792014907,"date":"Wed, 26 Oct 2022 11:55:01 GMT","inverseRate":1.1870310868996},"pyg":{"code":"PYG","alphaCode":"PYG","numericCode":"600","name":"Paraguayan Guaran\u00ed","rate":3588.1660641206,"date":"Wed, 26 Oct 2022 11:55:01 GMT","inverseRate":0.00027869390160042},"gyd":{"code":"GYD","alphaCode":"GYD","numericCode":"328","name":"Guyanese dollar","rate":103.79134412386,"date":"Wed, 26 Oct 2022 11:55:01 GMT","inverseRate":0.0096347148063396},"rwf":{"code":"RWF","alphaCode":"RWF","numericCode":"646","name":"Rwandan franc","rate":529.22179860956,"date":"Wed, 26 Oct 2022 11:55:01 GMT","inverseRate":0.0018895669124502},"mop":{"code":"MOP","alphaCode":"MOP","numericCode":"446","name":"Macanese pataca","rate":4.0132653061223,"date":"Wed, 26 Oct 2022 11:55:01 GMT","inverseRate":0.24917365878465},"bam":{"code":"BAM","alphaCode":"BAM","numericCode":"977","name":"Bosnia and Herzegovina convertible mark","rate":0.96983396350486,"date":"Wed, 26 Oct 2022 11:55:01 GMT","inverseRate":1.0311043308755},"dkk":{"code":"DKK","alphaCode":"DKK","numericCode":"208","name":"Danish Krone","rate":3.7199576984252,"date":"Wed, 26 Oct 2022 11:55:01 GMT","inverseRate":0.26882026116139},"lkr":{"code":"LKR","alphaCode":"LKR","numericCode":"144","name":"Sri Lanka Rupee","rate":181.55026552913,"date":"Wed, 26 Oct 2022 11:55:01 GMT","inverseRate":0.0055081164276211},"tnd":{"code":"TND","alphaCode":"TND","numericCode":"788","name":"Tunisian Dinar","rate":1.607857373047,"date":"Wed, 26 Oct 2022 11:55:01 GMT","inverseRate":0.62194571282458},"twd":{"code":"TWD","alphaCode":"TWD","numericCode":"901","name":"New Taiwan Dollar ","rate":16.014600232199,"date":"Wed, 26 Oct 2022 11:55:01 GMT","inverseRate":0.062443019838196},"iqd":{"code":"IQD","alphaCode":"IQD","numericCode":"368","name":"Iraqi dinar","rate":724.41747417859,"date":"Wed, 26 Oct 2022 11:55:01 GMT","inverseRate":0.0013804194896512},"afn":{"code":"AFN","alphaCode":"AFN","numericCode":"971","name":"Afghan afghani","rate":43.582971650198,"date":"Wed, 26 Oct 2022 11:55:01 GMT","inverseRate":0.022944741079753},"nad":{"code":"NAD","alphaCode":"NAD","numericCode":"516","name":"Namibian dollar","rate":8.962400303836,"date":"Wed, 26 Oct 2022 11:55:01 GMT","inverseRate":0.11157725230952},"syp":{"code":"SYP","alphaCode":"SYP","numericCode":"760","name":"Syrian pound","rate":1242,"date":"Wed, 26 Oct 2022 11:55:01 GMT","inverseRate":0.00080515297906603},"lak":{"code":"LAK","alphaCode":"LAK","numericCode":"418","name":"Lao kip","rate":8581.0909090906,"date":"Wed, 26 Oct 2022 11:55:01 GMT","inverseRate":0.00011653529960166},"gtq":{"code":"GTQ","alphaCode":"GTQ","numericCode":"320","name":"Guatemalan Quetzal","rate":3.8895665073348,"date":"Wed, 26 Oct 2022 11:55:01 GMT","inverseRate":0.25709805915755},"pkr":{"code":"PKR","alphaCode":"PKR","numericCode":"586","name":"Pakistani Rupee","rate":109.36236553094,"date":"Wed, 26 Oct 2022 11:55:01 GMT","inverseRate":0.0091439134033457},"bgn":{"code":"BGN","alphaCode":"BGN","numericCode":"975","name":"Bulgarian Lev","rate":0.97714628237878,"date":"Wed, 26 Oct 2022 11:55:01 GMT","inverseRate":1.023388225523},"pen":{"code":"PEN","alphaCode":"PEN","numericCode":"604","name":"Peruvian Nuevo Sol","rate":1.9843206172607,"date":"Wed, 26 Oct 2022 11:55:01 GMT","inverseRate":0.50395081888554},"tmt":{"code":"TMT","alphaCode":"TMT","numericCode":"934","name":"New Turkmenistan Manat","rate":1.7352567144827,"date":"Wed, 26 Oct 2022 11:55:01 GMT","inverseRate":0.57628360786843},"svc":{"code":"SVC","alphaCode":"SVC","numericCode":"222","name":"Salvadoran colon","rate":4.3434566537824,"date":"Wed, 26 Oct 2022 11:55:01 GMT","inverseRate":0.2302313755403},"xcd":{"code":"XCD","alphaCode":"XCD","numericCode":"951","name":"East Caribbean Dollar","rate":1.3449985750926,"date":"Wed, 26 Oct 2022 11:55:01 GMT","inverseRate":0.7434952114586},"aoa":{"code":"AOA","alphaCode":"AOA","numericCode":"973","name":"Angolan kwanza","rate":220.54205607477,"date":"Wed, 26 Oct 2022 11:55:01 GMT","inverseRate":0.0045342825663192},"mvr":{"code":"MVR","alphaCode":"MVR","numericCode":"462","name":"Maldivian rufiyaa","rate":7.6691582710432,"date":"Wed, 26 Oct 2022 11:55:01 GMT","inverseRate":0.13039240613611},"sar":{"code":"SAR","alphaCode":"SAR","numericCode":"682","name":"Saudi Riyal","rate":1.8661081048509,"date":"Wed, 26 Oct 2022 11:55:01 GMT","inverseRate":0.53587463523711},"pln":{"code":"PLN","alphaCode":"PLN","numericCode":"985","name":"Polish Zloty","rate":2.3841293532801,"date":"Wed, 26 Oct 2022 11:55:01 GMT","inverseRate":0.41944032886647},"gip":{"code":"GIP","alphaCode":"GIP","numericCode":"292","name":"Gibraltar pound","rate":0.43379286376961,"date":"Wed, 26 Oct 2022 11:55:01 GMT","inverseRate":2.3052476965852},"gel":{"code":"GEL","alphaCode":"GEL","numericCode":"981","name":"Georgian lari","rate":1.3879531444131,"date":"Wed, 26 Oct 2022 11:55:01 GMT","inverseRate":0.72048541697916},"mkd":{"code":"MKD","alphaCode":"MKD","numericCode":"807","name":"Macedonian denar","rate":30.479708609955,"date":"Wed, 26 Oct 2022 11:55:01 GMT","inverseRate":0.032808712602763},"awg":{"code":"AWG","alphaCode":"AWG","numericCode":"533","name":"Aruban florin","rate":0.8979793751665,"date":"Wed, 26 Oct 2022 11:55:01 GMT","inverseRate":1.1136113229935},"hnl":{"code":"HNL","alphaCode":"HNL","numericCode":"340","name":"Honduran Lempira","rate":12.265072765073,"date":"Wed, 26 Oct 2022 11:55:01 GMT","inverseRate":0.081532333248582},"kes":{"code":"KES","alphaCode":"KES","numericCode":"404","name":"Kenyan shilling","rate":60.177487631968,"date":"Wed, 26 Oct 2022 11:55:01 GMT","inverseRate":0.016617509958471},"bhd":{"code":"BHD","alphaCode":"BHD","numericCode":"048","name":"Bahrain Dinar","rate":0.18676533086522,"date":"Wed, 26 Oct 2022 11:55:01 GMT","inverseRate":5.3543127911767},"egp":{"code":"EGP","alphaCode":"EGP","numericCode":"818","name":"Egyptian Pound","rate":9.7789654458304,"date":"Wed, 26 Oct 2022 11:55:01 GMT","inverseRate":0.10226030611719},"hrk":{"code":"HRK","alphaCode":"HRK","numericCode":"191","name":"Croatian Kuna","rate":3.7626814883856,"date":"Wed, 26 Oct 2022 11:55:01 GMT","inverseRate":0.26576791128527},"mro":{"code":"MRO","alphaCode":"MRO","numericCode":"478","name":"Mauritanian Ouguiya","rate":18.826369659139,"date":"Wed, 26 Oct 2022 11:55:01 GMT","inverseRate":0.053116985276795},"cop":{"code":"COP","alphaCode":"COP","numericCode":"170","name":"Colombian Peso","rate":2468.0179705607,"date":"Wed, 26 Oct 2022 11:55:01 GMT","inverseRate":0.00040518343542402},"bbd":{"code":"BBD","alphaCode":"BBD","numericCode":"052","name":"Barbadian Dollar","rate":1.0016979370065,"date":"Wed, 26 Oct 2022 11:55:01 GMT","inverseRate":0.99830494109669},"djf":{"code":"DJF","alphaCode":"DJF","numericCode":"262","name":"Djiboutian franc","rate":88.319173621768,"date":"Wed, 26 Oct 2022 11:55:01 GMT","inverseRate":0.011322569709297},"mzn":{"code":"MZN","alphaCode":"MZN","numericCode":"943","name":"Mozambican metical","rate":31.803234501348,"date":"Wed, 26 Oct 2022 11:55:01 GMT","inverseRate":0.031443342656157},"ugx":{"code":"UGX","alphaCode":"UGX","numericCode":"800","name":"Ugandan shilling","rate":1892.3817161187,"date":"Wed, 26 Oct 2022 11:55:01 GMT","inverseRate":0.00052843461310281},"hkd":{"code":"HKD","alphaCode":"HKD","numericCode":"344","name":"Hong Kong Dollar","rate":3.8967282837189,"date":"Wed, 26 Oct 2022 11:55:01 GMT","inverseRate":0.25662553998906},"mad":{"code":"MAD","alphaCode":"MAD","numericCode":"504","name":"Moroccan Dirham","rate":5.4164802437864,"date":"Wed, 26 Oct 2022 11:55:01 GMT","inverseRate":0.18462173865531},"myr":{"code":"MYR","alphaCode":"MYR","numericCode":"458","name":"Malaysian Ringgit","rate":2.3465828374175,"date":"Wed, 26 Oct 2022 11:55:01 GMT","inverseRate":0.42615158691799},"mdl":{"code":"MDL","alphaCode":"MDL","numericCode":"498","name":"Moldova Lei","rate":9.483429196776,"date":"Wed, 26 Oct 2022 11:55:01 GMT","inverseRate":0.10544708873241},"pab":{"code":"PAB","alphaCode":"PAB","numericCode":"590","name":"Panamanian Balboa","rate":0.49640287769784,"date":"Wed, 26 Oct 2022 11:55:01 GMT","inverseRate":2.0144927536232},"fjd":{"code":"FJD","alphaCode":"FJD","numericCode":"242","name":"Fiji Dollar","rate":1.1333749579751,"date":"Wed, 26 Oct 2022 11:55:01 GMT","inverseRate":0.88232053563861},"cdf":{"code":"CDF","alphaCode":"CDF","numericCode":"976","name":"Congolese franc","rate":1019.3520518359,"date":"Wed, 26 Oct 2022 11:55:01 GMT","inverseRate":0.00098101534028306},"top":{"code":"TOP","alphaCode":"TOP","numericCode":"776","name":"Tongan pa\u02bbanga","rate":1.1817908653846,"date":"Wed, 26 Oct 2022 11:55:01 GMT","inverseRate":0.84617340452581},"vuv":{"code":"VUV","alphaCode":"VUV","numericCode":"548","name":"Vanuatu vatu","rate":60.252776713901,"date":"Wed, 26 Oct 2022 11:55:01 GMT","inverseRate":0.016596745486906},"kwd":{"code":"KWD","alphaCode":"KWD","numericCode":"414","name":"Kuwaiti Dinar","rate":0.15384788573046,"date":"Wed, 26 Oct 2022 11:55:01 GMT","inverseRate":6.4999268287118},"thb":{"code":"THB","alphaCode":"THB","numericCode":"764","name":"Thai Baht","rate":18.878419560718,"date":"Wed, 26 Oct 2022 11:55:01 GMT","inverseRate":0.05297053584299},"xof":{"code":"XOF","alphaCode":"XOF","numericCode":"952","name":"West African CFA Franc","rate":330.97555875276,"date":"Wed, 26 Oct 2022 11:55:01 GMT","inverseRate":0.0030213711361901},"irr":{"code":"IRR","alphaCode":"IRR","numericCode":"364","name":"Iranian rial","rate":20866.064754657,"date":"Wed, 26 Oct 2022 11:55:01 GMT","inverseRate":4.7924705101704e-5},"bob":{"code":"BOB","alphaCode":"BOB","numericCode":"068","name":"Bolivian Boliviano","rate":3.4203791510393,"date":"Wed, 26 Oct 2022 11:55:01 GMT","inverseRate":0.29236524836615},"lrd":{"code":"LRD","alphaCode":"LRD","numericCode":"430","name":"Liberian dollar","rate":76.122580645159,"date":"Wed, 26 Oct 2022 11:55:01 GMT","inverseRate":0.013136706500551},"sdg":{"code":"SDG","alphaCode":"SDG","numericCode":"938","name":"Sudanese pound","rate":280.92857142857,"date":"Wed, 26 Oct 2022 11:55:01 GMT","inverseRate":0.0035596236969234},"pgk":{"code":"PGK","alphaCode":"PGK","numericCode":"598","name":"Papua New Guinean kina","rate":1.7481294910734,"date":"Wed, 26 Oct 2022 11:55:01 GMT","inverseRate":0.57204000339012},"bwp":{"code":"BWP","alphaCode":"BWP","numericCode":"072","name":"Botswana Pula","rate":6.6063829787234,"date":"Wed, 26 Oct 2022 11:55:01 GMT","inverseRate":0.15136876006441},"omr":{"code":"OMR","alphaCode":"OMR","numericCode":"512","name":"Omani Rial","rate":0.19112019929527,"date":"Wed, 26 Oct 2022 11:55:01 GMT","inverseRate":5.2323093199326},"ils":{"code":"ILS","alphaCode":"ILS","numericCode":"376","name":"Israeli New Sheqel","rate":1.7568229697676,"date":"Wed, 26 Oct 2022 11:55:01 GMT","inverseRate":0.56920931545667},"ngn":{"code":"NGN","alphaCode":"NGN","numericCode":"566","name":"Nigerian Naira","rate":216.95539621244,"date":"Wed, 26 Oct 2022 11:55:01 GMT","inverseRate":0.0046092423486937},"uzs":{"code":"UZS","alphaCode":"UZS","numericCode":"860","name":"Uzbekistan Sum","rate":5496.9163078877,"date":"Wed, 26 Oct 2022 11:55:01 GMT","inverseRate":0.00018192017924033},"etb":{"code":"ETB","alphaCode":"ETB","numericCode":"230","name":"Ethiopian birr","rate":26.278396436524,"date":"Wed, 26 Oct 2022 11:55:01 GMT","inverseRate":0.038054072379017},"ttd":{"code":"TTD","alphaCode":"TTD","numericCode":"780","name":"Trinidad Tobago Dollar","rate":3.3658536585365,"date":"Wed, 26 Oct 2022 11:55:01 GMT","inverseRate":0.29710144927537},"zmw":{"code":"ZMW","alphaCode":"ZMW","numericCode":"967","name":"Zambian kwacha","rate":7.9749915511997,"date":"Wed, 26 Oct 2022 11:55:01 GMT","inverseRate":0.12539198237139},"khr":{"code":"KHR","alphaCode":"KHR","numericCode":"116","name":"Cambodian riel","rate":2053.7859007833,"date":"Wed, 26 Oct 2022 11:55:01 GMT","inverseRate":0.00048690566997204},"sek":{"code":"SEK","alphaCode":"SEK","numericCode":"752","name":"Swedish Krona","rate":5.4757400564511,"date":"Wed, 26 Oct 2022 11:55:01 GMT","inverseRate":0.18262371655533},"sgd":{"code":"SGD","alphaCode":"SGD","numericCode":"702","name":"Singapore Dollar","rate":0.70354234024939,"date":"Wed, 26 Oct 2022 11:55:01 GMT","inverseRate":1.4213785621567},"huf":{"code":"HUF","alphaCode":"HUF","numericCode":"348","name":"Hungarian Forint","rate":205.78680625637,"date":"Wed, 26 Oct 2022 11:55:01 GMT","inverseRate":0.0048593980255188},"byn":{"code":"BYN","alphaCode":"BYN","numericCode":"933","name":"Belarussian Ruble","rate":1.4821357291431,"date":"Wed, 26 Oct 2022 11:55:01 GMT","inverseRate":0.67470203999341},"tjs":{"code":"TJS","alphaCode":"TJS","numericCode":"972","name":"Tajikistan Ruble","rate":5.0364358359622,"date":"Wed, 26 Oct 2022 11:55:01 GMT","inverseRate":0.19855311028875},"gmd":{"code":"GMD","alphaCode":"GMD","numericCode":"270","name":"Gambian dalasi","rate":29.72040302267,"date":"Wed, 26 Oct 2022 11:55:01 GMT","inverseRate":0.033646919230444},"cve":{"code":"CVE","alphaCode":"CVE","numericCode":"132","name":"Cape Verde escudo","rate":54.75174013921,"date":"Wed, 26 Oct 2022 11:55:01 GMT","inverseRate":0.018264259683024},"all":{"code":"ALL","alphaCode":"ALL","numericCode":"008","name":"Albanian lek","rate":58.266666666667,"date":"Wed, 26 Oct 2022 11:55:01 GMT","inverseRate":0.017162471395881},"scr":{"code":"SCR","alphaCode":"SCR","numericCode":"690","name":"Seychelles rupee","rate":6.4581280788178,"date":"Wed, 26 Oct 2022 11:55:01 GMT","inverseRate":0.15484363081617},"dop":{"code":"DOP","alphaCode":"DOP","numericCode":"214","name":"Dominican Peso","rate":26.666343521222,"date":"Wed, 26 Oct 2022 11:55:01 GMT","inverseRate":0.037500454428788},"cny":{"code":"CNY","alphaCode":"CNY","numericCode":"156","name":"Chinese Yuan","rate":3.6119821056933,"date":"Wed, 26 Oct 2022 11:55:01 GMT","inverseRate":0.27685629959898},"isk":{"code":"ISK","alphaCode":"ISK","numericCode":"352","name":"Icelandic Krona","rate":71.838526857292,"date":"Wed, 26 Oct 2022 11:55:01 GMT","inverseRate":0.013920107270386},"lyd":{"code":"LYD","alphaCode":"LYD","numericCode":"434","name":"Libyan Dinar","rate":2.4839047640147,"date":"Wed, 26 Oct 2022 11:55:01 GMT","inverseRate":0.40259192481426},"clp":{"code":"CLP","alphaCode":"CLP","numericCode":"152","name":"Chilean Peso","rate":479.29666562754,"date":"Wed, 26 Oct 2022 11:55:01 GMT","inverseRate":0.0020863904794554},"bsd":{"code":"BSD","alphaCode":"BSD","numericCode":"044","name":"Bahamian Dollar","rate":0.49640287769784,"date":"Wed, 26 Oct 2022 11:55:01 GMT","inverseRate":2.0144927536232},"xpf":{"code":"XPF","alphaCode":"XPF","numericCode":"953","name":"CFP Franc","rate":59.303377563331,"date":"Wed, 26 Oct 2022 11:55:01 GMT","inverseRate":0.016862445969997}}