{"usd":{"code":"USD","alphaCode":"USD","numericCode":"840","name":"U.S. Dollar","rate":0.050762310230833,"date":"Wed, 26 Oct 2022 11:55:01 GMT","inverseRate":19.699655028557},"eur":{"code":"EUR","alphaCode":"EUR","numericCode":"978","name":"Euro","rate":0.050727496158631,"date":"Wed, 26 Oct 2022 11:55:01 GMT","inverseRate":19.713174820868},"gbp":{"code":"GBP","alphaCode":"GBP","numericCode":"826","name":"U.K. Pound Sterling","rate":0.043969148879521,"date":"Wed, 26 Oct 2022 11:55:01 GMT","inverseRate":22.743219404589},"cad":{"code":"CAD","alphaCode":"CAD","numericCode":"124","name":"Canadian Dollar","rate":0.069143438941721,"date":"Wed, 26 Oct 2022 11:55:01 GMT","inverseRate":14.462688221841},"jpy":{"code":"JPY","alphaCode":"JPY","numericCode":"392","name":"Japanese Yen","rate":7.483280336877,"date":"Wed, 26 Oct 2022 11:55:01 GMT","inverseRate":0.13363123589959},"aud":{"code":"AUD","alphaCode":"AUD","numericCode":"036","name":"Australian Dollar","rate":0.079389620381452,"date":"Wed, 26 Oct 2022 11:55:01 GMT","inverseRate":12.596105072618},"chf":{"code":"CHF","alphaCode":"CHF","numericCode":"756","name":"Swiss Franc","rate":0.050229176167205,"date":"Wed, 26 Oct 2022 11:55:01 GMT","inverseRate":19.908747789754},"lsl":{"code":"LSL","alphaCode":"LSL","numericCode":"426","name":"Lesotho loti","rate":0.91649779861503,"date":"Wed, 26 Oct 2022 11:55:01 GMT","inverseRate":1.0911100948755},"tzs":{"code":"TZS","alphaCode":"TZS","numericCode":"834","name":"Tanzanian shilling","rate":118.29111292909,"date":"Wed, 26 Oct 2022 11:55:01 GMT","inverseRate":0.0084537204464335},"ang":{"code":"ANG","alphaCode":"ANG","numericCode":"532","name":"Neth. Antillean Guilder","rate":0.090921228661287,"date":"Wed, 26 Oct 2022 11:55:01 GMT","inverseRate":10.998531528048},"lbp":{"code":"LBP","alphaCode":"LBP","numericCode":"422","name":"Lebanese Pound","rate":76.679792683108,"date":"Wed, 26 Oct 2022 11:55:01 GMT","inverseRate":0.013041245483444},"mxn":{"code":"MXN","alphaCode":"MXN","numericCode":"484","name":"Mexican Peso","rate":1.0089697719053,"date":"Wed, 26 Oct 2022 11:55:01 GMT","inverseRate":0.99110996963923},"kzt":{"code":"KZT","alphaCode":"KZT","numericCode":"398","name":"Kazakhstani Tenge","rate":24.000783857725,"date":"Wed, 26 Oct 2022 11:55:01 GMT","inverseRate":0.041665305847006},"htg":{"code":"HTG","alphaCode":"HTG","numericCode":"332","name":"Haitian gourde","rate":6.3422971355287,"date":"Wed, 26 Oct 2022 11:55:01 GMT","inverseRate":0.1576715783936},"bnd":{"code":"BND","alphaCode":"BND","numericCode":"096","name":"Brunei Dollar","rate":0.071468642196159,"date":"Wed, 26 Oct 2022 11:55:01 GMT","inverseRate":13.992150533031},"kmf":{"code":"KMF","alphaCode":"KMF","numericCode":"174","name":"\tComoro franc","rate":25.26846810213,"date":"Wed, 26 Oct 2022 11:55:01 GMT","inverseRate":0.039575014835019},"mru":{"code":"MRU","alphaCode":"MRU","numericCode":"929","name":"Mauritanian ouguiya","rate":1.9258888298112,"date":"Wed, 26 Oct 2022 11:55:01 GMT","inverseRate":0.5192407705579},"mnt":{"code":"MNT","alphaCode":"MNT","numericCode":"496","name":"Mongolian togrog","rate":172.36705026809,"date":"Wed, 26 Oct 2022 11:55:01 GMT","inverseRate":0.0058015728553957},"jod":{"code":"JOD","alphaCode":"JOD","numericCode":"400","name":"Jordanian Dinar","rate":0.035989108035486,"date":"Wed, 26 Oct 2022 11:55:01 GMT","inverseRate":27.786184614911},"php":{"code":"PHP","alphaCode":"PHP","numericCode":"608","name":"Philippine Peso","rate":2.984051989152,"date":"Wed, 26 Oct 2022 11:55:01 GMT","inverseRate":0.33511480484768},"xaf":{"code":"XAF","alphaCode":"XAF","numericCode":"950","name":"Central African CFA Franc","rate":33.866851034764,"date":"Wed, 26 Oct 2022 11:55:01 GMT","inverseRate":0.029527398309737},"amd":{"code":"AMD","alphaCode":"AMD","numericCode":"051","name":"Armenia Dram","rate":20.526249415359,"date":"Wed, 26 Oct 2022 11:55:01 GMT","inverseRate":0.048718106253339},"uyu":{"code":"UYU","alphaCode":"UYU","numericCode":"858","name":"Uruguayan Peso","rate":2.0896576775974,"date":"Wed, 26 Oct 2022 11:55:01 GMT","inverseRate":0.47854728107895},"jmd":{"code":"JMD","alphaCode":"JMD","numericCode":"388","name":"Jamaican Dollar","rate":7.7843183992041,"date":"Wed, 26 Oct 2022 11:55:01 GMT","inverseRate":0.12846339894091},"ssp":{"code":"SSP","alphaCode":"SSP","numericCode":"728","name":"South Sudanese pound","rate":30.945610461059,"date":"Wed, 26 Oct 2022 11:55:01 GMT","inverseRate":0.032314760804553},"ghs":{"code":"GHS","alphaCode":"GHS","numericCode":"936","name":"Ghanaian Cedi","rate":0.7116304051175,"date":"Wed, 26 Oct 2022 11:55:01 GMT","inverseRate":1.405223825189},"cup":{"code":"CUP","alphaCode":"CUP","numericCode":"192","name":"Cuban peso","rate":0.050762310230833,"date":"Wed, 26 Oct 2022 11:55:01 GMT","inverseRate":19.699655028557},"nzd":{"code":"NZD","alphaCode":"NZD","numericCode":"554","name":"New Zealand Dollar","rate":0.088351396244546,"date":"Wed, 26 Oct 2022 11:55:01 GMT","inverseRate":11.318440256814},"try":{"code":"TRY","alphaCode":"TRY","numericCode":"949","name":"Turkish Lira","rate":0.94417750849526,"date":"Wed, 26 Oct 2022 11:55:01 GMT","inverseRate":1.0591228778513},"vnd":{"code":"VND","alphaCode":"VND","numericCode":"704","name":"Vietnamese Dong","rate":1260.2015662795,"date":"Wed, 26 Oct 2022 11:55:01 GMT","inverseRate":0.00079352385107113},"kgs":{"code":"KGS","alphaCode":"KGS","numericCode":"417","name":"Kyrgyzstan Som","rate":4.1333591376386,"date":"Wed, 26 Oct 2022 11:55:01 GMT","inverseRate":0.24193397348271},"mga":{"code":"MGA","alphaCode":"MGA","numericCode":"969","name":"Malagasy ariary","rate":216.8138997083,"date":"Wed, 26 Oct 2022 11:55:01 GMT","inverseRate":0.0046122504200395},"srd":{"code":"SRD","alphaCode":"SRD","numericCode":"968","name":"Surinamese dollar","rate":1.4877550578011,"date":"Wed, 26 Oct 2022 11:55:01 GMT","inverseRate":0.6721536551037},"mwk":{"code":"MWK","alphaCode":"MWK","numericCode":"454","name":"Malawian kwacha","rate":52.108371922982,"date":"Wed, 26 Oct 2022 11:55:01 GMT","inverseRate":0.019190774209527},"yer":{"code":"YER","alphaCode":"YER","numericCode":"886","name":"Yemeni rial","rate":12.692045988289,"date":"Wed, 26 Oct 2022 11:55:01 GMT","inverseRate":0.078789503356884},"nok":{"code":"NOK","alphaCode":"NOK","numericCode":"578","name":"Norwegian Krone","rate":0.52968474432754,"date":"Wed, 26 Oct 2022 11:55:01 GMT","inverseRate":1.8879154265044},"qar":{"code":"QAR","alphaCode":"QAR","numericCode":"634","name":"Qatari Rial","rate":0.18664278158317,"date":"Wed, 26 Oct 2022 11:55:01 GMT","inverseRate":5.3578284223887},"czk":{"code":"CZK","alphaCode":"CZK","numericCode":"203","name":"Czech Koruna","rate":1.2520705866659,"date":"Wed, 26 Oct 2022 11:55:01 GMT","inverseRate":0.7986770160162},"rub":{"code":"RUB","alphaCode":"RUB","numericCode":"643","name":"Russian Rouble","rate":3.2591406504255,"date":"Wed, 26 Oct 2022 11:55:01 GMT","inverseRate":0.30682934775136},"rsd":{"code":"RSD","alphaCode":"RSD","numericCode":"941","name":"Serbian Dinar","rate":5.9531477364774,"date":"Wed, 26 Oct 2022 11:55:01 GMT","inverseRate":0.16797836107318},"nio":{"code":"NIO","alphaCode":"NIO","numericCode":"558","name":"Nicaraguan C\u00f3rdoba","rate":1.8267514789957,"date":"Wed, 26 Oct 2022 11:55:01 GMT","inverseRate":0.54741983871269},"sbd":{"code":"SBD","alphaCode":"SBD","numericCode":"090","name":"Solomon Islands dollar","rate":0.41462864325658,"date":"Wed, 26 Oct 2022 11:55:01 GMT","inverseRate":2.4117967156002},"mmk":{"code":"MMK","alphaCode":"MMK","numericCode":"104","name":"Myanma Kyat","rate":106.54034012156,"date":"Wed, 26 Oct 2022 11:55:01 GMT","inverseRate":0.0093861160839078},"mur":{"code":"MUR","alphaCode":"MUR","numericCode":"480","name":"Mauritian Rupee","rate":2.2343876886605,"date":"Wed, 26 Oct 2022 11:55:01 GMT","inverseRate":0.44754990598766},"ves":{"code":"VES","alphaCode":"VES","numericCode":"928","name":"Venezuelan Bolivar","rate":0.42308774518917,"date":"Wed, 26 Oct 2022 11:55:01 GMT","inverseRate":2.3635759044566},"bdt":{"code":"BDT","alphaCode":"BDT","numericCode":"050","name":"Bangladeshi taka","rate":5.1550772033128,"date":"Wed, 26 Oct 2022 11:55:01 GMT","inverseRate":0.19398351577691},"ron":{"code":"RON","alphaCode":"RON","numericCode":"946","name":"Romanian New Leu","rate":0.2499830435144,"date":"Wed, 26 Oct 2022 11:55:01 GMT","inverseRate":4.0002713221722},"dzd":{"code":"DZD","alphaCode":"DZD","numericCode":"012","name":"Algerian Dinar","rate":7.1246902423276,"date":"Wed, 26 Oct 2022 11:55:01 GMT","inverseRate":0.14035697917911},"ars":{"code":"ARS","alphaCode":"ARS","numericCode":"032","name":"Argentine Peso","rate":7.8658787737006,"date":"Wed, 26 Oct 2022 11:55:01 GMT","inverseRate":0.12713137702344},"stn":{"code":"STN","alphaCode":"STN","numericCode":"930","name":"S\u00e3o Tom\u00e9 and Pr\u00edncipe Dobra","rate":1.2516279583783,"date":"Wed, 26 Oct 2022 11:55:01 GMT","inverseRate":0.79895946180021},"bif":{"code":"BIF","alphaCode":"BIF","numericCode":"108","name":"Burundian franc","rate":104.87347691236,"date":"Wed, 26 Oct 2022 11:55:01 GMT","inverseRate":0.0095352993859037},"szl":{"code":"SZL","alphaCode":"SZL","numericCode":"748","name":"Swazi lilangeni","rate":0.91649779861503,"date":"Wed, 26 Oct 2022 11:55:01 GMT","inverseRate":1.0911100948755},"sos":{"code":"SOS","alphaCode":"SOS","numericCode":"706","name":"Somali shilling","rate":28.841146214335,"date":"Wed, 26 Oct 2022 11:55:01 GMT","inverseRate":0.03467268577221},"aed":{"code":"AED","alphaCode":"AED","numericCode":"784","name":"U.A.E Dirham","rate":0.18644773424434,"date":"Wed, 26 Oct 2022 11:55:01 GMT","inverseRate":5.363433372108},"idr":{"code":"IDR","alphaCode":"IDR","numericCode":"360","name":"Indonesian Rupiah","rate":792.80020167627,"date":"Wed, 26 Oct 2022 11:55:01 GMT","inverseRate":0.001261351848657},"krw":{"code":"KRW","alphaCode":"KRW","numericCode":"410","name":"South Korean Won","rate":72.480147322422,"date":"Wed, 26 Oct 2022 11:55:01 GMT","inverseRate":0.013796881448814},"uah":{"code":"UAH","alphaCode":"UAH","numericCode":"980","name":"Ukrainian Hryvnia","rate":1.8768277067487,"date":"Wed, 26 Oct 2022 11:55:01 GMT","inverseRate":0.53281395857711},"crc":{"code":"CRC","alphaCode":"CRC","numericCode":"188","name":"Costa Rican Col\u00f3n","rate":31.685142627647,"date":"Wed, 26 Oct 2022 11:55:01 GMT","inverseRate":0.031560533331084},"bzd":{"code":"BZD","alphaCode":"BZD","numericCode":"084","name":"Belize dollar","rate":0.10226030611719,"date":"Wed, 26 Oct 2022 11:55:01 GMT","inverseRate":9.7789654458304},"gnf":{"code":"GNF","alphaCode":"GNF","numericCode":"324","name":"Guinean franc","rate":437.16280865098,"date":"Wed, 26 Oct 2022 11:55:01 GMT","inverseRate":0.0022874772972702},"ern":{"code":"ERN","alphaCode":"ERN","numericCode":"232","name":"Eritrean nakfa","rate":0.76486171275862,"date":"Wed, 26 Oct 2022 11:55:01 GMT","inverseRate":1.3074258827695},"wst":{"code":"WST","alphaCode":"WST","numericCode":"882","name":"Samoan tala","rate":0.14183253225305,"date":"Wed, 26 Oct 2022 11:55:01 GMT","inverseRate":7.0505686115501},"brl":{"code":"BRL","alphaCode":"BRL","numericCode":"986","name":"Brazilian Real","rate":0.26961263858623,"date":"Wed, 26 Oct 2022 11:55:01 GMT","inverseRate":3.7090249375686},"inr":{"code":"INR","alphaCode":"INR","numericCode":"356","name":"Indian Rupee","rate":4.1894926256374,"date":"Wed, 26 Oct 2022 11:55:01 GMT","inverseRate":0.23869238816189},"npr":{"code":"NPR","alphaCode":"NPR","numericCode":"524","name":"Nepalese Rupee","rate":6.7193005056701,"date":"Wed, 26 Oct 2022 11:55:01 GMT","inverseRate":0.14882501521641},"zar":{"code":"ZAR","alphaCode":"ZAR","numericCode":"710","name":"South African Rand","rate":0.92859584229486,"date":"Wed, 26 Oct 2022 11:55:01 GMT","inverseRate":1.0768947635267},"azn":{"code":"AZN","alphaCode":"AZN","numericCode":"944","name":"Azerbaijan Manat","rate":0.086147959599169,"date":"Wed, 26 Oct 2022 11:55:01 GMT","inverseRate":11.607935981918},"pyg":{"code":"PYG","alphaCode":"PYG","numericCode":"600","name":"Paraguayan Guaran\u00ed","rate":366.92696011627,"date":"Wed, 26 Oct 2022 11:55:01 GMT","inverseRate":0.0027253380337142},"gyd":{"code":"GYD","alphaCode":"GYD","numericCode":"328","name":"Guyanese dollar","rate":10.61373462242,"date":"Wed, 26 Oct 2022 11:55:01 GMT","inverseRate":0.094217543171625},"rwf":{"code":"RWF","alphaCode":"RWF","numericCode":"646","name":"Rwandan franc","rate":54.118383129702,"date":"Wed, 26 Oct 2022 11:55:01 GMT","inverseRate":0.018478009544435},"mop":{"code":"MOP","alphaCode":"MOP","numericCode":"446","name":"Macanese pataca","rate":0.41039773873355,"date":"Wed, 26 Oct 2022 11:55:01 GMT","inverseRate":2.4366605992662},"bam":{"code":"BAM","alphaCode":"BAM","numericCode":"977","name":"Bosnia and Herzegovina convertible mark","rate":0.09917551799085,"date":"Wed, 26 Oct 2022 11:55:01 GMT","inverseRate":10.083133622677},"dkk":{"code":"DKK","alphaCode":"DKK","numericCode":"208","name":"Danish Krone","rate":0.38040401298394,"date":"Wed, 26 Oct 2022 11:55:01 GMT","inverseRate":2.6287840450364},"lkr":{"code":"LKR","alphaCode":"LKR","numericCode":"144","name":"Sri Lanka Rupee","rate":18.565385728666,"date":"Wed, 26 Oct 2022 11:55:01 GMT","inverseRate":0.053863680217317},"tnd":{"code":"TND","alphaCode":"TND","numericCode":"788","name":"Tunisian Dinar","rate":0.16441998716056,"date":"Wed, 26 Oct 2022 11:55:01 GMT","inverseRate":6.0819856348939},"twd":{"code":"TWD","alphaCode":"TWD","numericCode":"901","name":"New Taiwan Dollar ","rate":1.6376579220891,"date":"Wed, 26 Oct 2022 11:55:01 GMT","inverseRate":0.61062813333102},"iqd":{"code":"IQD","alphaCode":"IQD","numericCode":"368","name":"Iraqi dinar","rate":74.079152666142,"date":"Wed, 26 Oct 2022 11:55:01 GMT","inverseRate":0.01349907449005},"afn":{"code":"AFN","alphaCode":"AFN","numericCode":"971","name":"Afghan afghani","rate":4.4568080224459,"date":"Wed, 26 Oct 2022 11:55:01 GMT","inverseRate":0.22437583018243},"nad":{"code":"NAD","alphaCode":"NAD","numericCode":"516","name":"Namibian dollar","rate":0.91649779861503,"date":"Wed, 26 Oct 2022 11:55:01 GMT","inverseRate":1.0911100948755},"syp":{"code":"SYP","alphaCode":"SYP","numericCode":"760","name":"Syrian pound","rate":127.00730019754,"date":"Wed, 26 Oct 2022 11:55:01 GMT","inverseRate":0.0078735631608941},"lak":{"code":"LAK","alphaCode":"LAK","numericCode":"418","name":"Lao kip","rate":877.50498318301,"date":"Wed, 26 Oct 2022 11:55:01 GMT","inverseRate":0.0011395946680242},"gtq":{"code":"GTQ","alphaCode":"GTQ","numericCode":"320","name":"Guatemalan Quetzal","rate":0.39774826170321,"date":"Wed, 26 Oct 2022 11:55:01 GMT","inverseRate":2.5141530366918},"pkr":{"code":"PKR","alphaCode":"PKR","numericCode":"586","name":"Pakistani Rupee","rate":11.183428976894,"date":"Wed, 26 Oct 2022 11:55:01 GMT","inverseRate":0.089418013210983},"bgn":{"code":"BGN","alphaCode":"BGN","numericCode":"975","name":"Bulgarian Lev","rate":0.099923277957324,"date":"Wed, 26 Oct 2022 11:55:01 GMT","inverseRate":10.007678095059},"pen":{"code":"PEN","alphaCode":"PEN","numericCode":"604","name":"Peruvian Nuevo Sol","rate":0.20291723375572,"date":"Wed, 26 Oct 2022 11:55:01 GMT","inverseRate":4.9281176442797},"tmt":{"code":"TMT","alphaCode":"TMT","numericCode":"934","name":"New Turkmenistan Manat","rate":0.1774478828149,"date":"Wed, 26 Oct 2022 11:55:01 GMT","inverseRate":5.6354574883438},"svc":{"code":"SVC","alphaCode":"SVC","numericCode":"222","name":"Salvadoran colon","rate":0.44416320702252,"date":"Wed, 26 Oct 2022 11:55:01 GMT","inverseRate":2.2514246659546},"xcd":{"code":"XCD","alphaCode":"XCD","numericCode":"951","name":"East Caribbean Dollar","rate":0.13753996601615,"date":"Wed, 26 Oct 2022 11:55:01 GMT","inverseRate":7.270613981994},"aoa":{"code":"AOA","alphaCode":"AOA","numericCode":"973","name":"Angolan kwanza","rate":22.552698165919,"date":"Wed, 26 Oct 2022 11:55:01 GMT","inverseRate":0.044340592537666},"mvr":{"code":"MVR","alphaCode":"MVR","numericCode":"462","name":"Maldivian rufiyaa","rate":0.78425047245803,"date":"Wed, 26 Oct 2022 11:55:01 GMT","inverseRate":1.2751028340037},"sar":{"code":"SAR","alphaCode":"SAR","numericCode":"682","name":"Saudi Riyal","rate":0.19082878604982,"date":"Wed, 26 Oct 2022 11:55:01 GMT","inverseRate":5.2402995412807},"pln":{"code":"PLN","alphaCode":"PLN","numericCode":"985","name":"Polish Zloty","rate":0.24380179748939,"date":"Wed, 26 Oct 2022 11:55:01 GMT","inverseRate":4.1016924825729},"gip":{"code":"GIP","alphaCode":"GIP","numericCode":"292","name":"Gibraltar pound","rate":0.044359791040531,"date":"Wed, 26 Oct 2022 11:55:01 GMT","inverseRate":22.542937568987},"gel":{"code":"GEL","alphaCode":"GEL","numericCode":"981","name":"Georgian lari","rate":0.14193251342399,"date":"Wed, 26 Oct 2022 11:55:01 GMT","inverseRate":7.0456019968639},"mkd":{"code":"MKD","alphaCode":"MKD","numericCode":"807","name":"Macedonian denar","rate":3.1168643328167,"date":"Wed, 26 Oct 2022 11:55:01 GMT","inverseRate":0.3208352668646},"awg":{"code":"AWG","alphaCode":"AWG","numericCode":"533","name":"Aruban florin","rate":0.091827645791445,"date":"Wed, 26 Oct 2022 11:55:01 GMT","inverseRate":10.889966647638},"hnl":{"code":"HNL","alphaCode":"HNL","numericCode":"340","name":"Honduran Lempira","rate":1.2542300955059,"date":"Wed, 26 Oct 2022 11:55:01 GMT","inverseRate":0.79730186955581},"kes":{"code":"KES","alphaCode":"KES","numericCode":"404","name":"Kenyan shilling","rate":6.1537683066083,"date":"Wed, 26 Oct 2022 11:55:01 GMT","inverseRate":0.16250205567963},"bhd":{"code":"BHD","alphaCode":"BHD","numericCode":"048","name":"Bahrain Dinar","rate":0.019098679906355,"date":"Wed, 26 Oct 2022 11:55:01 GMT","inverseRate":52.359639771084},"hrk":{"code":"HRK","alphaCode":"HRK","numericCode":"191","name":"Croatian Kuna","rate":0.38477296082378,"date":"Wed, 26 Oct 2022 11:55:01 GMT","inverseRate":2.5989352210692},"mro":{"code":"MRO","alphaCode":"MRO","numericCode":"478","name":"Mauritanian Ouguiya","rate":1.9251903244189,"date":"Wed, 26 Oct 2022 11:55:01 GMT","inverseRate":0.51942916360846},"cop":{"code":"COP","alphaCode":"COP","numericCode":"170","name":"Colombian Peso","rate":252.38027317225,"date":"Wed, 26 Oct 2022 11:55:01 GMT","inverseRate":0.0039622748142343},"bbd":{"code":"BBD","alphaCode":"BBD","numericCode":"052","name":"Barbadian Dollar","rate":0.10243393767524,"date":"Wed, 26 Oct 2022 11:55:01 GMT","inverseRate":9.7623895233863},"djf":{"code":"DJF","alphaCode":"DJF","numericCode":"262","name":"Djiboutian franc","rate":9.0315457305788,"date":"Wed, 26 Oct 2022 11:55:01 GMT","inverseRate":0.11072301794522},"mzn":{"code":"MZN","alphaCode":"MZN","numericCode":"943","name":"Mozambican metical","rate":3.2522084956245,"date":"Wed, 26 Oct 2022 11:55:01 GMT","inverseRate":0.30748336133597},"ugx":{"code":"UGX","alphaCode":"UGX","numericCode":"800","name":"Ugandan shilling","rate":193.51553358086,"date":"Wed, 26 Oct 2022 11:55:01 GMT","inverseRate":0.0051675438219131},"hkd":{"code":"HKD","alphaCode":"HKD","numericCode":"344","name":"Hong Kong Dollar","rate":0.39848062714859,"date":"Wed, 26 Oct 2022 11:55:01 GMT","inverseRate":2.5095322880706},"mad":{"code":"MAD","alphaCode":"MAD","numericCode":"504","name":"Moroccan Dirham","rate":0.55389092780729,"date":"Wed, 26 Oct 2022 11:55:01 GMT","inverseRate":1.8054096028594},"myr":{"code":"MYR","alphaCode":"MYR","numericCode":"458","name":"Malaysian Ringgit","rate":0.23996227928365,"date":"Wed, 26 Oct 2022 11:55:01 GMT","inverseRate":4.1673216431568},"mdl":{"code":"MDL","alphaCode":"MDL","numericCode":"498","name":"Moldova Lei","rate":0.96977837270298,"date":"Wed, 26 Oct 2022 11:55:01 GMT","inverseRate":1.0311634370777},"pab":{"code":"PAB","alphaCode":"PAB","numericCode":"590","name":"Panamanian Balboa","rate":0.050762310230833,"date":"Wed, 26 Oct 2022 11:55:01 GMT","inverseRate":19.699655028557},"fjd":{"code":"FJD","alphaCode":"FJD","numericCode":"242","name":"Fiji Dollar","rate":0.11589927014809,"date":"Wed, 26 Oct 2022 11:55:01 GMT","inverseRate":8.6281820301565},"cdf":{"code":"CDF","alphaCode":"CDF","numericCode":"976","name":"Congolese franc","rate":104.23925286192,"date":"Wed, 26 Oct 2022 11:55:01 GMT","inverseRate":0.0095933151144576},"top":{"code":"TOP","alphaCode":"TOP","numericCode":"776","name":"Tongan pa\u02bbanga","rate":0.12085029566072,"date":"Wed, 26 Oct 2022 11:55:01 GMT","inverseRate":8.2747004840385},"vuv":{"code":"VUV","alphaCode":"VUV","numericCode":"548","name":"Vanuatu vatu","rate":6.161467391174,"date":"Wed, 26 Oct 2022 11:55:01 GMT","inverseRate":0.1622990006297},"kwd":{"code":"KWD","alphaCode":"KWD","numericCode":"414","name":"Kuwaiti Dinar","rate":0.015732531890279,"date":"Wed, 26 Oct 2022 11:55:01 GMT","inverseRate":63.562559858399},"thb":{"code":"THB","alphaCode":"THB","numericCode":"764","name":"Thai Baht","rate":1.9305129632876,"date":"Wed, 26 Oct 2022 11:55:01 GMT","inverseRate":0.51799703965572},"xof":{"code":"XOF","alphaCode":"XOF","numericCode":"952","name":"West African CFA Franc","rate":33.845661955364,"date":"Wed, 26 Oct 2022 11:55:01 GMT","inverseRate":0.029545883939833},"irr":{"code":"IRR","alphaCode":"IRR","numericCode":"364","name":"Iranian rial","rate":2133.7701692722,"date":"Wed, 26 Oct 2022 11:55:01 GMT","inverseRate":0.00046865403519118},"bob":{"code":"BOB","alphaCode":"BOB","numericCode":"068","name":"Bolivian Boliviano","rate":0.34976901902212,"date":"Wed, 26 Oct 2022 11:55:01 GMT","inverseRate":2.8590296613342},"lrd":{"code":"LRD","alphaCode":"LRD","numericCode":"430","name":"Liberian dollar","rate":7.7843183992041,"date":"Wed, 26 Oct 2022 11:55:01 GMT","inverseRate":0.12846339894091},"sdg":{"code":"SDG","alphaCode":"SDG","numericCode":"938","name":"Sudanese pound","rate":28.72784171135,"date":"Wed, 26 Oct 2022 11:55:01 GMT","inverseRate":0.034809437132373},"pgk":{"code":"PGK","alphaCode":"PGK","numericCode":"598","name":"Papua New Guinean kina","rate":0.17876425688965,"date":"Wed, 26 Oct 2022 11:55:01 GMT","inverseRate":5.5939594267847},"bwp":{"code":"BWP","alphaCode":"BWP","numericCode":"072","name":"Botswana Pula","rate":0.67557074573162,"date":"Wed, 26 Oct 2022 11:55:01 GMT","inverseRate":1.4802298742481},"omr":{"code":"OMR","alphaCode":"OMR","numericCode":"512","name":"Omani Rial","rate":0.019544010085112,"date":"Wed, 26 Oct 2022 11:55:01 GMT","inverseRate":51.166572041517},"ils":{"code":"ILS","alphaCode":"ILS","numericCode":"376","name":"Israeli New Sheqel","rate":0.17965325468214,"date":"Wed, 26 Oct 2022 11:55:01 GMT","inverseRate":5.5662782272956},"ngn":{"code":"NGN","alphaCode":"NGN","numericCode":"566","name":"Nigerian Naira","rate":22.185925230459,"date":"Wed, 26 Oct 2022 11:55:01 GMT","inverseRate":0.045073621659334},"uzs":{"code":"UZS","alphaCode":"UZS","numericCode":"860","name":"Uzbekistan Sum","rate":562.11634434515,"date":"Wed, 26 Oct 2022 11:55:01 GMT","inverseRate":0.0017789911466904},"etb":{"code":"ETB","alphaCode":"ETB","numericCode":"230","name":"Ethiopian birr","rate":2.6872368638677,"date":"Wed, 26 Oct 2022 11:55:01 GMT","inverseRate":0.37212945886754},"ttd":{"code":"TTD","alphaCode":"TTD","numericCode":"780","name":"Trinidad Tobago Dollar","rate":0.3441932254676,"date":"Wed, 26 Oct 2022 11:55:01 GMT","inverseRate":2.9053448063699},"zmw":{"code":"ZMW","alphaCode":"ZMW","numericCode":"967","name":"Zambian kwacha","rate":0.81552507730765,"date":"Wed, 26 Oct 2022 11:55:01 GMT","inverseRate":1.226203862794},"khr":{"code":"KHR","alphaCode":"KHR","numericCode":"116","name":"Cambodian riel","rate":210.02077491326,"date":"Wed, 26 Oct 2022 11:55:01 GMT","inverseRate":0.0047614337220354},"sek":{"code":"SEK","alphaCode":"SEK","numericCode":"752","name":"Swedish Krona","rate":0.55995085439082,"date":"Wed, 26 Oct 2022 11:55:01 GMT","inverseRate":1.7858710137837},"sgd":{"code":"SGD","alphaCode":"SGD","numericCode":"702","name":"Singapore Dollar","rate":0.071944455080304,"date":"Wed, 26 Oct 2022 11:55:01 GMT","inverseRate":13.899611844774},"huf":{"code":"HUF","alphaCode":"HUF","numericCode":"348","name":"Hungarian Forint","rate":21.043821802654,"date":"Wed, 26 Oct 2022 11:55:01 GMT","inverseRate":0.047519885379085},"byn":{"code":"BYN","alphaCode":"BYN","numericCode":"933","name":"Belarussian Ruble","rate":0.1515636533694,"date":"Wed, 26 Oct 2022 11:55:01 GMT","inverseRate":6.5978879353268},"tjs":{"code":"TJS","alphaCode":"TJS","numericCode":"972","name":"Tajikistan Ruble","rate":0.51502747032506,"date":"Wed, 26 Oct 2022 11:55:01 GMT","inverseRate":1.9416440046758},"gmd":{"code":"GMD","alphaCode":"GMD","numericCode":"270","name":"Gambian dalasi","rate":3.0392175110243,"date":"Wed, 26 Oct 2022 11:55:01 GMT","inverseRate":0.32903206051316},"cve":{"code":"CVE","alphaCode":"CVE","numericCode":"132","name":"Cape Verde escudo","rate":5.5989297070843,"date":"Wed, 26 Oct 2022 11:55:01 GMT","inverseRate":0.17860556433397},"all":{"code":"ALL","alphaCode":"ALL","numericCode":"008","name":"Albanian lek","rate":5.9583671697614,"date":"Wed, 26 Oct 2022 11:55:01 GMT","inverseRate":0.16783121474537},"scr":{"code":"SCR","alphaCode":"SCR","numericCode":"690","name":"Seychelles rupee","rate":0.6604101542839,"date":"Wed, 26 Oct 2022 11:55:01 GMT","inverseRate":1.5142105152582},"dop":{"code":"DOP","alphaCode":"DOP","numericCode":"214","name":"Dominican Peso","rate":2.7269084515062,"date":"Wed, 26 Oct 2022 11:55:01 GMT","inverseRate":0.36671564806206},"cny":{"code":"CNY","alphaCode":"CNY","numericCode":"156","name":"Chinese Yuan","rate":0.369362395818,"date":"Wed, 26 Oct 2022 11:55:01 GMT","inverseRate":2.7073681872389},"isk":{"code":"ISK","alphaCode":"ISK","numericCode":"352","name":"Icelandic Krona","rate":7.3462297474343,"date":"Wed, 26 Oct 2022 11:55:01 GMT","inverseRate":0.13612424799936},"lyd":{"code":"LYD","alphaCode":"LYD","numericCode":"434","name":"Libyan Dinar","rate":0.25400486153408,"date":"Wed, 26 Oct 2022 11:55:01 GMT","inverseRate":3.936932521529},"clp":{"code":"CLP","alphaCode":"CLP","numericCode":"152","name":"Chilean Peso","rate":49.013023748019,"date":"Wed, 26 Oct 2022 11:55:01 GMT","inverseRate":0.020402740405104},"bsd":{"code":"BSD","alphaCode":"BSD","numericCode":"044","name":"Bahamian Dollar","rate":0.050762310230833,"date":"Wed, 26 Oct 2022 11:55:01 GMT","inverseRate":19.699655028557},"xpf":{"code":"XPF","alphaCode":"XPF","numericCode":"953","name":"CFP Franc","rate":6.0643815434092,"date":"Wed, 26 Oct 2022 11:55:01 GMT","inverseRate":0.16489727647278}}