{"usd":{"code":"USD","alphaCode":"USD","numericCode":"840","name":"U.S. Dollar","rate":0.4379864529429,"date":"Wed, 26 Oct 2022 11:55:01 GMT","inverseRate":2.2831756399789},"eur":{"code":"EUR","alphaCode":"EUR","numericCode":"978","name":"Euro","rate":0.43768607079073,"date":"Wed, 26 Oct 2022 11:55:01 GMT","inverseRate":2.2847425740403},"gbp":{"code":"GBP","alphaCode":"GBP","numericCode":"826","name":"U.K. Pound Sterling","rate":0.37937382024356,"date":"Wed, 26 Oct 2022 11:55:01 GMT","inverseRate":2.6359225298098},"cad":{"code":"CAD","alphaCode":"CAD","numericCode":"124","name":"Canadian Dollar","rate":0.59658217738018,"date":"Wed, 26 Oct 2022 11:55:01 GMT","inverseRate":1.6762150092907},"jpy":{"code":"JPY","alphaCode":"JPY","numericCode":"392","name":"Japanese Yen","rate":64.567104929265,"date":"Wed, 26 Oct 2022 11:55:01 GMT","inverseRate":0.01548776270975},"aud":{"code":"AUD","alphaCode":"AUD","numericCode":"036","name":"Australian Dollar","rate":0.68498809595619,"date":"Wed, 26 Oct 2022 11:55:01 GMT","inverseRate":1.459879384625},"chf":{"code":"CHF","alphaCode":"CHF","numericCode":"756","name":"Swiss Franc","rate":0.43338647519545,"date":"Wed, 26 Oct 2022 11:55:01 GMT","inverseRate":2.3074093383949},"lsl":{"code":"LSL","alphaCode":"LSL","numericCode":"426","name":"Lesotho loti","rate":7.9077098366882,"date":"Wed, 26 Oct 2022 11:55:01 GMT","inverseRate":0.12645886364728},"tzs":{"code":"TZS","alphaCode":"TZS","numericCode":"834","name":"Tanzanian shilling","rate":1020.637254902,"date":"Wed, 26 Oct 2022 11:55:01 GMT","inverseRate":0.00097978002977763},"ang":{"code":"ANG","alphaCode":"ANG","numericCode":"532","name":"Neth. Antillean Guilder","rate":0.78448491129506,"date":"Wed, 26 Oct 2022 11:55:01 GMT","inverseRate":1.2747217768015},"lbp":{"code":"LBP","alphaCode":"LBP","numericCode":"422","name":"Lebanese Pound","rate":661.60720930452,"date":"Wed, 26 Oct 2022 11:55:01 GMT","inverseRate":0.0015114708333532},"mxn":{"code":"MXN","alphaCode":"MXN","numericCode":"484","name":"Mexican Peso","rate":8.7055748549247,"date":"Wed, 26 Oct 2022 11:55:01 GMT","inverseRate":0.11486892211768},"kzt":{"code":"KZT","alphaCode":"KZT","numericCode":"398","name":"Kazakhstani Tenge","rate":207.08313199089,"date":"Wed, 26 Oct 2022 11:55:01 GMT","inverseRate":0.004828978538165},"htg":{"code":"HTG","alphaCode":"HTG","numericCode":"332","name":"Haitian gourde","rate":54.722494174681,"date":"Wed, 26 Oct 2022 11:55:01 GMT","inverseRate":0.018274020858915},"bnd":{"code":"BND","alphaCode":"BND","numericCode":"096","name":"Brunei Dollar","rate":0.61664445431658,"date":"Wed, 26 Oct 2022 11:55:01 GMT","inverseRate":1.6216800345805},"kmf":{"code":"KMF","alphaCode":"KMF","numericCode":"174","name":"\tComoro franc","rate":218.02094240838,"date":"Wed, 26 Oct 2022 11:55:01 GMT","inverseRate":0.0045867153354785},"mru":{"code":"MRU","alphaCode":"MRU","numericCode":"929","name":"Mauritanian ouguiya","rate":16.616919393456,"date":"Wed, 26 Oct 2022 11:55:01 GMT","inverseRate":0.060179626338793},"mnt":{"code":"MNT","alphaCode":"MNT","numericCode":"496","name":"Mongolian togrog","rate":1487.2142857143,"date":"Wed, 26 Oct 2022 11:55:01 GMT","inverseRate":0.00067239805965133},"jod":{"code":"JOD","alphaCode":"JOD","numericCode":"400","name":"Jordanian Dinar","rate":0.31052057523314,"date":"Wed, 26 Oct 2022 11:55:01 GMT","inverseRate":3.2203985170683},"php":{"code":"PHP","alphaCode":"PHP","numericCode":"608","name":"Philippine Peso","rate":25.746943749854,"date":"Wed, 26 Oct 2022 11:55:01 GMT","inverseRate":0.038839561297666},"xaf":{"code":"XAF","alphaCode":"XAF","numericCode":"950","name":"Central African CFA Franc","rate":292.20935551613,"date":"Wed, 26 Oct 2022 11:55:01 GMT","inverseRate":0.0034222039134705},"amd":{"code":"AMD","alphaCode":"AMD","numericCode":"051","name":"Armenia Dram","rate":177.10421635211,"date":"Wed, 26 Oct 2022 11:55:01 GMT","inverseRate":0.0056463929577591},"uyu":{"code":"UYU","alphaCode":"UYU","numericCode":"858","name":"Uruguayan Peso","rate":18.029946823025,"date":"Wed, 26 Oct 2022 11:55:01 GMT","inverseRate":0.055463280608403},"jmd":{"code":"JMD","alphaCode":"JMD","numericCode":"388","name":"Jamaican Dollar","rate":67.164516129029,"date":"Wed, 26 Oct 2022 11:55:01 GMT","inverseRate":0.014888814177994},"ssp":{"code":"SSP","alphaCode":"SSP","numericCode":"728","name":"South Sudanese pound","rate":267.00436009233,"date":"Wed, 26 Oct 2022 11:55:01 GMT","inverseRate":0.0037452571922578},"ghs":{"code":"GHS","alphaCode":"GHS","numericCode":"936","name":"Ghanaian Cedi","rate":6.1400766735478,"date":"Wed, 26 Oct 2022 11:55:01 GMT","inverseRate":0.16286441573411},"cup":{"code":"CUP","alphaCode":"CUP","numericCode":"192","name":"Cuban peso","rate":0.4379864529429,"date":"Wed, 26 Oct 2022 11:55:01 GMT","inverseRate":2.2831756399789},"nzd":{"code":"NZD","alphaCode":"NZD","numericCode":"554","name":"New Zealand Dollar","rate":0.76231192941643,"date":"Wed, 26 Oct 2022 11:55:01 GMT","inverseRate":1.3117989649795},"try":{"code":"TRY","alphaCode":"TRY","numericCode":"949","name":"Turkish Lira","rate":8.1465354120767,"date":"Wed, 26 Oct 2022 11:55:01 GMT","inverseRate":0.12275156854011},"vnd":{"code":"VND","alphaCode":"VND","numericCode":"704","name":"Vietnamese Dong","rate":10873.248508548,"date":"Wed, 26 Oct 2022 11:55:01 GMT","inverseRate":9.1968835184245e-5},"kgs":{"code":"KGS","alphaCode":"KGS","numericCode":"417","name":"Kyrgyzstan Som","rate":35.663375035557,"date":"Wed, 26 Oct 2022 11:55:01 GMT","inverseRate":0.028039970950674},"mga":{"code":"MGA","alphaCode":"MGA","numericCode":"969","name":"Malagasy ariary","rate":1870.7097933513,"date":"Wed, 26 Oct 2022 11:55:01 GMT","inverseRate":0.0005345564574228},"srd":{"code":"SRD","alphaCode":"SRD","numericCode":"968","name":"Surinamese dollar","rate":12.836621454994,"date":"Wed, 26 Oct 2022 11:55:01 GMT","inverseRate":0.077902118053889},"mwk":{"code":"MWK","alphaCode":"MWK","numericCode":"454","name":"Malawian kwacha","rate":449.60051824659,"date":"Wed, 26 Oct 2022 11:55:01 GMT","inverseRate":0.0022241967244609},"yer":{"code":"YER","alphaCode":"YER","numericCode":"886","name":"Yemeni rial","rate":109.50928312207,"date":"Wed, 26 Oct 2022 11:55:01 GMT","inverseRate":0.0091316459343933},"nok":{"code":"NOK","alphaCode":"NOK","numericCode":"578","name":"Norwegian Krone","rate":4.5702163926549,"date":"Wed, 26 Oct 2022 11:55:01 GMT","inverseRate":0.21880802003318},"qar":{"code":"QAR","alphaCode":"QAR","numericCode":"634","name":"Qatari Rial","rate":1.6103878941143,"date":"Wed, 26 Oct 2022 11:55:01 GMT","inverseRate":0.62096840373354},"czk":{"code":"CZK","alphaCode":"CZK","numericCode":"203","name":"Czech Koruna","rate":10.803092936359,"date":"Wed, 26 Oct 2022 11:55:01 GMT","inverseRate":0.092566083240331},"rub":{"code":"RUB","alphaCode":"RUB","numericCode":"643","name":"Russian Rouble","rate":28.120458793754,"date":"Wed, 26 Oct 2022 11:55:01 GMT","inverseRate":0.035561297464397},"rsd":{"code":"RSD","alphaCode":"RSD","numericCode":"941","name":"Serbian Dinar","rate":51.364842322741,"date":"Wed, 26 Oct 2022 11:55:01 GMT","inverseRate":0.019468569449054},"nio":{"code":"NIO","alphaCode":"NIO","numericCode":"558","name":"Nicaraguan C\u00f3rdoba","rate":15.761544284633,"date":"Wed, 26 Oct 2022 11:55:01 GMT","inverseRate":0.063445559771385},"sbd":{"code":"SBD","alphaCode":"SBD","numericCode":"090","name":"Solomon Islands dollar","rate":3.5774914089346,"date":"Wed, 26 Oct 2022 11:55:01 GMT","inverseRate":0.27952547908363},"mmk":{"code":"MMK","alphaCode":"MMK","numericCode":"104","name":"Myanma Kyat","rate":919.24944812362,"date":"Wed, 26 Oct 2022 11:55:01 GMT","inverseRate":0.0010878440036502},"mur":{"code":"MUR","alphaCode":"MUR","numericCode":"480","name":"Mauritian Rupee","rate":19.278703703704,"date":"Wed, 26 Oct 2022 11:55:01 GMT","inverseRate":0.051870707458816},"ves":{"code":"VES","alphaCode":"VES","numericCode":"928","name":"Venezuelan Bolivar","rate":3.6504780802206,"date":"Wed, 26 Oct 2022 11:55:01 GMT","inverseRate":0.27393672226613},"bdt":{"code":"BDT","alphaCode":"BDT","numericCode":"050","name":"Bangladeshi taka","rate":44.478944489693,"date":"Wed, 26 Oct 2022 11:55:01 GMT","inverseRate":0.022482547899304},"ron":{"code":"RON","alphaCode":"RON","numericCode":"946","name":"Romanian New Leu","rate":2.1568992038948,"date":"Wed, 26 Oct 2022 11:55:01 GMT","inverseRate":0.46362852663409},"dzd":{"code":"DZD","alphaCode":"DZD","numericCode":"012","name":"Algerian Dinar","rate":61.473124319282,"date":"Wed, 26 Oct 2022 11:55:01 GMT","inverseRate":0.01626727144705},"ars":{"code":"ARS","alphaCode":"ARS","numericCode":"032","name":"Argentine Peso","rate":67.868233886633,"date":"Wed, 26 Oct 2022 11:55:01 GMT","inverseRate":0.014734433809938},"stn":{"code":"STN","alphaCode":"STN","numericCode":"930","name":"S\u00e3o Tom\u00e9 and Pr\u00edncipe Dobra","rate":10.799273858921,"date":"Wed, 26 Oct 2022 11:55:01 GMT","inverseRate":0.092598818500555},"bif":{"code":"BIF","alphaCode":"BIF","numericCode":"108","name":"Burundian franc","rate":904.86744893524,"date":"Wed, 26 Oct 2022 11:55:01 GMT","inverseRate":0.0011051342394698},"szl":{"code":"SZL","alphaCode":"SZL","numericCode":"748","name":"Swazi lilangeni","rate":7.9077098366882,"date":"Wed, 26 Oct 2022 11:55:01 GMT","inverseRate":0.12645886364728},"sos":{"code":"SOS","alphaCode":"SOS","numericCode":"706","name":"Somali shilling","rate":248.84665949564,"date":"Wed, 26 Oct 2022 11:55:01 GMT","inverseRate":0.0040185389750732},"aed":{"code":"AED","alphaCode":"AED","numericCode":"784","name":"U.A.E Dirham","rate":1.6087049901704,"date":"Wed, 26 Oct 2022 11:55:01 GMT","inverseRate":0.62161801331523},"idr":{"code":"IDR","alphaCode":"IDR","numericCode":"360","name":"Indonesian Rupiah","rate":6840.4244536077,"date":"Wed, 26 Oct 2022 11:55:01 GMT","inverseRate":0.00014618975865929},"krw":{"code":"KRW","alphaCode":"KRW","numericCode":"410","name":"South Korean Won","rate":625.37190467042,"date":"Wed, 26 Oct 2022 11:55:01 GMT","inverseRate":0.0015990484902372},"uah":{"code":"UAH","alphaCode":"UAH","numericCode":"980","name":"Ukrainian Hryvnia","rate":16.193611093069,"date":"Wed, 26 Oct 2022 11:55:01 GMT","inverseRate":0.061752748923802},"crc":{"code":"CRC","alphaCode":"CRC","numericCode":"188","name":"Costa Rican Col\u00f3n","rate":273.38517824281,"date":"Wed, 26 Oct 2022 11:55:01 GMT","inverseRate":0.0036578427785571},"bzd":{"code":"BZD","alphaCode":"BZD","numericCode":"084","name":"Belize dollar","rate":0.88232053563861,"date":"Wed, 26 Oct 2022 11:55:01 GMT","inverseRate":1.1333749579751},"gnf":{"code":"GNF","alphaCode":"GNF","numericCode":"324","name":"Guinean franc","rate":3771.9202898551,"date":"Wed, 26 Oct 2022 11:55:01 GMT","inverseRate":0.00026511694923394},"ern":{"code":"ERN","alphaCode":"ERN","numericCode":"232","name":"Eritrean nakfa","rate":6.5993660855786,"date":"Wed, 26 Oct 2022 11:55:01 GMT","inverseRate":0.1515297055857},"wst":{"code":"WST","alphaCode":"WST","numericCode":"882","name":"Samoan tala","rate":1.2237569060773,"date":"Wed, 26 Oct 2022 11:55:01 GMT","inverseRate":0.81715575620769},"brl":{"code":"BRL","alphaCode":"BRL","numericCode":"986","name":"Brazilian Real","rate":2.3262669233528,"date":"Wed, 26 Oct 2022 11:55:01 GMT","inverseRate":0.42987328322527},"inr":{"code":"INR","alphaCode":"INR","numericCode":"356","name":"Indian Rupee","rate":36.147704987998,"date":"Wed, 26 Oct 2022 11:55:01 GMT","inverseRate":0.027664273577867},"npr":{"code":"NPR","alphaCode":"NPR","numericCode":"524","name":"Nepalese Rupee","rate":57.975347878244,"date":"Wed, 26 Oct 2022 11:55:01 GMT","inverseRate":0.01724871064336},"zar":{"code":"ZAR","alphaCode":"ZAR","numericCode":"710","name":"South African Rand","rate":8.0120939597665,"date":"Wed, 26 Oct 2022 11:55:01 GMT","inverseRate":0.12481131711904},"azn":{"code":"AZN","alphaCode":"AZN","numericCode":"944","name":"Azerbaijan Manat","rate":0.7433002769482,"date":"Wed, 26 Oct 2022 11:55:01 GMT","inverseRate":1.34535130823},"pyg":{"code":"PYG","alphaCode":"PYG","numericCode":"600","name":"Paraguayan Guaran\u00ed","rate":3165.9126036551,"date":"Wed, 26 Oct 2022 11:55:01 GMT","inverseRate":0.0003158646890143},"gyd":{"code":"GYD","alphaCode":"GYD","numericCode":"328","name":"Guyanese dollar","rate":91.577234342012,"date":"Wed, 26 Oct 2022 11:55:01 GMT","inverseRate":0.010919744488737},"rwf":{"code":"RWF","alphaCode":"RWF","numericCode":"646","name":"Rwandan franc","rate":466.94326082082,"date":"Wed, 26 Oct 2022 11:55:01 GMT","inverseRate":0.0021415878199894},"mop":{"code":"MOP","alphaCode":"MOP","numericCode":"446","name":"Macanese pataca","rate":3.5409863945577,"date":"Wed, 26 Oct 2022 11:55:01 GMT","inverseRate":0.28240718505356},"bam":{"code":"BAM","alphaCode":"BAM","numericCode":"977","name":"Bosnia and Herzegovina convertible mark","rate":0.85570442216012,"date":"Wed, 26 Oct 2022 11:55:01 GMT","inverseRate":1.168627827674},"dkk":{"code":"DKK","alphaCode":"DKK","numericCode":"208","name":"Danish Krone","rate":3.2821950690275,"date":"Wed, 26 Oct 2022 11:55:01 GMT","inverseRate":0.30467415219666},"lkr":{"code":"LKR","alphaCode":"LKR","numericCode":"144","name":"Sri Lanka Rupee","rate":160.185527527,"date":"Wed, 26 Oct 2022 11:55:01 GMT","inverseRate":0.0062427612246772},"tnd":{"code":"TND","alphaCode":"TND","numericCode":"788","name":"Tunisian Dinar","rate":1.4186455786173,"date":"Wed, 26 Oct 2022 11:55:01 GMT","inverseRate":0.70489769613537},"twd":{"code":"TWD","alphaCode":"TWD","numericCode":"901","name":"New Taiwan Dollar ","rate":14.130010654912,"date":"Wed, 26 Oct 2022 11:55:01 GMT","inverseRate":0.070771354984956},"iqd":{"code":"IQD","alphaCode":"IQD","numericCode":"368","name":"Iraqi dinar","rate":639.16841384322,"date":"Wed, 26 Oct 2022 11:55:01 GMT","inverseRate":0.0015645328810714},"afn":{"code":"AFN","alphaCode":"AFN","numericCode":"971","name":"Afghan afghani","rate":38.454150891125,"date":"Wed, 26 Oct 2022 11:55:01 GMT","inverseRate":0.026004994957015},"nad":{"code":"NAD","alphaCode":"NAD","numericCode":"516","name":"Namibian dollar","rate":7.9077098366882,"date":"Wed, 26 Oct 2022 11:55:01 GMT","inverseRate":0.12645886364728},"syp":{"code":"SYP","alphaCode":"SYP","numericCode":"760","name":"Syrian pound","rate":1095.8421052631,"date":"Wed, 26 Oct 2022 11:55:01 GMT","inverseRate":0.00091254022381251},"lak":{"code":"LAK","alphaCode":"LAK","numericCode":"418","name":"Lao kip","rate":7571.2727272724,"date":"Wed, 26 Oct 2022 11:55:01 GMT","inverseRate":0.00013207819028866},"gtq":{"code":"GTQ","alphaCode":"GTQ","numericCode":"320","name":"Guatemalan Quetzal","rate":3.4318444041536,"date":"Wed, 26 Oct 2022 11:55:01 GMT","inverseRate":0.29138850199318},"pkr":{"code":"PKR","alphaCode":"PKR","numericCode":"586","name":"Pakistani Rupee","rate":96.492660933968,"date":"Wed, 26 Oct 2022 11:55:01 GMT","inverseRate":0.010363482469245},"bgn":{"code":"BGN","alphaCode":"BGN","numericCode":"975","name":"Bulgarian Lev","rate":0.86215623126572,"date":"Wed, 26 Oct 2022 11:55:01 GMT","inverseRate":1.1598825870944},"pen":{"code":"PEN","alphaCode":"PEN","numericCode":"604","name":"Peruvian Nuevo Sol","rate":1.7508068299002,"date":"Wed, 26 Oct 2022 11:55:01 GMT","inverseRate":0.57116523817594},"tmt":{"code":"TMT","alphaCode":"TMT","numericCode":"934","name":"New Turkmenistan Manat","rate":1.5310526337929,"date":"Wed, 26 Oct 2022 11:55:01 GMT","inverseRate":0.65314540984963},"svc":{"code":"SVC","alphaCode":"SVC","numericCode":"222","name":"Salvadoran colon","rate":3.8323210012883,"date":"Wed, 26 Oct 2022 11:55:01 GMT","inverseRate":0.26093847557755},"xcd":{"code":"XCD","alphaCode":"XCD","numericCode":"951","name":"East Caribbean Dollar","rate":1.1867198632089,"date":"Wed, 26 Oct 2022 11:55:01 GMT","inverseRate":0.8426588540416},"aoa":{"code":"AOA","alphaCode":"AOA","numericCode":"973","name":"Angolan kwanza","rate":194.58878504673,"date":"Wed, 26 Oct 2022 11:55:01 GMT","inverseRate":0.0051390423130493},"mvr":{"code":"MVR","alphaCode":"MVR","numericCode":"462","name":"Maldivian rufiyaa","rate":6.7666558336041,"date":"Wed, 26 Oct 2022 11:55:01 GMT","inverseRate":0.14778348782479},"sar":{"code":"SAR","alphaCode":"SAR","numericCode":"682","name":"Saudi Riyal","rate":1.6465055026316,"date":"Wed, 26 Oct 2022 11:55:01 GMT","inverseRate":0.6073468921918},"pln":{"code":"PLN","alphaCode":"PLN","numericCode":"985","name":"Polish Zloty","rate":2.1035662880178,"date":"Wed, 26 Oct 2022 11:55:01 GMT","inverseRate":0.47538316510211},"gip":{"code":"GIP","alphaCode":"GIP","numericCode":"292","name":"Gibraltar pound","rate":0.3827443519174,"date":"Wed, 26 Oct 2022 11:55:01 GMT","inverseRate":2.6127100112396},"gel":{"code":"GEL","alphaCode":"GEL","numericCode":"981","name":"Georgian lari","rate":1.2246195618198,"date":"Wed, 26 Oct 2022 11:55:01 GMT","inverseRate":0.81658012919045},"mkd":{"code":"MKD","alphaCode":"MKD","numericCode":"807","name":"Macedonian denar","rate":26.892872826845,"date":"Wed, 26 Oct 2022 11:55:01 GMT","inverseRate":0.037184573267375},"awg":{"code":"AWG","alphaCode":"AWG","numericCode":"533","name":"Aruban florin","rate":0.79230564328933,"date":"Wed, 26 Oct 2022 11:55:01 GMT","inverseRate":1.2621391863983},"hnl":{"code":"HNL","alphaCode":"HNL","numericCode":"340","name":"Honduran Lempira","rate":10.821725571725,"date":"Wed, 26 Oct 2022 11:55:01 GMT","inverseRate":0.092406704769225},"kes":{"code":"KES","alphaCode":"KES","numericCode":"404","name":"Kenyan shilling","rate":53.095833120824,"date":"Wed, 26 Oct 2022 11:55:01 GMT","inverseRate":0.018833869650833},"bhd":{"code":"BHD","alphaCode":"BHD","numericCode":"048","name":"Bahrain Dinar","rate":0.16478688676772,"date":"Wed, 26 Oct 2022 11:55:01 GMT","inverseRate":6.0684440346855},"egp":{"code":"EGP","alphaCode":"EGP","numericCode":"818","name":"Egyptian Pound","rate":8.6281820301565,"date":"Wed, 26 Oct 2022 11:55:01 GMT","inverseRate":0.11589927014809},"hrk":{"code":"HRK","alphaCode":"HRK","numericCode":"191","name":"Croatian Kuna","rate":3.3198911462698,"date":"Wed, 26 Oct 2022 11:55:01 GMT","inverseRate":0.30121469528409},"mro":{"code":"MRO","alphaCode":"MRO","numericCode":"478","name":"Mauritanian Ouguiya","rate":16.610892561782,"date":"Wed, 26 Oct 2022 11:55:01 GMT","inverseRate":0.060201460955853},"cop":{"code":"COP","alphaCode":"COP","numericCode":"170","name":"Colombian Peso","rate":2177.5829377508,"date":"Wed, 26 Oct 2022 11:55:01 GMT","inverseRate":0.00045922475909591},"bbd":{"code":"BBD","alphaCode":"BBD","numericCode":"052","name":"Barbadian Dollar","rate":0.8838186603277,"date":"Wed, 26 Oct 2022 11:55:01 GMT","inverseRate":1.1314538206618},"djf":{"code":"DJF","alphaCode":"DJF","numericCode":"262","name":"Djiboutian franc","rate":77.925820577117,"date":"Wed, 26 Oct 2022 11:55:01 GMT","inverseRate":0.012832716968445},"mzn":{"code":"MZN","alphaCode":"MZN","numericCode":"943","name":"Mozambican metical","rate":28.060646900269,"date":"Wed, 26 Oct 2022 11:55:01 GMT","inverseRate":0.03563709716152},"ugx":{"code":"UGX","alphaCode":"UGX","numericCode":"800","name":"Ugandan shilling","rate":1669.6872493985,"date":"Wed, 26 Oct 2022 11:55:01 GMT","inverseRate":0.000598914557418},"hkd":{"code":"HKD","alphaCode":"HKD","numericCode":"344","name":"Hong Kong Dollar","rate":3.438163386529,"date":"Wed, 26 Oct 2022 11:55:01 GMT","inverseRate":0.29085296060044},"mad":{"code":"MAD","alphaCode":"MAD","numericCode":"504","name":"Moroccan Dirham","rate":4.7790717499736,"date":"Wed, 26 Oct 2022 11:55:01 GMT","inverseRate":0.20924565528976},"myr":{"code":"MYR","alphaCode":"MYR","numericCode":"458","name":"Malaysian Ringgit","rate":2.0704382260306,"date":"Wed, 26 Oct 2022 11:55:01 GMT","inverseRate":0.48298953691421},"mdl":{"code":"MDL","alphaCode":"MDL","numericCode":"498","name":"Moldova Lei","rate":8.3674243285902,"date":"Wed, 26 Oct 2022 11:55:01 GMT","inverseRate":0.1195110897607},"pab":{"code":"PAB","alphaCode":"PAB","numericCode":"590","name":"Panamanian Balboa","rate":0.4379864529429,"date":"Wed, 26 Oct 2022 11:55:01 GMT","inverseRate":2.2831756399789},"cdf":{"code":"CDF","alphaCode":"CDF","numericCode":"976","name":"Congolese franc","rate":899.39524838014,"date":"Wed, 26 Oct 2022 11:55:01 GMT","inverseRate":0.0011118582200663},"top":{"code":"TOP","alphaCode":"TOP","numericCode":"776","name":"Tongan pa\u02bbanga","rate":1.042718349359,"date":"Wed, 26 Oct 2022 11:55:01 GMT","inverseRate":0.95903174679411},"vuv":{"code":"VUV","alphaCode":"VUV","numericCode":"548","name":"Vanuatu vatu","rate":53.162262223922,"date":"Wed, 26 Oct 2022 11:55:01 GMT","inverseRate":0.018810335718746},"kwd":{"code":"KWD","alphaCode":"KWD","numericCode":"414","name":"Kuwaiti Dinar","rate":0.13574314894457,"date":"Wed, 26 Oct 2022 11:55:01 GMT","inverseRate":7.3668542963327},"thb":{"code":"THB","alphaCode":"THB","numericCode":"764","name":"Thai Baht","rate":16.656817258823,"date":"Wed, 26 Oct 2022 11:55:01 GMT","inverseRate":0.060035478834969},"xof":{"code":"XOF","alphaCode":"XOF","numericCode":"952","name":"West African CFA Franc","rate":292.02653228202,"date":"Wed, 26 Oct 2022 11:55:01 GMT","inverseRate":0.0034243463845068},"irr":{"code":"IRR","alphaCode":"IRR","numericCode":"364","name":"Iranian rial","rate":18410.557430999,"date":"Wed, 26 Oct 2022 11:55:01 GMT","inverseRate":5.4316660630614e-5},"bob":{"code":"BOB","alphaCode":"BOB","numericCode":"068","name":"Bolivian Boliviano","rate":3.0178707646321,"date":"Wed, 26 Oct 2022 11:55:01 GMT","inverseRate":0.33135945108037},"lrd":{"code":"LRD","alphaCode":"LRD","numericCode":"430","name":"Liberian dollar","rate":67.164516129029,"date":"Wed, 26 Oct 2022 11:55:01 GMT","inverseRate":0.014888814177994},"sdg":{"code":"SDG","alphaCode":"SDG","numericCode":"938","name":"Sudanese pound","rate":247.86904761905,"date":"Wed, 26 Oct 2022 11:55:01 GMT","inverseRate":0.0040343883579079},"pgk":{"code":"PGK","alphaCode":"PGK","numericCode":"598","name":"Papua New Guinean kina","rate":1.5424105489295,"date":"Wed, 26 Oct 2022 11:55:01 GMT","inverseRate":0.64833581480237},"bwp":{"code":"BWP","alphaCode":"BWP","numericCode":"072","name":"Botswana Pula","rate":5.828947368421,"date":"Wed, 26 Oct 2022 11:55:01 GMT","inverseRate":0.17155756207675},"omr":{"code":"OMR","alphaCode":"OMR","numericCode":"512","name":"Omani Rial","rate":0.16862927661356,"date":"Wed, 26 Oct 2022 11:55:01 GMT","inverseRate":5.9301683555914},"ils":{"code":"ILS","alphaCode":"ILS","numericCode":"376","name":"Israeli New Sheqel","rate":1.5500809837076,"date":"Wed, 26 Oct 2022 11:55:01 GMT","inverseRate":0.64512758398476},"ngn":{"code":"NGN","alphaCode":"NGN","numericCode":"566","name":"Nigerian Naira","rate":191.42420139585,"date":"Wed, 26 Oct 2022 11:55:01 GMT","inverseRate":0.0052239998532479},"uzs":{"code":"UZS","alphaCode":"UZS","numericCode":"860","name":"Uzbekistan Sum","rate":4850.0421411361,"date":"Wed, 26 Oct 2022 11:55:01 GMT","inverseRate":0.00020618377550133},"etb":{"code":"ETB","alphaCode":"ETB","numericCode":"230","name":"Ethiopian birr","rate":23.185968819598,"date":"Wed, 26 Oct 2022 11:55:01 GMT","inverseRate":0.043129532683351},"ttd":{"code":"TTD","alphaCode":"TTD","numericCode":"780","name":"Trinidad Tobago Dollar","rate":2.9697618028811,"date":"Wed, 26 Oct 2022 11:55:01 GMT","inverseRate":0.33672734258682},"zmw":{"code":"ZMW","alphaCode":"ZMW","numericCode":"967","name":"Zambian kwacha","rate":7.0364988171679,"date":"Wed, 26 Oct 2022 11:55:01 GMT","inverseRate":0.14211613275059},"khr":{"code":"KHR","alphaCode":"KHR","numericCode":"116","name":"Cambodian riel","rate":1812.0974760661,"date":"Wed, 26 Oct 2022 11:55:01 GMT","inverseRate":0.00055184669324241},"sek":{"code":"SEK","alphaCode":"SEK","numericCode":"752","name":"Swedish Krona","rate":4.8313578996257,"date":"Wed, 26 Oct 2022 11:55:01 GMT","inverseRate":0.20698114707616},"sgd":{"code":"SGD","alphaCode":"SGD","numericCode":"702","name":"Singapore Dollar","rate":0.62074985449328,"date":"Wed, 26 Oct 2022 11:55:01 GMT","inverseRate":1.610954868151},"huf":{"code":"HUF","alphaCode":"HUF","numericCode":"348","name":"Hungarian Forint","rate":181.56992512347,"date":"Wed, 26 Oct 2022 11:55:01 GMT","inverseRate":0.0055075200329568},"byn":{"code":"BYN","alphaCode":"BYN","numericCode":"933","name":"Belarussian Ruble","rate":1.3077187904267,"date":"Wed, 26 Oct 2022 11:55:01 GMT","inverseRate":0.76469039622327},"tjs":{"code":"TJS","alphaCode":"TJS","numericCode":"972","name":"Tajikistan Ruble","rate":4.4437507644956,"date":"Wed, 26 Oct 2022 11:55:01 GMT","inverseRate":0.22503512302934},"gmd":{"code":"GMD","alphaCode":"GMD","numericCode":"270","name":"Gambian dalasi","rate":26.222921914357,"date":"Wed, 26 Oct 2022 11:55:01 GMT","inverseRate":0.038134575668797},"cve":{"code":"CVE","alphaCode":"CVE","numericCode":"132","name":"Cape Verde escudo","rate":48.308584686774,"date":"Wed, 26 Oct 2022 11:55:01 GMT","inverseRate":0.020700254550694},"all":{"code":"ALL","alphaCode":"ALL","numericCode":"008","name":"Albanian lek","rate":51.40987654321,"date":"Wed, 26 Oct 2022 11:55:01 GMT","inverseRate":0.019451515297056},"scr":{"code":"SCR","alphaCode":"SCR","numericCode":"690","name":"Seychelles rupee","rate":5.6981390257253,"date":"Wed, 26 Oct 2022 11:55:01 GMT","inverseRate":0.17549589356899},"dop":{"code":"DOP","alphaCode":"DOP","numericCode":"214","name":"Dominican Peso","rate":23.528262499168,"date":"Wed, 26 Oct 2022 11:55:01 GMT","inverseRate":0.042502075962276},"cny":{"code":"CNY","alphaCode":"CNY","numericCode":"156","name":"Chinese Yuan","rate":3.1869259862124,"date":"Wed, 26 Oct 2022 11:55:01 GMT","inverseRate":0.31378199692315},"isk":{"code":"ISK","alphaCode":"ISK","numericCode":"352","name":"Icelandic Krona","rate":63.384607496214,"date":"Wed, 26 Oct 2022 11:55:01 GMT","inverseRate":0.015776700992583},"lyd":{"code":"LYD","alphaCode":"LYD","numericCode":"434","name":"Libyan Dinar","rate":2.1916001818608,"date":"Wed, 26 Oct 2022 11:55:01 GMT","inverseRate":0.45628760586749},"clp":{"code":"CLP","alphaCode":"CLP","numericCode":"152","name":"Chilean Peso","rate":422.89329074629,"date":"Wed, 26 Oct 2022 11:55:01 GMT","inverseRate":0.0023646627219724},"bsd":{"code":"BSD","alphaCode":"BSD","numericCode":"044","name":"Bahamian Dollar","rate":0.4379864529429,"date":"Wed, 26 Oct 2022 11:55:01 GMT","inverseRate":2.2831756399789},"xpf":{"code":"XPF","alphaCode":"XPF","numericCode":"953","name":"CFP Franc","rate":52.324587856856,"date":"Wed, 26 Oct 2022 11:55:01 GMT","inverseRate":0.019111473992603}}