{"usd":{"code":"USD","alphaCode":"USD","numericCode":"840","name":"U.S. Dollar","rate":0.28255714220511,"date":"Wed, 26 Oct 2022 11:55:01 GMT","inverseRate":3.5391071419957},"eur":{"code":"EUR","alphaCode":"EUR","numericCode":"978","name":"Euro","rate":0.28236335739301,"date":"Wed, 26 Oct 2022 11:55:01 GMT","inverseRate":3.541536016687},"gbp":{"code":"GBP","alphaCode":"GBP","numericCode":"826","name":"U.K. Pound Sterling","rate":0.2447445160808,"date":"Wed, 26 Oct 2022 11:55:01 GMT","inverseRate":4.0858933879845},"cad":{"code":"CAD","alphaCode":"CAD","numericCode":"124","name":"Canadian Dollar","rate":0.38487161874164,"date":"Wed, 26 Oct 2022 11:55:01 GMT","inverseRate":2.5982690105068},"jpy":{"code":"JPY","alphaCode":"JPY","numericCode":"392","name":"Japanese Yen","rate":41.654020407907,"date":"Wed, 26 Oct 2022 11:55:01 GMT","inverseRate":0.024007286456559},"aud":{"code":"AUD","alphaCode":"AUD","numericCode":"036","name":"Australian Dollar","rate":0.44190471540254,"date":"Wed, 26 Oct 2022 11:55:01 GMT","inverseRate":2.262931272614},"chf":{"code":"CHF","alphaCode":"CHF","numericCode":"756","name":"Swiss Franc","rate":0.27958956967451,"date":"Wed, 26 Oct 2022 11:55:01 GMT","inverseRate":3.5766713370752},"lsl":{"code":"LSL","alphaCode":"LSL","numericCode":"426","name":"Lesotho loti","rate":5.1014817417952,"date":"Wed, 26 Oct 2022 11:55:01 GMT","inverseRate":0.19602147976092},"tzs":{"code":"TZS","alphaCode":"TZS","numericCode":"834","name":"Tanzanian shilling","rate":658.44124637974,"date":"Wed, 26 Oct 2022 11:55:01 GMT","inverseRate":0.0015187383923748},"ang":{"code":"ANG","alphaCode":"ANG","numericCode":"532","name":"Neth. Antillean Guilder","rate":0.50609285549629,"date":"Wed, 26 Oct 2022 11:55:01 GMT","inverseRate":1.9759219857379},"lbp":{"code":"LBP","alphaCode":"LBP","numericCode":"422","name":"Lebanese Pound","rate":426.82106048552,"date":"Wed, 26 Oct 2022 11:55:01 GMT","inverseRate":0.0023429021962095},"mxn":{"code":"MXN","alphaCode":"MXN","numericCode":"484","name":"Mexican Peso","rate":5.6162064733561,"date":"Wed, 26 Oct 2022 11:55:01 GMT","inverseRate":0.17805613179361},"kzt":{"code":"KZT","alphaCode":"KZT","numericCode":"398","name":"Kazakhstani Tenge","rate":133.59504062528,"date":"Wed, 26 Oct 2022 11:55:01 GMT","inverseRate":0.0074853078027416},"htg":{"code":"HTG","alphaCode":"HTG","numericCode":"332","name":"Haitian gourde","rate":35.302990456532,"date":"Wed, 26 Oct 2022 11:55:01 GMT","inverseRate":0.02832621222928},"bnd":{"code":"BND","alphaCode":"BND","numericCode":"096","name":"Brunei Dollar","rate":0.39781434699086,"date":"Wed, 26 Oct 2022 11:55:01 GMT","inverseRate":2.5137353832615},"kmf":{"code":"KMF","alphaCode":"KMF","numericCode":"174","name":"\tComoro franc","rate":140.651323834,"date":"Wed, 26 Oct 2022 11:55:01 GMT","inverseRate":0.0071097802192052},"mru":{"code":"MRU","alphaCode":"MRU","numericCode":"929","name":"Mauritanian ouguiya","rate":10.72003306157,"date":"Wed, 26 Oct 2022 11:55:01 GMT","inverseRate":0.093283294394391},"mnt":{"code":"MNT","alphaCode":"MNT","numericCode":"496","name":"Mongolian togrog","rate":959.44295901046,"date":"Wed, 26 Oct 2022 11:55:01 GMT","inverseRate":0.0010422714457474},"jod":{"code":"JOD","alphaCode":"JOD","numericCode":"400","name":"Jordanian Dinar","rate":0.20032538847772,"date":"Wed, 26 Oct 2022 11:55:01 GMT","inverseRate":4.9918785012676},"php":{"code":"PHP","alphaCode":"PHP","numericCode":"608","name":"Philippine Peso","rate":16.610063616335,"date":"Wed, 26 Oct 2022 11:55:01 GMT","inverseRate":0.060204465383057},"xaf":{"code":"XAF","alphaCode":"XAF","numericCode":"950","name":"Central African CFA Franc","rate":188.51231554187,"date":"Wed, 26 Oct 2022 11:55:01 GMT","inverseRate":0.0053046932086403},"amd":{"code":"AMD","alphaCode":"AMD","numericCode":"051","name":"Armenia Dram","rate":114.25481520875,"date":"Wed, 26 Oct 2022 11:55:01 GMT","inverseRate":0.0087523663503629},"uyu":{"code":"UYU","alphaCode":"UYU","numericCode":"858","name":"Uruguayan Peso","rate":11.631616033312,"date":"Wed, 26 Oct 2022 11:55:01 GMT","inverseRate":0.085972576565123},"jmd":{"code":"JMD","alphaCode":"JMD","numericCode":"388","name":"Jamaican Dollar","rate":43.329682019826,"date":"Wed, 26 Oct 2022 11:55:01 GMT","inverseRate":0.023078867727264},"ssp":{"code":"SSP","alphaCode":"SSP","numericCode":"728","name":"South Sudanese pound","rate":172.25187773976,"date":"Wed, 26 Oct 2022 11:55:01 GMT","inverseRate":0.0058054519528129},"ghs":{"code":"GHS","alphaCode":"GHS","numericCode":"936","name":"Ghanaian Cedi","rate":3.9611328298871,"date":"Wed, 26 Oct 2022 11:55:01 GMT","inverseRate":0.25245303375209},"cup":{"code":"CUP","alphaCode":"CUP","numericCode":"192","name":"Cuban peso","rate":0.28255714220511,"date":"Wed, 26 Oct 2022 11:55:01 GMT","inverseRate":3.5391071419957},"nzd":{"code":"NZD","alphaCode":"NZD","numericCode":"554","name":"New Zealand Dollar","rate":0.49178845326718,"date":"Wed, 26 Oct 2022 11:55:01 GMT","inverseRate":2.033394630062},"try":{"code":"TRY","alphaCode":"TRY","numericCode":"949","name":"Turkish Lira","rate":5.2555547082393,"date":"Wed, 26 Oct 2022 11:55:01 GMT","inverseRate":0.19027487211431},"vnd":{"code":"VND","alphaCode":"VND","numericCode":"704","name":"Vietnamese Dong","rate":7014.6325403856,"date":"Wed, 26 Oct 2022 11:55:01 GMT","inverseRate":0.00014255914251284},"kgs":{"code":"KGS","alphaCode":"KGS","numericCode":"417","name":"Kyrgyzstan Som","rate":23.007426973431,"date":"Wed, 26 Oct 2022 11:55:01 GMT","inverseRate":0.043464225754353},"mga":{"code":"MGA","alphaCode":"MGA","numericCode":"969","name":"Malagasy ariary","rate":1206.8464893213,"date":"Wed, 26 Oct 2022 11:55:01 GMT","inverseRate":0.00082860579936918},"srd":{"code":"SRD","alphaCode":"SRD","numericCode":"968","name":"Surinamese dollar","rate":8.281258585787,"date":"Wed, 26 Oct 2022 11:55:01 GMT","inverseRate":0.12075459178588},"mwk":{"code":"MWK","alphaCode":"MWK","numericCode":"454","name":"Malawian kwacha","rate":290.04969609472,"date":"Wed, 26 Oct 2022 11:55:01 GMT","inverseRate":0.0034476850466116},"yer":{"code":"YER","alphaCode":"YER","numericCode":"886","name":"Yemeni rial","rate":70.647459244446,"date":"Wed, 26 Oct 2022 11:55:01 GMT","inverseRate":0.014154790712854},"nok":{"code":"NOK","alphaCode":"NOK","numericCode":"578","name":"Norwegian Krone","rate":2.948372659681,"date":"Wed, 26 Oct 2022 11:55:01 GMT","inverseRate":0.33917015093614},"qar":{"code":"QAR","alphaCode":"QAR","numericCode":"634","name":"Qatari Rial","rate":1.0389056514083,"date":"Wed, 26 Oct 2022 11:55:01 GMT","inverseRate":0.96255131411061},"czk":{"code":"CZK","alphaCode":"CZK","numericCode":"203","name":"Czech Koruna","rate":6.9693732455958,"date":"Wed, 26 Oct 2022 11:55:01 GMT","inverseRate":0.14348492536713},"rub":{"code":"RUB","alphaCode":"RUB","numericCode":"643","name":"Russian Rouble","rate":18.141283642157,"date":"Wed, 26 Oct 2022 11:55:01 GMT","inverseRate":0.055122890955531},"rsd":{"code":"RSD","alphaCode":"RSD","numericCode":"941","name":"Serbian Dinar","rate":33.136876629428,"date":"Wed, 26 Oct 2022 11:55:01 GMT","inverseRate":0.030177859282969},"nio":{"code":"NIO","alphaCode":"NIO","numericCode":"558","name":"Nicaraguan C\u00f3rdoba","rate":10.168206984214,"date":"Wed, 26 Oct 2022 11:55:01 GMT","inverseRate":0.098345755702308},"sbd":{"code":"SBD","alphaCode":"SBD","numericCode":"090","name":"Solomon Islands dollar","rate":2.3079383893722,"date":"Wed, 26 Oct 2022 11:55:01 GMT","inverseRate":0.43328712958929},"mmk":{"code":"MMK","alphaCode":"MMK","numericCode":"104","name":"Myanma Kyat","rate":593.03317554732,"date":"Wed, 26 Oct 2022 11:55:01 GMT","inverseRate":0.0016862463032984},"mur":{"code":"MUR","alphaCode":"MUR","numericCode":"480","name":"Mauritian Rupee","rate":12.437223542728,"date":"Wed, 26 Oct 2022 11:55:01 GMT","inverseRate":0.08040379724337},"ves":{"code":"VES","alphaCode":"VES","numericCode":"928","name":"Venezuelan Bolivar","rate":2.355024104282,"date":"Wed, 26 Oct 2022 11:55:01 GMT","inverseRate":0.42462410392392},"bdt":{"code":"BDT","alphaCode":"BDT","numericCode":"050","name":"Bangladeshi taka","rate":28.694593996828,"date":"Wed, 26 Oct 2022 11:55:01 GMT","inverseRate":0.034849769964006},"ron":{"code":"RON","alphaCode":"RON","numericCode":"946","name":"Romanian New Leu","rate":1.3914751723073,"date":"Wed, 26 Oct 2022 11:55:01 GMT","inverseRate":0.71866176263988},"dzd":{"code":"DZD","alphaCode":"DZD","numericCode":"012","name":"Algerian Dinar","rate":39.658008172094,"date":"Wed, 26 Oct 2022 11:55:01 GMT","inverseRate":0.025215588126881},"ars":{"code":"ARS","alphaCode":"ARS","numericCode":"032","name":"Argentine Peso","rate":43.783669756596,"date":"Wed, 26 Oct 2022 11:55:01 GMT","inverseRate":0.022839565654484},"stn":{"code":"STN","alphaCode":"STN","numericCode":"930","name":"S\u00e3o Tom\u00e9 and Pr\u00edncipe Dobra","rate":6.9669094533954,"date":"Wed, 26 Oct 2022 11:55:01 GMT","inverseRate":0.1435356676715},"bif":{"code":"BIF","alphaCode":"BIF","numericCode":"108","name":"Burundian franc","rate":583.75495115805,"date":"Wed, 26 Oct 2022 11:55:01 GMT","inverseRate":0.0017130475690462},"szl":{"code":"SZL","alphaCode":"SZL","numericCode":"748","name":"Swazi lilangeni","rate":5.1014817417952,"date":"Wed, 26 Oct 2022 11:55:01 GMT","inverseRate":0.19602147976092},"sos":{"code":"SOS","alphaCode":"SOS","numericCode":"706","name":"Somali shilling","rate":160.5378442231,"date":"Wed, 26 Oct 2022 11:55:01 GMT","inverseRate":0.0062290608475488},"aed":{"code":"AED","alphaCode":"AED","numericCode":"784","name":"U.A.E Dirham","rate":1.0378199636528,"date":"Wed, 26 Oct 2022 11:55:01 GMT","inverseRate":0.96355826157002},"idr":{"code":"IDR","alphaCode":"IDR","numericCode":"360","name":"Indonesian Rupiah","rate":4412.9465011862,"date":"Wed, 26 Oct 2022 11:55:01 GMT","inverseRate":0.00022660596491057},"krw":{"code":"KRW","alphaCode":"KRW","numericCode":"410","name":"South Korean Won","rate":403.44466595197,"date":"Wed, 26 Oct 2022 11:55:01 GMT","inverseRate":0.002478654656743},"uah":{"code":"UAH","alphaCode":"UAH","numericCode":"980","name":"Ukrainian Hryvnia","rate":10.446945200461,"date":"Wed, 26 Oct 2022 11:55:01 GMT","inverseRate":0.095721761798454},"crc":{"code":"CRC","alphaCode":"CRC","numericCode":"188","name":"Costa Rican Col\u00f3n","rate":176.36831953703,"date":"Wed, 26 Oct 2022 11:55:01 GMT","inverseRate":0.0056699525324335},"bzd":{"code":"BZD","alphaCode":"BZD","numericCode":"084","name":"Belize dollar","rate":0.56920931545667,"date":"Wed, 26 Oct 2022 11:55:01 GMT","inverseRate":1.7568229697676},"gnf":{"code":"GNF","alphaCode":"GNF","numericCode":"324","name":"Guinean franc","rate":2433.3698235773,"date":"Wed, 26 Oct 2022 11:55:01 GMT","inverseRate":0.0004109527414661},"ern":{"code":"ERN","alphaCode":"ERN","numericCode":"232","name":"Eritrean nakfa","rate":4.2574330986203,"date":"Wed, 26 Oct 2022 11:55:01 GMT","inverseRate":0.23488331509521},"wst":{"code":"WST","alphaCode":"WST","numericCode":"882","name":"Samoan tala","rate":0.78947933620233,"date":"Wed, 26 Oct 2022 11:55:01 GMT","inverseRate":1.2666575984247},"brl":{"code":"BRL","alphaCode":"BRL","numericCode":"986","name":"Brazilian Real","rate":1.5007389599662,"date":"Wed, 26 Oct 2022 11:55:01 GMT","inverseRate":0.66633840173144},"inr":{"code":"INR","alphaCode":"INR","numericCode":"356","name":"Indian Rupee","rate":23.319881585501,"date":"Wed, 26 Oct 2022 11:55:01 GMT","inverseRate":0.042881864401136},"npr":{"code":"NPR","alphaCode":"NPR","numericCode":"524","name":"Nepalese Rupee","rate":37.401496107368,"date":"Wed, 26 Oct 2022 11:55:01 GMT","inverseRate":0.026736898361748},"zar":{"code":"ZAR","alphaCode":"ZAR","numericCode":"710","name":"South African Rand","rate":5.1688228189231,"date":"Wed, 26 Oct 2022 11:55:01 GMT","inverseRate":0.19346764921773},"azn":{"code":"AZN","alphaCode":"AZN","numericCode":"944","name":"Azerbaijan Manat","rate":0.4795235118428,"date":"Wed, 26 Oct 2022 11:55:01 GMT","inverseRate":2.0854034792935},"pyg":{"code":"PYG","alphaCode":"PYG","numericCode":"600","name":"Paraguayan Guaran\u00ed","rate":2042.4175491029,"date":"Wed, 26 Oct 2022 11:55:01 GMT","inverseRate":0.00048961584786579},"gyd":{"code":"GYD","alphaCode":"GYD","numericCode":"328","name":"Guyanese dollar","rate":59.078999939068,"date":"Wed, 26 Oct 2022 11:55:01 GMT","inverseRate":0.016926488278938},"rwf":{"code":"RWF","alphaCode":"RWF","numericCode":"646","name":"Rwandan franc","rate":301.2379777113,"date":"Wed, 26 Oct 2022 11:55:01 GMT","inverseRate":0.0033196345547054},"mop":{"code":"MOP","alphaCode":"MOP","numericCode":"446","name":"Macanese pataca","rate":2.2843879976439,"date":"Wed, 26 Oct 2022 11:55:01 GMT","inverseRate":0.43775400721392},"bam":{"code":"BAM","alphaCode":"BAM","numericCode":"977","name":"Bosnia and Herzegovina convertible mark","rate":0.55203852647323,"date":"Wed, 26 Oct 2022 11:55:01 GMT","inverseRate":1.811467772709},"dkk":{"code":"DKK","alphaCode":"DKK","numericCode":"208","name":"Danish Krone","rate":2.1174345750484,"date":"Wed, 26 Oct 2022 11:55:01 GMT","inverseRate":0.47226960954727},"lkr":{"code":"LKR","alphaCode":"LKR","numericCode":"144","name":"Sri Lanka Rupee","rate":103.34010236282,"date":"Wed, 26 Oct 2022 11:55:01 GMT","inverseRate":0.0096767854601992},"tnd":{"code":"TND","alphaCode":"TND","numericCode":"788","name":"Tunisian Dinar","rate":0.91520739466407,"date":"Wed, 26 Oct 2022 11:55:01 GMT","inverseRate":1.0926485142387},"twd":{"code":"TWD","alphaCode":"TWD","numericCode":"901","name":"New Taiwan Dollar ","rate":9.1156596354825,"date":"Wed, 26 Oct 2022 11:55:01 GMT","inverseRate":0.1097013315534},"iqd":{"code":"IQD","alphaCode":"IQD","numericCode":"368","name":"Iraqi dinar","rate":412.34517458205,"date":"Wed, 26 Oct 2022 11:55:01 GMT","inverseRate":0.0024251526673341},"afn":{"code":"AFN","alphaCode":"AFN","numericCode":"971","name":"Afghan afghani","rate":24.807833458577,"date":"Wed, 26 Oct 2022 11:55:01 GMT","inverseRate":0.040309848164281},"nad":{"code":"NAD","alphaCode":"NAD","numericCode":"516","name":"Namibian dollar","rate":5.1014817417952,"date":"Wed, 26 Oct 2022 11:55:01 GMT","inverseRate":0.19602147976092},"syp":{"code":"SYP","alphaCode":"SYP","numericCode":"760","name":"Syrian pound","rate":706.95796979719,"date":"Wed, 26 Oct 2022 11:55:01 GMT","inverseRate":0.0014145112478},"lak":{"code":"LAK","alphaCode":"LAK","numericCode":"418","name":"Lao kip","rate":4884.436882235,"date":"Wed, 26 Oct 2022 11:55:01 GMT","inverseRate":0.00020473189112896},"gtq":{"code":"GTQ","alphaCode":"GTQ","numericCode":"320","name":"Guatemalan Quetzal","rate":2.2139774890632,"date":"Wed, 26 Oct 2022 11:55:01 GMT","inverseRate":0.45167577581067},"pkr":{"code":"PKR","alphaCode":"PKR","numericCode":"586","name":"Pakistani Rupee","rate":62.250077220592,"date":"Wed, 26 Oct 2022 11:55:01 GMT","inverseRate":0.016064237100564},"bgn":{"code":"BGN","alphaCode":"BGN","numericCode":"975","name":"Bulgarian Lev","rate":0.55620076649386,"date":"Wed, 26 Oct 2022 11:55:01 GMT","inverseRate":1.7979119415885},"pen":{"code":"PEN","alphaCode":"PEN","numericCode":"604","name":"Peruvian Nuevo Sol","rate":1.1294937801975,"date":"Wed, 26 Oct 2022 11:55:01 GMT","inverseRate":0.88535237425134},"tmt":{"code":"TMT","alphaCode":"TMT","numericCode":"934","name":"New Turkmenistan Manat","rate":0.9877242865923,"date":"Wed, 26 Oct 2022 11:55:01 GMT","inverseRate":1.0124282794038},"svc":{"code":"SVC","alphaCode":"SVC","numericCode":"222","name":"Salvadoran colon","rate":2.4723359886152,"date":"Wed, 26 Oct 2022 11:55:01 GMT","inverseRate":0.4044757689104},"xcd":{"code":"XCD","alphaCode":"XCD","numericCode":"951","name":"East Caribbean Dollar","rate":0.76558571821867,"date":"Wed, 26 Oct 2022 11:55:01 GMT","inverseRate":1.3061894654027},"aoa":{"code":"AOA","alphaCode":"AOA","numericCode":"973","name":"Angolan kwanza","rate":125.53459276773,"date":"Wed, 26 Oct 2022 11:55:01 GMT","inverseRate":0.0079659317639265},"mvr":{"code":"MVR","alphaCode":"MVR","numericCode":"462","name":"Maldivian rufiyaa","rate":4.3653563295894,"date":"Wed, 26 Oct 2022 11:55:01 GMT","inverseRate":0.22907637418319},"sar":{"code":"SAR","alphaCode":"SAR","numericCode":"682","name":"Saudi Riyal","rate":1.0622061169303,"date":"Wed, 26 Oct 2022 11:55:01 GMT","inverseRate":0.94143686810041},"pln":{"code":"PLN","alphaCode":"PLN","numericCode":"985","name":"Polish Zloty","rate":1.3570686371407,"date":"Wed, 26 Oct 2022 11:55:01 GMT","inverseRate":0.7368824041995},"gip":{"code":"GIP","alphaCode":"GIP","numericCode":"292","name":"Gibraltar pound","rate":0.24691893903629,"date":"Wed, 26 Oct 2022 11:55:01 GMT","inverseRate":4.0499121043649},"gel":{"code":"GEL","alphaCode":"GEL","numericCode":"981","name":"Georgian lari","rate":0.79003585921731,"date":"Wed, 26 Oct 2022 11:55:01 GMT","inverseRate":1.2657653299316},"mkd":{"code":"MKD","alphaCode":"MKD","numericCode":"807","name":"Macedonian denar","rate":17.349334073192,"date":"Wed, 26 Oct 2022 11:55:01 GMT","inverseRate":0.05763909990904},"awg":{"code":"AWG","alphaCode":"AWG","numericCode":"533","name":"Aruban florin","rate":0.51113822543273,"date":"Wed, 26 Oct 2022 11:55:01 GMT","inverseRate":1.9564179516282},"hnl":{"code":"HNL","alphaCode":"HNL","numericCode":"340","name":"Honduran Lempira","rate":6.9813936726333,"date":"Wed, 26 Oct 2022 11:55:01 GMT","inverseRate":0.14323787582986},"kes":{"code":"KES","alphaCode":"KES","numericCode":"404","name":"Kenyan shilling","rate":34.253586540895,"date":"Wed, 26 Oct 2022 11:55:01 GMT","inverseRate":0.029194023195384},"bhd":{"code":"BHD","alphaCode":"BHD","numericCode":"048","name":"Bahrain Dinar","rate":0.10630856613283,"date":"Wed, 26 Oct 2022 11:55:01 GMT","inverseRate":9.4065796988598},"egp":{"code":"EGP","alphaCode":"EGP","numericCode":"818","name":"Egyptian Pound","rate":5.5662782272956,"date":"Wed, 26 Oct 2022 11:55:01 GMT","inverseRate":0.17965325468214},"hrk":{"code":"HRK","alphaCode":"HRK","numericCode":"191","name":"Croatian Kuna","rate":2.1417533542855,"date":"Wed, 26 Oct 2022 11:55:01 GMT","inverseRate":0.46690717117314},"mro":{"code":"MRO","alphaCode":"MRO","numericCode":"478","name":"Mauritanian Ouguiya","rate":10.716144986213,"date":"Wed, 26 Oct 2022 11:55:01 GMT","inverseRate":0.093317139819082},"cop":{"code":"COP","alphaCode":"COP","numericCode":"170","name":"Colombian Peso","rate":1404.8188195576,"date":"Wed, 26 Oct 2022 11:55:01 GMT","inverseRate":0.00071183556632227},"bbd":{"code":"BBD","alphaCode":"BBD","numericCode":"052","name":"Barbadian Dollar","rate":0.57017579701786,"date":"Wed, 26 Oct 2022 11:55:01 GMT","inverseRate":1.7538450513512},"djf":{"code":"DJF","alphaCode":"DJF","numericCode":"262","name":"Djiboutian franc","rate":50.272096358945,"date":"Wed, 26 Oct 2022 11:55:01 GMT","inverseRate":0.019891750542089},"mzn":{"code":"MZN","alphaCode":"MZN","numericCode":"943","name":"Mozambican metical","rate":18.10269733982,"date":"Wed, 26 Oct 2022 11:55:01 GMT","inverseRate":0.055240386624612},"ugx":{"code":"UGX","alphaCode":"UGX","numericCode":"800","name":"Ugandan shilling","rate":1077.1613012146,"date":"Wed, 26 Oct 2022 11:55:01 GMT","inverseRate":0.00092836606631929},"hkd":{"code":"HKD","alphaCode":"HKD","numericCode":"344","name":"Hong Kong Dollar","rate":2.2180540388963,"date":"Wed, 26 Oct 2022 11:55:01 GMT","inverseRate":0.4508456432818},"mad":{"code":"MAD","alphaCode":"MAD","numericCode":"504","name":"Moroccan Dirham","rate":3.0831110117503,"date":"Wed, 26 Oct 2022 11:55:01 GMT","inverseRate":0.32434771118809},"myr":{"code":"MYR","alphaCode":"MYR","numericCode":"458","name":"Malaysian Ringgit","rate":1.3356968105488,"date":"Wed, 26 Oct 2022 11:55:01 GMT","inverseRate":0.74867289650045},"mdl":{"code":"MDL","alphaCode":"MDL","numericCode":"498","name":"Moldova Lei","rate":5.3980562412787,"date":"Wed, 26 Oct 2022 11:55:01 GMT","inverseRate":0.18525186758023},"pab":{"code":"PAB","alphaCode":"PAB","numericCode":"590","name":"Panamanian Balboa","rate":0.28255714220511,"date":"Wed, 26 Oct 2022 11:55:01 GMT","inverseRate":3.5391071419957},"fjd":{"code":"FJD","alphaCode":"FJD","numericCode":"242","name":"Fiji Dollar","rate":0.64512758398476,"date":"Wed, 26 Oct 2022 11:55:01 GMT","inverseRate":1.5500809837076},"cdf":{"code":"CDF","alphaCode":"CDF","numericCode":"976","name":"Congolese franc","rate":580.22468363485,"date":"Wed, 26 Oct 2022 11:55:01 GMT","inverseRate":0.0017234702835037},"top":{"code":"TOP","alphaCode":"TOP","numericCode":"776","name":"Tongan pa\u02bbanga","rate":0.67268636949853,"date":"Wed, 26 Oct 2022 11:55:01 GMT","inverseRate":1.4865768734774},"vuv":{"code":"VUV","alphaCode":"VUV","numericCode":"548","name":"Vanuatu vatu","rate":34.296441787683,"date":"Wed, 26 Oct 2022 11:55:01 GMT","inverseRate":0.029157543694784},"kwd":{"code":"KWD","alphaCode":"KWD","numericCode":"414","name":"Kuwaiti Dinar","rate":0.087571649721091,"date":"Wed, 26 Oct 2022 11:55:01 GMT","inverseRate":11.41922075449},"thb":{"code":"THB","alphaCode":"THB","numericCode":"764","name":"Thai Baht","rate":10.74577227506,"date":"Wed, 26 Oct 2022 11:55:01 GMT","inverseRate":0.093059854089866},"xof":{"code":"XOF","alphaCode":"XOF","numericCode":"952","name":"West African CFA Franc","rate":188.39437123055,"date":"Wed, 26 Oct 2022 11:55:01 GMT","inverseRate":0.0053080142122518},"irr":{"code":"IRR","alphaCode":"IRR","numericCode":"364","name":"Iranian rial","rate":11877.158435273,"date":"Wed, 26 Oct 2022 11:55:01 GMT","inverseRate":8.4195222742014e-5},"bob":{"code":"BOB","alphaCode":"BOB","numericCode":"068","name":"Bolivian Boliviano","rate":1.9469116751653,"date":"Wed, 26 Oct 2022 11:55:01 GMT","inverseRate":0.51363398389147},"lrd":{"code":"LRD","alphaCode":"LRD","numericCode":"430","name":"Liberian dollar","rate":43.329682019826,"date":"Wed, 26 Oct 2022 11:55:01 GMT","inverseRate":0.023078867727264},"sdg":{"code":"SDG","alphaCode":"SDG","numericCode":"938","name":"Sudanese pound","rate":159.90715983508,"date":"Wed, 26 Oct 2022 11:55:01 GMT","inverseRate":0.0062536286744843},"pgk":{"code":"PGK","alphaCode":"PGK","numericCode":"598","name":"Papua New Guinean kina","rate":0.99505159094352,"date":"Wed, 26 Oct 2022 11:55:01 GMT","inverseRate":1.0049730175817},"bwp":{"code":"BWP","alphaCode":"BWP","numericCode":"072","name":"Botswana Pula","rate":3.7604147329638,"date":"Wed, 26 Oct 2022 11:55:01 GMT","inverseRate":0.2659281145864},"omr":{"code":"OMR","alphaCode":"OMR","numericCode":"512","name":"Omani Rial","rate":0.1087873978108,"date":"Wed, 26 Oct 2022 11:55:01 GMT","inverseRate":9.1922411981868},"ngn":{"code":"NGN","alphaCode":"NGN","numericCode":"566","name":"Nigerian Naira","rate":123.49303256271,"date":"Wed, 26 Oct 2022 11:55:01 GMT","inverseRate":0.0080976228314109},"uzs":{"code":"UZS","alphaCode":"UZS","numericCode":"860","name":"Uzbekistan Sum","rate":3128.8959687354,"date":"Wed, 26 Oct 2022 11:55:01 GMT","inverseRate":0.00031960154955365},"etb":{"code":"ETB","alphaCode":"ETB","numericCode":"230","name":"Ethiopian birr","rate":14.957908046933,"date":"Wed, 26 Oct 2022 11:55:01 GMT","inverseRate":0.066854268448657},"ttd":{"code":"TTD","alphaCode":"TTD","numericCode":"780","name":"Trinidad Tobago Dollar","rate":1.9158752569029,"date":"Wed, 26 Oct 2022 11:55:01 GMT","inverseRate":0.52195465043822},"zmw":{"code":"ZMW","alphaCode":"ZMW","numericCode":"967","name":"Zambian kwacha","rate":4.5394394816311,"date":"Wed, 26 Oct 2022 11:55:01 GMT","inverseRate":0.22029151485475},"khr":{"code":"KHR","alphaCode":"KHR","numericCode":"116","name":"Cambodian riel","rate":1169.0340666794,"date":"Wed, 26 Oct 2022 11:55:01 GMT","inverseRate":0.00085540706511697},"sek":{"code":"SEK","alphaCode":"SEK","numericCode":"752","name":"Swedish Krona","rate":3.1168422491512,"date":"Wed, 26 Oct 2022 11:55:01 GMT","inverseRate":0.32083754006874},"sgd":{"code":"SGD","alphaCode":"SGD","numericCode":"702","name":"Singapore Dollar","rate":0.40046285388814,"date":"Wed, 26 Oct 2022 11:55:01 GMT","inverseRate":2.4971105067321},"huf":{"code":"HUF","alphaCode":"HUF","numericCode":"348","name":"Hungarian Forint","rate":117.1357671192,"date":"Wed, 26 Oct 2022 11:55:01 GMT","inverseRate":0.0085371020704749},"byn":{"code":"BYN","alphaCode":"BYN","numericCode":"933","name":"Belarussian Ruble","rate":0.84364546379945,"date":"Wed, 26 Oct 2022 11:55:01 GMT","inverseRate":1.1853320416095},"tjs":{"code":"TJS","alphaCode":"TJS","numericCode":"972","name":"Tajikistan Ruble","rate":2.8667861945295,"date":"Wed, 26 Oct 2022 11:55:01 GMT","inverseRate":0.34882266487408},"gmd":{"code":"GMD","alphaCode":"GMD","numericCode":"270","name":"Gambian dalasi","rate":16.91713025963,"date":"Wed, 26 Oct 2022 11:55:01 GMT","inverseRate":0.05911168056596},"cve":{"code":"CVE","alphaCode":"CVE","numericCode":"132","name":"Cape Verde escudo","rate":31.165200524702,"date":"Wed, 26 Oct 2022 11:55:01 GMT","inverseRate":0.032087070936938},"all":{"code":"ALL","alphaCode":"ALL","numericCode":"008","name":"Albanian lek","rate":33.165929447276,"date":"Wed, 26 Oct 2022 11:55:01 GMT","inverseRate":0.030151423966263},"scr":{"code":"SCR","alphaCode":"SCR","numericCode":"690","name":"Seychelles rupee","rate":3.6760266628754,"date":"Wed, 26 Oct 2022 11:55:01 GMT","inverseRate":0.27203284734007},"dop":{"code":"DOP","alphaCode":"DOP","numericCode":"214","name":"Dominican Peso","rate":15.178731141447,"date":"Wed, 26 Oct 2022 11:55:01 GMT","inverseRate":0.06588165971722},"cny":{"code":"CNY","alphaCode":"CNY","numericCode":"156","name":"Chinese Yuan","rate":2.0559738618235,"date":"Wed, 26 Oct 2022 11:55:01 GMT","inverseRate":0.48638750646036},"isk":{"code":"ISK","alphaCode":"ISK","numericCode":"352","name":"Icelandic Krona","rate":40.891158695855,"date":"Wed, 26 Oct 2022 11:55:01 GMT","inverseRate":0.024455164194243},"lyd":{"code":"LYD","alphaCode":"LYD","numericCode":"434","name":"Libyan Dinar","rate":1.4138617303844,"date":"Wed, 26 Oct 2022 11:55:01 GMT","inverseRate":0.70728274095666},"clp":{"code":"CLP","alphaCode":"CLP","numericCode":"152","name":"Chilean Peso","rate":272.82012694252,"date":"Wed, 26 Oct 2022 11:55:01 GMT","inverseRate":0.0036654187182117},"bsd":{"code":"BSD","alphaCode":"BSD","numericCode":"044","name":"Bahamian Dollar","rate":0.28255714220511,"date":"Wed, 26 Oct 2022 11:55:01 GMT","inverseRate":3.5391071419957},"xpf":{"code":"XPF","alphaCode":"XPF","numericCode":"953","name":"CFP Franc","rate":33.756034947092,"date":"Wed, 26 Oct 2022 11:55:01 GMT","inverseRate":0.029624332406557}}