{"eur":{"code":"EUR","alphaCode":"EUR","numericCode":"978","name":"Euro","rate":0.99931417478748,"date":"Wed, 26 Oct 2022 11:55:01 GMT","inverseRate":1.0006862958915},"gbp":{"code":"GBP","alphaCode":"GBP","numericCode":"826","name":"U.K. Pound Sterling","rate":0.86617706482583,"date":"Wed, 26 Oct 2022 11:55:01 GMT","inverseRate":1.1544983590637},"cad":{"code":"CAD","alphaCode":"CAD","numericCode":"124","name":"Canadian Dollar","rate":1.36210189464,"date":"Wed, 26 Oct 2022 11:55:01 GMT","inverseRate":0.7341594662889},"jpy":{"code":"JPY","alphaCode":"JPY","numericCode":"392","name":"Japanese Yen","rate":147.41804111846,"date":"Wed, 26 Oct 2022 11:55:01 GMT","inverseRate":0.0067834302532648},"aud":{"code":"AUD","alphaCode":"AUD","numericCode":"036","name":"Australian Dollar","rate":1.5639481343627,"date":"Wed, 26 Oct 2022 11:55:01 GMT","inverseRate":0.63940739339639},"chf":{"code":"CHF","alphaCode":"CHF","numericCode":"756","name":"Swiss Franc","rate":0.98949744286256,"date":"Wed, 26 Oct 2022 11:55:01 GMT","inverseRate":1.0106140316109},"lsl":{"code":"LSL","alphaCode":"LSL","numericCode":"426","name":"Lesotho loti","rate":18.054690467148,"date":"Wed, 26 Oct 2022 11:55:01 GMT","inverseRate":0.055387269132062},"tzs":{"code":"TZS","alphaCode":"TZS","numericCode":"834","name":"Tanzanian shilling","rate":2330.2941176471,"date":"Wed, 26 Oct 2022 11:55:01 GMT","inverseRate":0.00042913037990659},"ang":{"code":"ANG","alphaCode":"ANG","numericCode":"532","name":"Neth. Antillean Guilder","rate":1.7911168393999,"date":"Wed, 26 Oct 2022 11:55:01 GMT","inverseRate":0.55831086951036},"lbp":{"code":"LBP","alphaCode":"LBP","numericCode":"422","name":"Lebanese Pound","rate":1510.5654635185,"date":"Wed, 26 Oct 2022 11:55:01 GMT","inverseRate":0.00066200374902703},"mxn":{"code":"MXN","alphaCode":"MXN","numericCode":"484","name":"Mexican Peso","rate":19.876356440777,"date":"Wed, 26 Oct 2022 11:55:01 GMT","inverseRate":0.050311031751698},"kzt":{"code":"KZT","alphaCode":"KZT","numericCode":"398","name":"Kazakhstani Tenge","rate":472.80716241214,"date":"Wed, 26 Oct 2022 11:55:01 GMT","inverseRate":0.0021150271812683},"htg":{"code":"HTG","alphaCode":"HTG","numericCode":"332","name":"Haitian gourde","rate":124.94106565852,"date":"Wed, 26 Oct 2022 11:55:01 GMT","inverseRate":0.0080037735770009},"bnd":{"code":"BND","alphaCode":"BND","numericCode":"096","name":"Brunei Dollar","rate":1.4079075966237,"date":"Wed, 26 Oct 2022 11:55:01 GMT","inverseRate":0.71027388615425},"kmf":{"code":"KMF","alphaCode":"KMF","numericCode":"174","name":"\tComoro franc","rate":497.78010471206,"date":"Wed, 26 Oct 2022 11:55:01 GMT","inverseRate":0.002008919180445},"mru":{"code":"MRU","alphaCode":"MRU","numericCode":"929","name":"Mauritanian ouguiya","rate":37.939345570631,"date":"Wed, 26 Oct 2022 11:55:01 GMT","inverseRate":0.026357861079557},"mnt":{"code":"MNT","alphaCode":"MNT","numericCode":"496","name":"Mongolian togrog","rate":3395.5714285714,"date":"Wed, 26 Oct 2022 11:55:01 GMT","inverseRate":0.00029450124111238},"jod":{"code":"JOD","alphaCode":"JOD","numericCode":"400","name":"Jordanian Dinar","rate":0.70897301308455,"date":"Wed, 26 Oct 2022 11:55:01 GMT","inverseRate":1.4104909235533},"php":{"code":"PHP","alphaCode":"PHP","numericCode":"608","name":"Philippine Peso","rate":58.784794773573,"date":"Wed, 26 Oct 2022 11:55:01 GMT","inverseRate":0.017011201686623},"xaf":{"code":"XAF","alphaCode":"XAF","numericCode":"950","name":"Central African CFA Franc","rate":667.16528228837,"date":"Wed, 26 Oct 2022 11:55:01 GMT","inverseRate":0.0014988789533083},"amd":{"code":"AMD","alphaCode":"AMD","numericCode":"051","name":"Armenia Dram","rate":404.36003251269,"date":"Wed, 26 Oct 2022 11:55:01 GMT","inverseRate":0.0024730436234907},"uyu":{"code":"UYU","alphaCode":"UYU","numericCode":"858","name":"Uruguayan Peso","rate":41.165535376445,"date":"Wed, 26 Oct 2022 11:55:01 GMT","inverseRate":0.024292165542251},"jmd":{"code":"JMD","alphaCode":"JMD","numericCode":"388","name":"Jamaican Dollar","rate":153.34838709677,"date":"Wed, 26 Oct 2022 11:55:01 GMT","inverseRate":0.0065210989103456},"ssp":{"code":"SSP","alphaCode":"SSP","numericCode":"728","name":"South Sudanese pound","rate":609.61785073097,"date":"Wed, 26 Oct 2022 11:55:01 GMT","inverseRate":0.0016403719129959},"ghs":{"code":"GHS","alphaCode":"GHS","numericCode":"936","name":"Ghanaian Cedi","rate":14.018873488647,"date":"Wed, 26 Oct 2022 11:55:01 GMT","inverseRate":0.071332407758001},"cup":{"code":"CUP","alphaCode":"CUP","numericCode":"192","name":"Cuban peso","rate":1,"date":"Wed, 26 Oct 2022 11:55:01 GMT","inverseRate":1},"nzd":{"code":"NZD","alphaCode":"NZD","numericCode":"554","name":"New Zealand Dollar","rate":1.7404920273089,"date":"Wed, 26 Oct 2022 11:55:01 GMT","inverseRate":0.57455017564555},"try":{"code":"TRY","alphaCode":"TRY","numericCode":"949","name":"Turkish Lira","rate":18.599971203079,"date":"Wed, 26 Oct 2022 11:55:01 GMT","inverseRate":0.053763524098062},"vnd":{"code":"VND","alphaCode":"VND","numericCode":"704","name":"Vietnamese Dong","rate":24825.536122154,"date":"Wed, 26 Oct 2022 11:55:01 GMT","inverseRate":4.0281103903638e-5},"kgs":{"code":"KGS","alphaCode":"KGS","numericCode":"417","name":"Kyrgyzstan Som","rate":81.425749120615,"date":"Wed, 26 Oct 2022 11:55:01 GMT","inverseRate":0.012281127417308},"mga":{"code":"MGA","alphaCode":"MGA","numericCode":"969","name":"Malagasy ariary","rate":4271.1590296496,"date":"Wed, 26 Oct 2022 11:55:01 GMT","inverseRate":0.00023412848668434},"srd":{"code":"SRD","alphaCode":"SRD","numericCode":"968","name":"Surinamese dollar","rate":29.308261405672,"date":"Wed, 26 Oct 2022 11:55:01 GMT","inverseRate":0.034120072363162},"mwk":{"code":"MWK","alphaCode":"MWK","numericCode":"454","name":"Malawian kwacha","rate":1026.5169509825,"date":"Wed, 26 Oct 2022 11:55:01 GMT","inverseRate":0.00097416803399387},"yer":{"code":"YER","alphaCode":"YER","numericCode":"886","name":"Yemeni rial","rate":250.02892757587,"date":"Wed, 26 Oct 2022 11:55:01 GMT","inverseRate":0.0039995372123354},"nok":{"code":"NOK","alphaCode":"NOK","numericCode":"578","name":"Norwegian Krone","rate":10.434606737142,"date":"Wed, 26 Oct 2022 11:55:01 GMT","inverseRate":0.095834948569791},"qar":{"code":"QAR","alphaCode":"QAR","numericCode":"634","name":"Qatari Rial","rate":3.6767984107588,"date":"Wed, 26 Oct 2022 11:55:01 GMT","inverseRate":0.27197574854087},"czk":{"code":"CZK","alphaCode":"CZK","numericCode":"203","name":"Czech Koruna","rate":24.665358628722,"date":"Wed, 26 Oct 2022 11:55:01 GMT","inverseRate":0.04054269046125},"rub":{"code":"RUB","alphaCode":"RUB","numericCode":"643","name":"Russian Rouble","rate":64.203946502929,"date":"Wed, 26 Oct 2022 11:55:01 GMT","inverseRate":0.015575366538479},"rsd":{"code":"RSD","alphaCode":"RSD","numericCode":"941","name":"Serbian Dinar","rate":117.27495674264,"date":"Wed, 26 Oct 2022 11:55:01 GMT","inverseRate":0.0085269696768638},"nio":{"code":"NIO","alphaCode":"NIO","numericCode":"558","name":"Nicaraguan C\u00f3rdoba","rate":35.986373959122,"date":"Wed, 26 Oct 2022 11:55:01 GMT","inverseRate":0.027788295679246},"sbd":{"code":"SBD","alphaCode":"SBD","numericCode":"090","name":"Solomon Islands dollar","rate":8.1680412371132,"date":"Wed, 26 Oct 2022 11:55:01 GMT","inverseRate":0.122428373091},"mmk":{"code":"MMK","alphaCode":"MMK","numericCode":"104","name":"Myanma Kyat","rate":2098.8079470199,"date":"Wed, 26 Oct 2022 11:55:01 GMT","inverseRate":0.00047646093651394},"mur":{"code":"MUR","alphaCode":"MUR","numericCode":"480","name":"Mauritian Rupee","rate":44.016666666667,"date":"Wed, 26 Oct 2022 11:55:01 GMT","inverseRate":0.022718667171526},"ves":{"code":"VES","alphaCode":"VES","numericCode":"928","name":"Venezuelan Bolivar","rate":8.3346826270366,"date":"Wed, 26 Oct 2022 11:55:01 GMT","inverseRate":0.11998057331615},"bdt":{"code":"BDT","alphaCode":"BDT","numericCode":"050","name":"Bangladeshi taka","rate":101.55324255084,"date":"Wed, 26 Oct 2022 11:55:01 GMT","inverseRate":0.0098470514075351},"ron":{"code":"RON","alphaCode":"RON","numericCode":"946","name":"Romanian New Leu","rate":4.9245797202225,"date":"Wed, 26 Oct 2022 11:55:01 GMT","inverseRate":0.20306301386361},"dzd":{"code":"DZD","alphaCode":"DZD","numericCode":"012","name":"Algerian Dinar","rate":140.35393995918,"date":"Wed, 26 Oct 2022 11:55:01 GMT","inverseRate":0.0071248445201527},"ars":{"code":"ARS","alphaCode":"ARS","numericCode":"032","name":"Argentine Peso","rate":154.95509833835,"date":"Wed, 26 Oct 2022 11:55:01 GMT","inverseRate":0.0064534824005369},"stn":{"code":"STN","alphaCode":"STN","numericCode":"930","name":"S\u00e3o Tom\u00e9 and Pr\u00edncipe Dobra","rate":24.656639004149,"date":"Wed, 26 Oct 2022 11:55:01 GMT","inverseRate":0.040557028061762},"bif":{"code":"BIF","alphaCode":"BIF","numericCode":"108","name":"Burundian franc","rate":2065.9713168188,"date":"Wed, 26 Oct 2022 11:55:01 GMT","inverseRate":0.00048403382557112},"szl":{"code":"SZL","alphaCode":"SZL","numericCode":"748","name":"Swazi lilangeni","rate":18.054690467148,"date":"Wed, 26 Oct 2022 11:55:01 GMT","inverseRate":0.055387269132062},"sos":{"code":"SOS","alphaCode":"SOS","numericCode":"706","name":"Somali shilling","rate":568.16063105057,"date":"Wed, 26 Oct 2022 11:55:01 GMT","inverseRate":0.0017600656317051},"aed":{"code":"AED","alphaCode":"AED","numericCode":"784","name":"U.A.E Dirham","rate":3.6729560454695,"date":"Wed, 26 Oct 2022 11:55:01 GMT","inverseRate":0.27226026873735},"idr":{"code":"IDR","alphaCode":"IDR","numericCode":"360","name":"Indonesian Rupiah","rate":15617.890479593,"date":"Wed, 26 Oct 2022 11:55:01 GMT","inverseRate":6.4029133851761e-5},"krw":{"code":"KRW","alphaCode":"KRW","numericCode":"410","name":"South Korean Won","rate":1427.8338986707,"date":"Wed, 26 Oct 2022 11:55:01 GMT","inverseRate":0.0007003615763227},"uah":{"code":"UAH","alphaCode":"UAH","numericCode":"980","name":"Ukrainian Hryvnia","rate":36.972858370988,"date":"Wed, 26 Oct 2022 11:55:01 GMT","inverseRate":0.02704686746061},"crc":{"code":"CRC","alphaCode":"CRC","numericCode":"188","name":"Costa Rican Col\u00f3n","rate":624.18637929527,"date":"Wed, 26 Oct 2022 11:55:01 GMT","inverseRate":0.001602085584003},"bzd":{"code":"BZD","alphaCode":"BZD","numericCode":"084","name":"Belize dollar","rate":2.0144927536232,"date":"Wed, 26 Oct 2022 11:55:01 GMT","inverseRate":0.49640287769784},"gnf":{"code":"GNF","alphaCode":"GNF","numericCode":"324","name":"Guinean franc","rate":8611.9565217394,"date":"Wed, 26 Oct 2022 11:55:01 GMT","inverseRate":0.00011611763221002},"ern":{"code":"ERN","alphaCode":"ERN","numericCode":"232","name":"Eritrean nakfa","rate":15.067511885896,"date":"Wed, 26 Oct 2022 11:55:01 GMT","inverseRate":0.066367958264964},"wst":{"code":"WST","alphaCode":"WST","numericCode":"882","name":"Samoan tala","rate":2.7940519572117,"date":"Wed, 26 Oct 2022 11:55:01 GMT","inverseRate":0.35790315116328},"brl":{"code":"BRL","alphaCode":"BRL","numericCode":"986","name":"Brazilian Real","rate":5.3112759714877,"date":"Wed, 26 Oct 2022 11:55:01 GMT","inverseRate":0.18827867453476},"inr":{"code":"INR","alphaCode":"INR","numericCode":"356","name":"Indian Rupee","rate":82.53155946974,"date":"Wed, 26 Oct 2022 11:55:01 GMT","inverseRate":0.012116577057612},"npr":{"code":"NPR","alphaCode":"NPR","numericCode":"524","name":"Nepalese Rupee","rate":132.36790199491,"date":"Wed, 26 Oct 2022 11:55:01 GMT","inverseRate":0.0075547015925239},"zar":{"code":"ZAR","alphaCode":"ZAR","numericCode":"710","name":"South African Rand","rate":18.293017754161,"date":"Wed, 26 Oct 2022 11:55:01 GMT","inverseRate":0.054665666072102},"azn":{"code":"AZN","alphaCode":"AZN","numericCode":"944","name":"Azerbaijan Manat","rate":1.6970850855177,"date":"Wed, 26 Oct 2022 11:55:01 GMT","inverseRate":0.58924564745376},"pyg":{"code":"PYG","alphaCode":"PYG","numericCode":"600","name":"Paraguayan Guaran\u00ed","rate":7228.3345349676,"date":"Wed, 26 Oct 2022 11:55:01 GMT","inverseRate":0.00013834445475129},"gyd":{"code":"GYD","alphaCode":"GYD","numericCode":"328","name":"Guyanese dollar","rate":209.08691062632,"date":"Wed, 26 Oct 2022 11:55:01 GMT","inverseRate":0.0047827001556649},"rwf":{"code":"RWF","alphaCode":"RWF","numericCode":"646","name":"Rwandan franc","rate":1066.1134783584,"date":"Wed, 26 Oct 2022 11:55:01 GMT","inverseRate":0.00093798645294289},"mop":{"code":"MOP","alphaCode":"MOP","numericCode":"446","name":"Macanese pataca","rate":8.0846938775508,"date":"Wed, 26 Oct 2022 11:55:01 GMT","inverseRate":0.1236905212672},"bam":{"code":"BAM","alphaCode":"BAM","numericCode":"977","name":"Bosnia and Herzegovina convertible mark","rate":1.9537234916982,"date":"Wed, 26 Oct 2022 11:55:01 GMT","inverseRate":0.5118431570533},"dkk":{"code":"DKK","alphaCode":"DKK","numericCode":"208","name":"Danish Krone","rate":7.4938278272624,"date":"Wed, 26 Oct 2022 11:55:01 GMT","inverseRate":0.133443151224},"lkr":{"code":"LKR","alphaCode":"LKR","numericCode":"144","name":"Sri Lanka Rupee","rate":365.73169432681,"date":"Wed, 26 Oct 2022 11:55:01 GMT","inverseRate":0.0027342448453659},"tnd":{"code":"TND","alphaCode":"TND","numericCode":"788","name":"Tunisian Dinar","rate":3.2390170268629,"date":"Wed, 26 Oct 2022 11:55:01 GMT","inverseRate":0.30873564161796},"twd":{"code":"TWD","alphaCode":"TWD","numericCode":"901","name":"New Taiwan Dollar ","rate":32.261296119938,"date":"Wed, 26 Oct 2022 11:55:01 GMT","inverseRate":0.030996894739824},"iqd":{"code":"IQD","alphaCode":"IQD","numericCode":"368","name":"Iraqi dinar","rate":1459.3337523308,"date":"Wed, 26 Oct 2022 11:55:01 GMT","inverseRate":0.00068524420709302},"afn":{"code":"AFN","alphaCode":"AFN","numericCode":"971","name":"Afghan afghani","rate":87.797580570689,"date":"Wed, 26 Oct 2022 11:55:01 GMT","inverseRate":0.011389835500021},"nad":{"code":"NAD","alphaCode":"NAD","numericCode":"516","name":"Namibian dollar","rate":18.054690467148,"date":"Wed, 26 Oct 2022 11:55:01 GMT","inverseRate":0.055387269132062},"syp":{"code":"SYP","alphaCode":"SYP","numericCode":"760","name":"Syrian pound","rate":2502,"date":"Wed, 26 Oct 2022 11:55:01 GMT","inverseRate":0.00039968025579536},"lak":{"code":"LAK","alphaCode":"LAK","numericCode":"418","name":"Lao kip","rate":17286.545454545,"date":"Wed, 26 Oct 2022 11:55:01 GMT","inverseRate":5.7848458075646e-5},"gtq":{"code":"GTQ","alphaCode":"GTQ","numericCode":"320","name":"Guatemalan Quetzal","rate":7.8355035437614,"date":"Wed, 26 Oct 2022 11:55:01 GMT","inverseRate":0.12762421641634},"pkr":{"code":"PKR","alphaCode":"PKR","numericCode":"586","name":"Pakistani Rupee","rate":220.30969288118,"date":"Wed, 26 Oct 2022 11:55:01 GMT","inverseRate":0.0045390649268407},"bgn":{"code":"BGN","alphaCode":"BGN","numericCode":"975","name":"Bulgarian Lev","rate":1.9684541050819,"date":"Wed, 26 Oct 2022 11:55:01 GMT","inverseRate":0.50801286015169},"pen":{"code":"PEN","alphaCode":"PEN","numericCode":"604","name":"Peruvian Nuevo Sol","rate":3.9973995043368,"date":"Wed, 26 Oct 2022 11:55:01 GMT","inverseRate":0.25016263671297},"tmt":{"code":"TMT","alphaCode":"TMT","numericCode":"934","name":"New Turkmenistan Manat","rate":3.4956620770014,"date":"Wed, 26 Oct 2022 11:55:01 GMT","inverseRate":0.28606884131598},"svc":{"code":"SVC","alphaCode":"SVC","numericCode":"222","name":"Salvadoran colon","rate":8.7498619547211,"date":"Wed, 26 Oct 2022 11:55:01 GMT","inverseRate":0.11428751735454},"xcd":{"code":"XCD","alphaCode":"XCD","numericCode":"951","name":"East Caribbean Dollar","rate":2.7094898831576,"date":"Wed, 26 Oct 2022 11:55:01 GMT","inverseRate":0.36907316252261},"aoa":{"code":"AOA","alphaCode":"AOA","numericCode":"973","name":"Angolan kwanza","rate":444.28037383178,"date":"Wed, 26 Oct 2022 11:55:01 GMT","inverseRate":0.002250830914216},"mvr":{"code":"MVR","alphaCode":"MVR","numericCode":"462","name":"Maldivian rufiyaa","rate":15.449463763406,"date":"Wed, 26 Oct 2022 11:55:01 GMT","inverseRate":0.064727165635912},"sar":{"code":"SAR","alphaCode":"SAR","numericCode":"682","name":"Saudi Riyal","rate":3.7592612546997,"date":"Wed, 26 Oct 2022 11:55:01 GMT","inverseRate":0.26600971101698},"pln":{"code":"PLN","alphaCode":"PLN","numericCode":"985","name":"Polish Zloty","rate":4.8028113058831,"date":"Wed, 26 Oct 2022 11:55:01 GMT","inverseRate":0.20821138627184},"gip":{"code":"GIP","alphaCode":"GIP","numericCode":"292","name":"Gibraltar pound","rate":0.87387258063733,"date":"Wed, 26 Oct 2022 11:55:01 GMT","inverseRate":1.1443315903912},"gel":{"code":"GEL","alphaCode":"GEL","numericCode":"981","name":"Georgian lari","rate":2.7960215517887,"date":"Wed, 26 Oct 2022 11:55:01 GMT","inverseRate":0.35765103432778},"mkd":{"code":"MKD","alphaCode":"MKD","numericCode":"807","name":"Macedonian denar","rate":61.401152127302,"date":"Wed, 26 Oct 2022 11:55:01 GMT","inverseRate":0.016286339349573},"awg":{"code":"AWG","alphaCode":"AWG","numericCode":"533","name":"Aruban florin","rate":1.808972944176,"date":"Wed, 26 Oct 2022 11:55:01 GMT","inverseRate":0.55279986537085},"hnl":{"code":"HNL","alphaCode":"HNL","numericCode":"340","name":"Honduran Lempira","rate":24.7079002079,"date":"Wed, 26 Oct 2022 11:55:01 GMT","inverseRate":0.040472884850015},"kes":{"code":"KES","alphaCode":"KES","numericCode":"404","name":"Kenyan shilling","rate":121.22711276585,"date":"Wed, 26 Oct 2022 11:55:01 GMT","inverseRate":0.0082489797635575},"bhd":{"code":"BHD","alphaCode":"BHD","numericCode":"048","name":"Bahrain Dinar","rate":0.37623740565603,"date":"Wed, 26 Oct 2022 11:55:01 GMT","inverseRate":2.6578962776344},"egp":{"code":"EGP","alphaCode":"EGP","numericCode":"818","name":"Egyptian Pound","rate":19.699655028557,"date":"Wed, 26 Oct 2022 11:55:01 GMT","inverseRate":0.050762310230833},"hrk":{"code":"HRK","alphaCode":"HRK","numericCode":"191","name":"Croatian Kuna","rate":7.5798945925449,"date":"Wed, 26 Oct 2022 11:55:01 GMT","inverseRate":0.13192795596175},"mro":{"code":"MRO","alphaCode":"MRO","numericCode":"478","name":"Mauritanian Ouguiya","rate":37.925585255368,"date":"Wed, 26 Oct 2022 11:55:01 GMT","inverseRate":0.026367424346035},"cop":{"code":"COP","alphaCode":"COP","numericCode":"170","name":"Colombian Peso","rate":4971.8043175064,"date":"Wed, 26 Oct 2022 11:55:01 GMT","inverseRate":0.00020113422333998},"bbd":{"code":"BBD","alphaCode":"BBD","numericCode":"052","name":"Barbadian Dollar","rate":2.017913235419,"date":"Wed, 26 Oct 2022 11:55:01 GMT","inverseRate":0.49556144558037},"djf":{"code":"DJF","alphaCode":"DJF","numericCode":"262","name":"Djiboutian franc","rate":177.91833526704,"date":"Wed, 26 Oct 2022 11:55:01 GMT","inverseRate":0.0056205561866296},"mzn":{"code":"MZN","alphaCode":"MZN","numericCode":"943","name":"Mozambican metical","rate":64.067385444744,"date":"Wed, 26 Oct 2022 11:55:01 GMT","inverseRate":0.015608565778956},"ugx":{"code":"UGX","alphaCode":"UGX","numericCode":"800","name":"Ugandan shilling","rate":3812.1892542101,"date":"Wed, 26 Oct 2022 11:55:01 GMT","inverseRate":0.00026231646261938},"hkd":{"code":"HKD","alphaCode":"HKD","numericCode":"344","name":"Hong Kong Dollar","rate":7.8499308903903,"date":"Wed, 26 Oct 2022 11:55:01 GMT","inverseRate":0.12738965654133},"mad":{"code":"MAD","alphaCode":"MAD","numericCode":"504","name":"Moroccan Dirham","rate":10.911460201251,"date":"Wed, 26 Oct 2022 11:55:01 GMT","inverseRate":0.091646762354075},"myr":{"code":"MYR","alphaCode":"MYR","numericCode":"458","name":"Malaysian Ringgit","rate":4.7271741217542,"date":"Wed, 26 Oct 2022 11:55:01 GMT","inverseRate":0.21154287408159},"mdl":{"code":"MDL","alphaCode":"MDL","numericCode":"498","name":"Moldova Lei","rate":19.104299396404,"date":"Wed, 26 Oct 2022 11:55:01 GMT","inverseRate":0.052344238291629},"pab":{"code":"PAB","alphaCode":"PAB","numericCode":"590","name":"Panamanian Balboa","rate":1,"date":"Wed, 26 Oct 2022 11:55:01 GMT","inverseRate":1},"fjd":{"code":"FJD","alphaCode":"FJD","numericCode":"242","name":"Fiji Dollar","rate":2.2831756399789,"date":"Wed, 26 Oct 2022 11:55:01 GMT","inverseRate":0.4379864529429},"cdf":{"code":"CDF","alphaCode":"CDF","numericCode":"976","name":"Congolese franc","rate":2053.4773218143,"date":"Wed, 26 Oct 2022 11:55:01 GMT","inverseRate":0.00048697883798224},"top":{"code":"TOP","alphaCode":"TOP","numericCode":"776","name":"Tongan pa\u02bbanga","rate":2.3807091346154,"date":"Wed, 26 Oct 2022 11:55:01 GMT","inverseRate":0.42004291303799},"vuv":{"code":"VUV","alphaCode":"VUV","numericCode":"548","name":"Vanuatu vatu","rate":121.37878207583,"date":"Wed, 26 Oct 2022 11:55:01 GMT","inverseRate":0.0082386722201188},"kwd":{"code":"KWD","alphaCode":"KWD","numericCode":"414","name":"Kuwaiti Dinar","rate":0.30992545096426,"date":"Wed, 26 Oct 2022 11:55:01 GMT","inverseRate":3.2265823825979},"thb":{"code":"THB","alphaCode":"THB","numericCode":"764","name":"Thai Baht","rate":38.030439404924,"date":"Wed, 26 Oct 2022 11:55:01 GMT","inverseRate":0.026294726425657},"xof":{"code":"XOF","alphaCode":"XOF","numericCode":"952","name":"West African CFA Franc","rate":666.74786473383,"date":"Wed, 26 Oct 2022 11:55:01 GMT","inverseRate":0.001499817326598},"irr":{"code":"IRR","alphaCode":"IRR","numericCode":"364","name":"Iranian rial","rate":42034.536244889,"date":"Wed, 26 Oct 2022 11:55:01 GMT","inverseRate":2.3789961525306e-5},"bob":{"code":"BOB","alphaCode":"BOB","numericCode":"068","name":"Bolivian Boliviano","rate":6.8903290144125,"date":"Wed, 26 Oct 2022 11:55:01 GMT","inverseRate":0.1451309506278},"lrd":{"code":"LRD","alphaCode":"LRD","numericCode":"430","name":"Liberian dollar","rate":153.34838709677,"date":"Wed, 26 Oct 2022 11:55:01 GMT","inverseRate":0.0065210989103456},"sdg":{"code":"SDG","alphaCode":"SDG","numericCode":"938","name":"Sudanese pound","rate":565.92857142858,"date":"Wed, 26 Oct 2022 11:55:01 GMT","inverseRate":0.0017670074466742},"pgk":{"code":"PGK","alphaCode":"PGK","numericCode":"598","name":"Papua New Guinean kina","rate":3.5215941921624,"date":"Wed, 26 Oct 2022 11:55:01 GMT","inverseRate":0.28396230384114},"bwp":{"code":"BWP","alphaCode":"BWP","numericCode":"072","name":"Botswana Pula","rate":13.308510638298,"date":"Wed, 26 Oct 2022 11:55:01 GMT","inverseRate":0.075139888089528},"omr":{"code":"OMR","alphaCode":"OMR","numericCode":"512","name":"Omani Rial","rate":0.38501025655134,"date":"Wed, 26 Oct 2022 11:55:01 GMT","inverseRate":2.5973334034197},"ils":{"code":"ILS","alphaCode":"ILS","numericCode":"376","name":"Israeli New Sheqel","rate":3.5391071419957,"date":"Wed, 26 Oct 2022 11:55:01 GMT","inverseRate":0.28255714220511},"ngn":{"code":"NGN","alphaCode":"NGN","numericCode":"566","name":"Nigerian Naira","rate":437.05507352941,"date":"Wed, 26 Oct 2022 11:55:01 GMT","inverseRate":0.0022880411658983},"uzs":{"code":"UZS","alphaCode":"UZS","numericCode":"860","name":"Uzbekistan Sum","rate":11073.498069513,"date":"Wed, 26 Oct 2022 11:55:01 GMT","inverseRate":9.0305700486204e-5},"etb":{"code":"ETB","alphaCode":"ETB","numericCode":"230","name":"Ethiopian birr","rate":52.937639198216,"date":"Wed, 26 Oct 2022 11:55:01 GMT","inverseRate":0.018890151037066},"ttd":{"code":"TTD","alphaCode":"TTD","numericCode":"780","name":"Trinidad Tobago Dollar","rate":6.780487804878,"date":"Wed, 26 Oct 2022 11:55:01 GMT","inverseRate":0.14748201438849},"zmw":{"code":"ZMW","alphaCode":"ZMW","numericCode":"967","name":"Zambian kwacha","rate":16.065562690098,"date":"Wed, 26 Oct 2022 11:55:01 GMT","inverseRate":0.062244940889394},"khr":{"code":"KHR","alphaCode":"KHR","numericCode":"116","name":"Cambodian riel","rate":4137.3368146214,"date":"Wed, 26 Oct 2022 11:55:01 GMT","inverseRate":0.00024170137574151},"sek":{"code":"SEK","alphaCode":"SEK","numericCode":"752","name":"Swedish Krona","rate":11.030838664445,"date":"Wed, 26 Oct 2022 11:55:01 GMT","inverseRate":0.090654938433941},"sgd":{"code":"SGD","alphaCode":"SGD","numericCode":"702","name":"Singapore Dollar","rate":1.4172809462995,"date":"Wed, 26 Oct 2022 11:55:01 GMT","inverseRate":0.70557640855258},"huf":{"code":"HUF","alphaCode":"HUF","numericCode":"348","name":"Hungarian Forint","rate":414.55602999471,"date":"Wed, 26 Oct 2022 11:55:01 GMT","inverseRate":0.0024122191637467},"byn":{"code":"BYN","alphaCode":"BYN","numericCode":"933","name":"Belarussian Ruble","rate":2.9857516862449,"date":"Wed, 26 Oct 2022 11:55:01 GMT","inverseRate":0.33492403424133},"tjs":{"code":"TJS","alphaCode":"TJS","numericCode":"972","name":"Tajikistan Ruble","rate":10.145863495634,"date":"Wed, 26 Oct 2022 11:55:01 GMT","inverseRate":0.098562335323191},"gmd":{"code":"GMD","alphaCode":"GMD","numericCode":"270","name":"Gambian dalasi","rate":59.871536523929,"date":"Wed, 26 Oct 2022 11:55:01 GMT","inverseRate":0.016702427531659},"cve":{"code":"CVE","alphaCode":"CVE","numericCode":"132","name":"Cape Verde escudo","rate":110.2969837587,"date":"Wed, 26 Oct 2022 11:55:01 GMT","inverseRate":0.0090664310656738},"all":{"code":"ALL","alphaCode":"ALL","numericCode":"008","name":"Albanian lek","rate":117.37777777778,"date":"Wed, 26 Oct 2022 11:55:01 GMT","inverseRate":0.0085195001893221},"scr":{"code":"SCR","alphaCode":"SCR","numericCode":"690","name":"Seychelles rupee","rate":13.009852216749,"date":"Wed, 26 Oct 2022 11:55:01 GMT","inverseRate":0.076864823930328},"dop":{"code":"DOP","alphaCode":"DOP","numericCode":"214","name":"Dominican Peso","rate":53.719155789129,"date":"Wed, 26 Oct 2022 11:55:01 GMT","inverseRate":0.018615333493427},"cny":{"code":"CNY","alphaCode":"CNY","numericCode":"156","name":"Chinese Yuan","rate":7.2763117781359,"date":"Wed, 26 Oct 2022 11:55:01 GMT","inverseRate":0.13743226382971},"isk":{"code":"ISK","alphaCode":"ISK","numericCode":"352","name":"Icelandic Krona","rate":144.71819178498,"date":"Wed, 26 Oct 2022 11:55:01 GMT","inverseRate":0.0069099813068822},"lyd":{"code":"LYD","alphaCode":"LYD","numericCode":"434","name":"Libyan Dinar","rate":5.0038081477978,"date":"Wed, 26 Oct 2022 11:55:01 GMT","inverseRate":0.19984779001571},"clp":{"code":"CLP","alphaCode":"CLP","numericCode":"152","name":"Chilean Peso","rate":965.53965974244,"date":"Wed, 26 Oct 2022 11:55:01 GMT","inverseRate":0.001035690238003},"bsd":{"code":"BSD","alphaCode":"BSD","numericCode":"044","name":"Bahamian Dollar","rate":1,"date":"Wed, 26 Oct 2022 11:55:01 GMT","inverseRate":1},"xpf":{"code":"XPF","alphaCode":"XPF","numericCode":"953","name":"CFP Franc","rate":119.46622436671,"date":"Wed, 26 Oct 2022 11:55:01 GMT","inverseRate":0.0083705667045309}}