{"usd":{"code":"USD","alphaCode":"USD","numericCode":"840","name":"U.S. Dollar","rate":0.00068524420709302,"date":"Wed, 26 Oct 2022 11:55:01 GMT","inverseRate":1459.3337523308},"eur":{"code":"EUR","alphaCode":"EUR","numericCode":"978","name":"Euro","rate":0.00068477424933906,"date":"Wed, 26 Oct 2022 11:55:01 GMT","inverseRate":1460.3352870894},"gbp":{"code":"GBP","alphaCode":"GBP","numericCode":"826","name":"U.K. Pound Sterling","rate":0.00059354281598873,"date":"Wed, 26 Oct 2022 11:55:01 GMT","inverseRate":1684.7984223921},"cad":{"code":"CAD","alphaCode":"CAD","numericCode":"124","name":"Canadian Dollar","rate":0.00093337243277249,"date":"Wed, 26 Oct 2022 11:55:01 GMT","inverseRate":1071.3836887486},"jpy":{"code":"JPY","alphaCode":"JPY","numericCode":"392","name":"Japanese Yen","rate":0.10101735869743,"date":"Wed, 26 Oct 2022 11:55:01 GMT","inverseRate":9.8992887251712},"aud":{"code":"AUD","alphaCode":"AUD","numericCode":"036","name":"Australian Dollar","rate":0.001071686399266,"date":"Wed, 26 Oct 2022 11:55:01 GMT","inverseRate":933.10879067321},"chf":{"code":"CHF","alphaCode":"CHF","numericCode":"756","name":"Swiss Franc","rate":0.00067804739065493,"date":"Wed, 26 Oct 2022 11:55:01 GMT","inverseRate":1474.8231669089},"lsl":{"code":"LSL","alphaCode":"LSL","numericCode":"426","name":"Lesotho loti","rate":0.012371872053471,"date":"Wed, 26 Oct 2022 11:55:01 GMT","inverseRate":80.828511293848},"tzs":{"code":"TZS","alphaCode":"TZS","numericCode":"834","name":"Tanzanian shilling","rate":1.5968205449406,"date":"Wed, 26 Oct 2022 11:55:01 GMT","inverseRate":0.62624444754823},"ang":{"code":"ANG","alphaCode":"ANG","numericCode":"532","name":"Neth. Antillean Guilder","rate":0.0012273524384255,"date":"Wed, 26 Oct 2022 11:55:01 GMT","inverseRate":814.76189616962},"lbp":{"code":"LBP","alphaCode":"LBP","numericCode":"422","name":"Lebanese Pound","rate":1.0351062333108,"date":"Wed, 26 Oct 2022 11:55:01 GMT","inverseRate":0.96608441512467},"mxn":{"code":"MXN","alphaCode":"MXN","numericCode":"484","name":"Mexican Peso","rate":0.013620158109158,"date":"Wed, 26 Oct 2022 11:55:01 GMT","inverseRate":73.42058674984},"kzt":{"code":"KZT","alphaCode":"KZT","numericCode":"398","name":"Kazakhstani Tenge","rate":0.32398836911501,"date":"Wed, 26 Oct 2022 11:55:01 GMT","inverseRate":3.0865305527219},"htg":{"code":"HTG","alphaCode":"HTG","numericCode":"332","name":"Haitian gourde","rate":0.085615141470529,"date":"Wed, 26 Oct 2022 11:55:01 GMT","inverseRate":11.680176926931},"bnd":{"code":"BND","alphaCode":"BND","numericCode":"096","name":"Brunei Dollar","rate":0.00096476052470865,"date":"Wed, 26 Oct 2022 11:55:01 GMT","inverseRate":1036.5266554641},"kmf":{"code":"KMF","alphaCode":"KMF","numericCode":"174","name":"\tComoro franc","rate":0.3411009331601,"date":"Wed, 26 Oct 2022 11:55:01 GMT","inverseRate":2.9316835657282},"mru":{"code":"MRU","alphaCode":"MRU","numericCode":"929","name":"Mauritanian ouguiya","rate":0.025997716773175,"date":"Wed, 26 Oct 2022 11:55:01 GMT","inverseRate":38.464916312644},"mnt":{"code":"MNT","alphaCode":"MNT","numericCode":"496","name":"Mongolian togrog","rate":2.3267956511991,"date":"Wed, 26 Oct 2022 11:55:01 GMT","inverseRate":0.4297756012586},"jod":{"code":"JOD","alphaCode":"JOD","numericCode":"400","name":"Jordanian Dinar","rate":0.00048581965020147,"date":"Wed, 26 Oct 2022 11:55:01 GMT","inverseRate":2058.3770120976},"php":{"code":"PHP","alphaCode":"PHP","numericCode":"608","name":"Philippine Peso","rate":0.040281940083743,"date":"Wed, 26 Oct 2022 11:55:01 GMT","inverseRate":24.825020788996},"xaf":{"code":"XAF","alphaCode":"XAF","numericCode":"950","name":"Central African CFA Franc","rate":0.45717114486168,"date":"Wed, 26 Oct 2022 11:55:01 GMT","inverseRate":2.187364647221},"amd":{"code":"AMD","alphaCode":"AMD","numericCode":"051","name":"Armenia Dram","rate":0.27708536985927,"date":"Wed, 26 Oct 2022 11:55:01 GMT","inverseRate":3.6089960307464},"uyu":{"code":"UYU","alphaCode":"UYU","numericCode":"858","name":"Uruguayan Peso","rate":0.028208444648592,"date":"Wed, 26 Oct 2022 11:55:01 GMT","inverseRate":35.450377093014},"jmd":{"code":"JMD","alphaCode":"JMD","numericCode":"388","name":"Jamaican Dollar","rate":0.10508109392512,"date":"Wed, 26 Oct 2022 11:55:01 GMT","inverseRate":9.5164597421549},"ssp":{"code":"SSP","alphaCode":"SSP","numericCode":"728","name":"South Sudanese pound","rate":0.41773710075389,"date":"Wed, 26 Oct 2022 11:55:01 GMT","inverseRate":2.3938500990103},"ghs":{"code":"GHS","alphaCode":"GHS","numericCode":"936","name":"Ghanaian Cedi","rate":0.0096063518480653,"date":"Wed, 26 Oct 2022 11:55:01 GMT","inverseRate":104.09779027627},"cup":{"code":"CUP","alphaCode":"CUP","numericCode":"192","name":"Cuban peso","rate":0.00068524420709302,"date":"Wed, 26 Oct 2022 11:55:01 GMT","inverseRate":1459.3337523308},"nzd":{"code":"NZD","alphaCode":"NZD","numericCode":"554","name":"New Zealand Dollar","rate":0.001192662079205,"date":"Wed, 26 Oct 2022 11:55:01 GMT","inverseRate":838.46046372713},"try":{"code":"TRY","alphaCode":"TRY","numericCode":"949","name":"Turkish Lira","rate":0.012745522519007,"date":"Wed, 26 Oct 2022 11:55:01 GMT","inverseRate":78.458925360552},"vnd":{"code":"VND","alphaCode":"VND","numericCode":"704","name":"Vietnamese Dong","rate":17.011554815685,"date":"Wed, 26 Oct 2022 11:55:01 GMT","inverseRate":0.058783574507723},"kgs":{"code":"KGS","alphaCode":"KGS","numericCode":"417","name":"Kyrgyzstan Som","rate":0.055796522893111,"date":"Wed, 26 Oct 2022 11:55:01 GMT","inverseRate":17.922263756752},"mga":{"code":"MGA","alphaCode":"MGA","numericCode":"969","name":"Malagasy ariary","rate":2.9267869826404,"date":"Wed, 26 Oct 2022 11:55:01 GMT","inverseRate":0.34167160300058},"srd":{"code":"SRD","alphaCode":"SRD","numericCode":"968","name":"Surinamese dollar","rate":0.020083316348205,"date":"Wed, 26 Oct 2022 11:55:01 GMT","inverseRate":49.792573231532},"mwk":{"code":"MWK","alphaCode":"MWK","numericCode":"454","name":"Malawian kwacha","rate":0.70341479414355,"date":"Wed, 26 Oct 2022 11:55:01 GMT","inverseRate":1.421636292449},"yer":{"code":"YER","alphaCode":"YER","numericCode":"886","name":"Yemeni rial","rate":0.17133087422705,"date":"Wed, 26 Oct 2022 11:55:01 GMT","inverseRate":5.8366596476641},"nok":{"code":"NOK","alphaCode":"NOK","numericCode":"578","name":"Norwegian Krone","rate":0.0071502538199203,"date":"Wed, 26 Oct 2022 11:55:01 GMT","inverseRate":139.85517510078},"qar":{"code":"QAR","alphaCode":"QAR","numericCode":"634","name":"Qatari Rial","rate":0.0025195048116213,"date":"Wed, 26 Oct 2022 11:55:01 GMT","inverseRate":396.90338966112},"czk":{"code":"CZK","alphaCode":"CZK","numericCode":"203","name":"Czech Koruna","rate":0.016901794116204,"date":"Wed, 26 Oct 2022 11:55:01 GMT","inverseRate":59.165316600402},"rub":{"code":"RUB","alphaCode":"RUB","numericCode":"643","name":"Russian Rouble","rate":0.043995382413642,"date":"Wed, 26 Oct 2022 11:55:01 GMT","inverseRate":22.729658094526},"rsd":{"code":"RSD","alphaCode":"RSD","numericCode":"941","name":"Serbian Dinar","rate":0.080361984744979,"date":"Wed, 26 Oct 2022 11:55:01 GMT","inverseRate":12.443694654549},"nio":{"code":"NIO","alphaCode":"NIO","numericCode":"558","name":"Nicaraguan C\u00f3rdoba","rate":0.024659454289771,"date":"Wed, 26 Oct 2022 11:55:01 GMT","inverseRate":40.552397804472},"sbd":{"code":"SBD","alphaCode":"SBD","numericCode":"090","name":"Solomon Islands dollar","rate":0.0055971029410287,"date":"Wed, 26 Oct 2022 11:55:01 GMT","inverseRate":178.66385709465},"mmk":{"code":"MMK","alphaCode":"MMK","numericCode":"104","name":"Myanma Kyat","rate":1.4381959874962,"date":"Wed, 26 Oct 2022 11:55:01 GMT","inverseRate":0.69531552632193},"mur":{"code":"MUR","alphaCode":"MUR","numericCode":"480","name":"Mauritian Rupee","rate":0.030162165848878,"date":"Wed, 26 Oct 2022 11:55:01 GMT","inverseRate":33.154117811377},"ves":{"code":"VES","alphaCode":"VES","numericCode":"928","name":"Venezuelan Bolivar","rate":0.0057112929881357,"date":"Wed, 26 Oct 2022 11:55:01 GMT","inverseRate":175.09170026426},"bdt":{"code":"BDT","alphaCode":"BDT","numericCode":"050","name":"Bangladeshi taka","rate":0.069588771169475,"date":"Wed, 26 Oct 2022 11:55:01 GMT","inverseRate":14.370134479952},"ron":{"code":"RON","alphaCode":"RON","numericCode":"946","name":"Romanian New Leu","rate":0.0033745397256502,"date":"Wed, 26 Oct 2022 11:55:01 GMT","inverseRate":296.33670998118},"dzd":{"code":"DZD","alphaCode":"DZD","numericCode":"012","name":"Algerian Dinar","rate":0.09617672429971,"date":"Wed, 26 Oct 2022 11:55:01 GMT","inverseRate":10.397526088368},"ars":{"code":"ARS","alphaCode":"ARS","numericCode":"032","name":"Argentine Peso","rate":0.10618208349588,"date":"Wed, 26 Oct 2022 11:55:01 GMT","inverseRate":9.4177846871762},"stn":{"code":"STN","alphaCode":"STN","numericCode":"930","name":"S\u00e3o Tom\u00e9 and Pr\u00edncipe Dobra","rate":0.016895819043977,"date":"Wed, 26 Oct 2022 11:55:01 GMT","inverseRate":59.186239944756},"bif":{"code":"BIF","alphaCode":"BIF","numericCode":"108","name":"Burundian franc","rate":1.4156948768704,"date":"Wed, 26 Oct 2022 11:55:01 GMT","inverseRate":0.70636689892573},"szl":{"code":"SZL","alphaCode":"SZL","numericCode":"748","name":"Swazi lilangeni","rate":0.012371872053471,"date":"Wed, 26 Oct 2022 11:55:01 GMT","inverseRate":80.828511293848},"sos":{"code":"SOS","alphaCode":"SOS","numericCode":"706","name":"Somali shilling","rate":0.38932878112572,"date":"Wed, 26 Oct 2022 11:55:01 GMT","inverseRate":2.5685231826647},"aed":{"code":"AED","alphaCode":"AED","numericCode":"784","name":"U.A.E Dirham","rate":0.0025168718530653,"date":"Wed, 26 Oct 2022 11:55:01 GMT","inverseRate":397.31859958707},"idr":{"code":"IDR","alphaCode":"IDR","numericCode":"360","name":"Indonesian Rupiah","rate":10.702068978154,"date":"Wed, 26 Oct 2022 11:55:01 GMT","inverseRate":0.093439876162381},"krw":{"code":"KRW","alphaCode":"KRW","numericCode":"410","name":"South Korean Won","rate":0.97841490775514,"date":"Wed, 26 Oct 2022 11:55:01 GMT","inverseRate":1.0220612871633},"uah":{"code":"UAH","alphaCode":"UAH","numericCode":"980","name":"Ukrainian Hryvnia","rate":0.02533543701839,"date":"Wed, 26 Oct 2022 11:55:01 GMT","inverseRate":39.470406580085},"crc":{"code":"CRC","alphaCode":"CRC","numericCode":"188","name":"Costa Rican Col\u00f3n","rate":0.42772010055845,"date":"Wed, 26 Oct 2022 11:55:01 GMT","inverseRate":2.3379775668582},"bzd":{"code":"BZD","alphaCode":"BZD","numericCode":"084","name":"Belize dollar","rate":0.0013804194896512,"date":"Wed, 26 Oct 2022 11:55:01 GMT","inverseRate":724.41747417859},"gnf":{"code":"GNF","alphaCode":"GNF","numericCode":"324","name":"Guinean franc","rate":5.9012933182589,"date":"Wed, 26 Oct 2022 11:55:01 GMT","inverseRate":0.16945437992481},"ern":{"code":"ERN","alphaCode":"ERN","numericCode":"232","name":"Eritrean nakfa","rate":0.010324925235115,"date":"Wed, 26 Oct 2022 11:55:01 GMT","inverseRate":96.853001569344},"wst":{"code":"WST","alphaCode":"WST","numericCode":"882","name":"Samoan tala","rate":0.0019146079179962,"date":"Wed, 26 Oct 2022 11:55:01 GMT","inverseRate":522.30014855813},"brl":{"code":"BRL","alphaCode":"BRL","numericCode":"986","name":"Brazilian Real","rate":0.0036395210917343,"date":"Wed, 26 Oct 2022 11:55:01 GMT","inverseRate":274.76142459267},"inr":{"code":"INR","alphaCode":"INR","numericCode":"356","name":"Indian Rupee","rate":0.056554273028992,"date":"Wed, 26 Oct 2022 11:55:01 GMT","inverseRate":17.68212986289},"npr":{"code":"NPR","alphaCode":"NPR","numericCode":"524","name":"Nepalese Rupee","rate":0.090704338047069,"date":"Wed, 26 Oct 2022 11:55:01 GMT","inverseRate":11.024831022757},"zar":{"code":"ZAR","alphaCode":"ZAR","numericCode":"710","name":"South African Rand","rate":0.012535184446289,"date":"Wed, 26 Oct 2022 11:55:01 GMT","inverseRate":79.775451592663},"azn":{"code":"AZN","alphaCode":"AZN","numericCode":"944","name":"Azerbaijan Manat","rate":0.001162917723795,"date":"Wed, 26 Oct 2022 11:55:01 GMT","inverseRate":859.90606174329},"pyg":{"code":"PYG","alphaCode":"PYG","numericCode":"600","name":"Paraguayan Guaran\u00ed","rate":4.953174367017,"date":"Wed, 26 Oct 2022 11:55:01 GMT","inverseRate":0.20189073226636},"gyd":{"code":"GYD","alphaCode":"GYD","numericCode":"328","name":"Guyanese dollar","rate":0.14327559428566,"date":"Wed, 26 Oct 2022 11:55:01 GMT","inverseRate":6.9795557644396},"rwf":{"code":"RWF","alphaCode":"RWF","numericCode":"646","name":"Rwandan franc","rate":0.73054808514888,"date":"Wed, 26 Oct 2022 11:55:01 GMT","inverseRate":1.3688352900086},"mop":{"code":"MOP","alphaCode":"MOP","numericCode":"446","name":"Macanese pataca","rate":0.0055399896457121,"date":"Wed, 26 Oct 2022 11:55:01 GMT","inverseRate":180.50575252862},"bam":{"code":"BAM","alphaCode":"BAM","numericCode":"977","name":"Bosnia and Herzegovina convertible mark","rate":0.0013387777049477,"date":"Wed, 26 Oct 2022 11:55:01 GMT","inverseRate":746.94999498743},"dkk":{"code":"DKK","alphaCode":"DKK","numericCode":"208","name":"Danish Krone","rate":0.005135102107584,"date":"Wed, 26 Oct 2022 11:55:01 GMT","inverseRate":194.73809459857},"lkr":{"code":"LKR","alphaCode":"LKR","numericCode":"144","name":"Sri Lanka Rupee","rate":0.25061552488776,"date":"Wed, 26 Oct 2022 11:55:01 GMT","inverseRate":3.9901757899789},"tnd":{"code":"TND","alphaCode":"TND","numericCode":"788","name":"Tunisian Dinar","rate":0.0022195176543335,"date":"Wed, 26 Oct 2022 11:55:01 GMT","inverseRate":450.54834236059},"twd":{"code":"TWD","alphaCode":"TWD","numericCode":"901","name":"New Taiwan Dollar ","rate":0.0221068662795,"date":"Wed, 26 Oct 2022 11:55:01 GMT","inverseRate":45.23481471127},"afn":{"code":"AFN","alphaCode":"AFN","numericCode":"971","name":"Afghan afghani","rate":0.060162783482847,"date":"Wed, 26 Oct 2022 11:55:01 GMT","inverseRate":16.621571378676},"nad":{"code":"NAD","alphaCode":"NAD","numericCode":"516","name":"Namibian dollar","rate":0.012371872053471,"date":"Wed, 26 Oct 2022 11:55:01 GMT","inverseRate":80.828511293848},"syp":{"code":"SYP","alphaCode":"SYP","numericCode":"760","name":"Syrian pound","rate":1.7144810061467,"date":"Wed, 26 Oct 2022 11:55:01 GMT","inverseRate":0.58326688742238},"lak":{"code":"LAK","alphaCode":"LAK","numericCode":"418","name":"Lao kip","rate":11.845505133377,"date":"Wed, 26 Oct 2022 11:55:01 GMT","inverseRate":0.084420207390084},"gtq":{"code":"GTQ","alphaCode":"GTQ","numericCode":"320","name":"Guatemalan Quetzal","rate":0.0053692334130193,"date":"Wed, 26 Oct 2022 11:55:01 GMT","inverseRate":186.24632663113},"pkr":{"code":"PKR","alphaCode":"PKR","numericCode":"586","name":"Pakistani Rupee","rate":0.15096594081327,"date":"Wed, 26 Oct 2022 11:55:01 GMT","inverseRate":6.6240106517595},"bgn":{"code":"BGN","alphaCode":"BGN","numericCode":"975","name":"Bulgarian Lev","rate":0.0013488717724358,"date":"Wed, 26 Oct 2022 11:55:01 GMT","inverseRate":741.36031343747},"pen":{"code":"PEN","alphaCode":"PEN","numericCode":"604","name":"Peruvian Nuevo Sol","rate":0.0027391948537833,"date":"Wed, 26 Oct 2022 11:55:01 GMT","inverseRate":365.0707793273},"tmt":{"code":"TMT","alphaCode":"TMT","numericCode":"934","name":"New Turkmenistan Manat","rate":0.00239538218822,"date":"Wed, 26 Oct 2022 11:55:01 GMT","inverseRate":417.46991562257},"svc":{"code":"SVC","alphaCode":"SVC","numericCode":"222","name":"Salvadoran colon","rate":0.0059957922173362,"date":"Wed, 26 Oct 2022 11:55:01 GMT","inverseRate":166.78363154557},"xcd":{"code":"XCD","alphaCode":"XCD","numericCode":"951","name":"East Caribbean Dollar","rate":0.0018566622466109,"date":"Wed, 26 Oct 2022 11:55:01 GMT","inverseRate":538.60092314872},"aoa":{"code":"AOA","alphaCode":"AOA","numericCode":"973","name":"Angolan kwanza","rate":0.30444055249335,"date":"Wed, 26 Oct 2022 11:55:01 GMT","inverseRate":3.284713523905},"mvr":{"code":"MVR","alphaCode":"MVR","numericCode":"462","name":"Maldivian rufiyaa","rate":0.010586655546567,"date":"Wed, 26 Oct 2022 11:55:01 GMT","inverseRate":94.458537505193},"sar":{"code":"SAR","alphaCode":"SAR","numericCode":"682","name":"Saudi Riyal","rate":0.0025760119977322,"date":"Wed, 26 Oct 2022 11:55:01 GMT","inverseRate":388.19694973484},"pln":{"code":"PLN","alphaCode":"PLN","numericCode":"985","name":"Polish Zloty","rate":0.0032910986251173,"date":"Wed, 26 Oct 2022 11:55:01 GMT","inverseRate":303.84990360609},"gip":{"code":"GIP","alphaCode":"GIP","numericCode":"292","name":"Gibraltar pound","rate":0.00059881612361916,"date":"Wed, 26 Oct 2022 11:55:01 GMT","inverseRate":1669.9617137163},"gel":{"code":"GEL","alphaCode":"GEL","numericCode":"981","name":"Georgian lari","rate":0.0019159575712704,"date":"Wed, 26 Oct 2022 11:55:01 GMT","inverseRate":521.93222595055},"mkd":{"code":"MKD","alphaCode":"MKD","numericCode":"807","name":"Macedonian denar","rate":0.042074783804071,"date":"Wed, 26 Oct 2022 11:55:01 GMT","inverseRate":23.767204714745},"awg":{"code":"AWG","alphaCode":"AWG","numericCode":"533","name":"Aruban florin","rate":0.0012395882307846,"date":"Wed, 26 Oct 2022 11:55:01 GMT","inverseRate":806.7195018196},"hnl":{"code":"HNL","alphaCode":"HNL","numericCode":"340","name":"Honduran Lempira","rate":0.016930945486896,"date":"Wed, 26 Oct 2022 11:55:01 GMT","inverseRate":59.063446915825},"kes":{"code":"KES","alphaCode":"KES","numericCode":"404","name":"Kenyan shilling","rate":0.083070176765411,"date":"Wed, 26 Oct 2022 11:55:01 GMT","inverseRate":12.038014591253},"bhd":{"code":"BHD","alphaCode":"BHD","numericCode":"048","name":"Bahrain Dinar","rate":0.0002578145027175,"date":"Wed, 26 Oct 2022 11:55:01 GMT","inverseRate":3878.7577481463},"egp":{"code":"EGP","alphaCode":"EGP","numericCode":"818","name":"Egyptian Pound","rate":0.01349907449005,"date":"Wed, 26 Oct 2022 11:55:01 GMT","inverseRate":74.079152666142},"hrk":{"code":"HRK","alphaCode":"HRK","numericCode":"191","name":"Croatian Kuna","rate":0.0051940788599171,"date":"Wed, 26 Oct 2022 11:55:01 GMT","inverseRate":192.526919011},"mro":{"code":"MRO","alphaCode":"MRO","numericCode":"478","name":"Mauritanian Ouguiya","rate":0.025988287596853,"date":"Wed, 26 Oct 2022 11:55:01 GMT","inverseRate":38.478872310197},"cop":{"code":"COP","alphaCode":"COP","numericCode":"170","name":"Colombian Peso","rate":3.4069001073713,"date":"Wed, 26 Oct 2022 11:55:01 GMT","inverseRate":0.29352196086887},"bbd":{"code":"BBD","alphaCode":"BBD","numericCode":"052","name":"Barbadian Dollar","rate":0.0013827633549872,"date":"Wed, 26 Oct 2022 11:55:01 GMT","inverseRate":723.18954388928},"djf":{"code":"DJF","alphaCode":"DJF","numericCode":"262","name":"Djiboutian franc","rate":0.12191750857737,"date":"Wed, 26 Oct 2022 11:55:01 GMT","inverseRate":8.2022673500203},"mzn":{"code":"MZN","alphaCode":"MZN","numericCode":"943","name":"Mozambican metical","rate":0.043901804739606,"date":"Wed, 26 Oct 2022 11:55:01 GMT","inverseRate":22.778106866706},"ugx":{"code":"UGX","alphaCode":"UGX","numericCode":"800","name":"Ugandan shilling","rate":2.6122806027897,"date":"Wed, 26 Oct 2022 11:55:01 GMT","inverseRate":0.38280726769248},"hkd":{"code":"HKD","alphaCode":"HKD","numericCode":"344","name":"Hong Kong Dollar","rate":0.0053791196687205,"date":"Wed, 26 Oct 2022 11:55:01 GMT","inverseRate":185.90402548859},"mad":{"code":"MAD","alphaCode":"MAD","numericCode":"504","name":"Moroccan Dirham","rate":0.0074770148938333,"date":"Wed, 26 Oct 2022 11:55:01 GMT","inverseRate":133.74321359514},"myr":{"code":"MYR","alphaCode":"MYR","numericCode":"458","name":"Malaysian Ringgit","rate":0.0032392686828521,"date":"Wed, 26 Oct 2022 11:55:01 GMT","inverseRate":308.71165621233},"mdl":{"code":"MDL","alphaCode":"MDL","numericCode":"498","name":"Moldova Lei","rate":0.013091110491957,"date":"Wed, 26 Oct 2022 11:55:01 GMT","inverseRate":76.387713679021},"pab":{"code":"PAB","alphaCode":"PAB","numericCode":"590","name":"Panamanian Balboa","rate":0.00068524420709302,"date":"Wed, 26 Oct 2022 11:55:01 GMT","inverseRate":1459.3337523308},"fjd":{"code":"FJD","alphaCode":"FJD","numericCode":"242","name":"Fiji Dollar","rate":0.0015645328810714,"date":"Wed, 26 Oct 2022 11:55:01 GMT","inverseRate":639.16841384322},"cdf":{"code":"CDF","alphaCode":"CDF","numericCode":"976","name":"Congolese franc","rate":1.4071334391701,"date":"Wed, 26 Oct 2022 11:55:01 GMT","inverseRate":0.71066465493831},"top":{"code":"TOP","alphaCode":"TOP","numericCode":"776","name":"Tongan pa\u02bbanga","rate":0.0016313671432686,"date":"Wed, 26 Oct 2022 11:55:01 GMT","inverseRate":612.98280042369},"vuv":{"code":"VUV","alphaCode":"VUV","numericCode":"548","name":"Vanuatu vatu","rate":0.083174107281469,"date":"Wed, 26 Oct 2022 11:55:01 GMT","inverseRate":12.02297244521},"kwd":{"code":"KWD","alphaCode":"KWD","numericCode":"414","name":"Kuwaiti Dinar","rate":0.00021237461990395,"date":"Wed, 26 Oct 2022 11:55:01 GMT","inverseRate":4708.6605756011},"thb":{"code":"THB","alphaCode":"THB","numericCode":"764","name":"Thai Baht","rate":0.026060138295426,"date":"Wed, 26 Oct 2022 11:55:01 GMT","inverseRate":38.372781781266},"xof":{"code":"XOF","alphaCode":"XOF","numericCode":"952","name":"West African CFA Franc","rate":0.4568851119005,"date":"Wed, 26 Oct 2022 11:55:01 GMT","inverseRate":2.188734047035},"irr":{"code":"IRR","alphaCode":"IRR","numericCode":"364","name":"Iranian rial","rate":28.803922459652,"date":"Wed, 26 Oct 2022 11:55:01 GMT","inverseRate":0.034717493820531},"bob":{"code":"BOB","alphaCode":"BOB","numericCode":"068","name":"Bolivian Boliviano","rate":0.0047215580420911,"date":"Wed, 26 Oct 2022 11:55:01 GMT","inverseRate":211.794494759},"lrd":{"code":"LRD","alphaCode":"LRD","numericCode":"430","name":"Liberian dollar","rate":0.10508109392512,"date":"Wed, 26 Oct 2022 11:55:01 GMT","inverseRate":9.5164597421549},"sdg":{"code":"SDG","alphaCode":"SDG","numericCode":"938","name":"Sudanese pound","rate":0.38779927519986,"date":"Wed, 26 Oct 2022 11:55:01 GMT","inverseRate":2.5786536075515},"pgk":{"code":"PGK","alphaCode":"PGK","numericCode":"598","name":"Papua New Guinean kina","rate":0.0024131520199117,"date":"Wed, 26 Oct 2022 11:55:01 GMT","inverseRate":414.39577438498},"bwp":{"code":"BWP","alphaCode":"BWP","numericCode":"072","name":"Botswana Pula","rate":0.0091195798199295,"date":"Wed, 26 Oct 2022 11:55:01 GMT","inverseRate":109.65417483541},"omr":{"code":"OMR","alphaCode":"OMR","numericCode":"512","name":"Omani Rial","rate":0.0002638260479732,"date":"Wed, 26 Oct 2022 11:55:01 GMT","inverseRate":3790.3763016667},"ils":{"code":"ILS","alphaCode":"ILS","numericCode":"376","name":"Israeli New Sheqel","rate":0.0024251526673341,"date":"Wed, 26 Oct 2022 11:55:01 GMT","inverseRate":412.34517458205},"ngn":{"code":"NGN","alphaCode":"NGN","numericCode":"566","name":"Nigerian Naira","rate":0.29948945731664,"date":"Wed, 26 Oct 2022 11:55:01 GMT","inverseRate":3.3390157001177},"uzs":{"code":"UZS","alphaCode":"UZS","numericCode":"860","name":"Uzbekistan Sum","rate":7.5880504043895,"date":"Wed, 26 Oct 2022 11:55:01 GMT","inverseRate":0.13178615674739},"etb":{"code":"ETB","alphaCode":"ETB","numericCode":"230","name":"Ethiopian birr","rate":0.036275210597758,"date":"Wed, 26 Oct 2022 11:55:01 GMT","inverseRate":27.567034995017},"ttd":{"code":"TTD","alphaCode":"TTD","numericCode":"780","name":"Trinidad Tobago Dollar","rate":0.0046462899895575,"date":"Wed, 26 Oct 2022 11:55:01 GMT","inverseRate":215.22548145886},"zmw":{"code":"ZMW","alphaCode":"ZMW","numericCode":"967","name":"Zambian kwacha","rate":0.011008833767079,"date":"Wed, 26 Oct 2022 11:55:01 GMT","inverseRate":90.836143151728},"khr":{"code":"KHR","alphaCode":"KHR","numericCode":"116","name":"Cambodian riel","rate":2.835086085012,"date":"Wed, 26 Oct 2022 11:55:01 GMT","inverseRate":0.35272297560438},"sek":{"code":"SEK","alphaCode":"SEK","numericCode":"752","name":"Swedish Krona","rate":0.0075588182941886,"date":"Wed, 26 Oct 2022 11:55:01 GMT","inverseRate":132.29581147212},"sgd":{"code":"SGD","alphaCode":"SGD","numericCode":"702","name":"Singapore Dollar","rate":0.00097118355827505,"date":"Wed, 26 Oct 2022 11:55:01 GMT","inverseRate":1029.6714678491},"huf":{"code":"HUF","alphaCode":"HUF","numericCode":"348","name":"Hungarian Forint","rate":0.28407211806936,"date":"Wed, 26 Oct 2022 11:55:01 GMT","inverseRate":3.5202328436748},"byn":{"code":"BYN","alphaCode":"BYN","numericCode":"933","name":"Belarussian Ruble","rate":0.0020459690468175,"date":"Wed, 26 Oct 2022 11:55:01 GMT","inverseRate":488.76594763517},"tjs":{"code":"TJS","alphaCode":"TJS","numericCode":"972","name":"Tajikistan Ruble","rate":0.0069523941863397,"date":"Wed, 26 Oct 2022 11:55:01 GMT","inverseRate":143.83534264568},"gmd":{"code":"GMD","alphaCode":"GMD","numericCode":"270","name":"Gambian dalasi","rate":0.04102662357278,"date":"Wed, 26 Oct 2022 11:55:01 GMT","inverseRate":24.374416242809},"cve":{"code":"CVE","alphaCode":"CVE","numericCode":"132","name":"Cape Verde escudo","rate":0.075580369180482,"date":"Wed, 26 Oct 2022 11:55:01 GMT","inverseRate":13.230948867318},"all":{"code":"ALL","alphaCode":"ALL","numericCode":"008","name":"Albanian lek","rate":0.080432442263676,"date":"Wed, 26 Oct 2022 11:55:01 GMT","inverseRate":12.432794179266},"scr":{"code":"SCR","alphaCode":"SCR","numericCode":"690","name":"Seychelles rupee","rate":0.0089149258666635,"date":"Wed, 26 Oct 2022 11:55:01 GMT","inverseRate":112.17143192849},"dop":{"code":"DOP","alphaCode":"DOP","numericCode":"214","name":"Dominican Peso","rate":0.036810740314428,"date":"Wed, 26 Oct 2022 11:55:01 GMT","inverseRate":27.165984477852},"cny":{"code":"CNY","alphaCode":"CNY","numericCode":"156","name":"Chinese Yuan","rate":0.0049860504949703,"date":"Wed, 26 Oct 2022 11:55:01 GMT","inverseRate":200.55954126593},"isk":{"code":"ISK","alphaCode":"ISK","numericCode":"352","name":"Icelandic Krona","rate":0.099167302581634,"date":"Wed, 26 Oct 2022 11:55:01 GMT","inverseRate":10.083968949108},"lyd":{"code":"LYD","alphaCode":"LYD","numericCode":"434","name":"Libyan Dinar","rate":0.0034288305466833,"date":"Wed, 26 Oct 2022 11:55:01 GMT","inverseRate":291.64462529865},"clp":{"code":"CLP","alphaCode":"CLP","numericCode":"152","name":"Chilean Peso","rate":0.66163045855707,"date":"Wed, 26 Oct 2022 11:55:01 GMT","inverseRate":1.5114177212773},"bsd":{"code":"BSD","alphaCode":"BSD","numericCode":"044","name":"Bahamian Dollar","rate":0.00068524420709302,"date":"Wed, 26 Oct 2022 11:55:01 GMT","inverseRate":1459.3337523308},"xpf":{"code":"XPF","alphaCode":"XPF","numericCode":"953","name":"CFP Franc","rate":0.081863538190563,"date":"Wed, 26 Oct 2022 11:55:01 GMT","inverseRate":12.215450518058}}