{"usd":{"code":"USD","alphaCode":"USD","numericCode":"840","name":"U.S. Dollar","rate":2.3789961525306e-5,"date":"Wed, 26 Oct 2022 11:55:01 GMT","inverseRate":42034.536244889},"eur":{"code":"EUR","alphaCode":"EUR","numericCode":"978","name":"Euro","rate":2.3773645769887e-5,"date":"Wed, 26 Oct 2022 11:55:01 GMT","inverseRate":42063.384374417},"gbp":{"code":"GBP","alphaCode":"GBP","numericCode":"826","name":"U.K. Pound Sterling","rate":2.0606319046309e-5,"date":"Wed, 26 Oct 2022 11:55:01 GMT","inverseRate":48528.803118726},"cad":{"code":"CAD","alphaCode":"CAD","numericCode":"124","name":"Canadian Dollar","rate":3.2404351667032e-5,"date":"Wed, 26 Oct 2022 11:55:01 GMT","inverseRate":30860.052695249},"jpy":{"code":"JPY","alphaCode":"JPY","numericCode":"392","name":"Japanese Yen","rate":0.0035070695263442,"date":"Wed, 26 Oct 2022 11:55:01 GMT","inverseRate":285.13834484554},"aud":{"code":"AUD","alphaCode":"AUD","numericCode":"036","name":"Australian Dollar","rate":3.7206265944063e-5,"date":"Wed, 26 Oct 2022 11:55:01 GMT","inverseRate":26877.193252971},"chf":{"code":"CHF","alphaCode":"CHF","numericCode":"756","name":"Swiss Franc","rate":2.3540106095089e-5,"date":"Wed, 26 Oct 2022 11:55:01 GMT","inverseRate":42480.692141341},"lsl":{"code":"LSL","alphaCode":"LSL","numericCode":"426","name":"Lesotho loti","rate":0.00042952039156476,"date":"Wed, 26 Oct 2022 11:55:01 GMT","inverseRate":2328.1781718371},"tzs":{"code":"TZS","alphaCode":"TZS","numericCode":"834","name":"Tanzanian shilling","rate":0.055437607401472,"date":"Wed, 26 Oct 2022 11:55:01 GMT","inverseRate":18.038296507967},"ang":{"code":"ANG","alphaCode":"ANG","numericCode":"532","name":"Neth. Antillean Guilder","rate":4.2610600696652e-5,"date":"Wed, 26 Oct 2022 11:55:01 GMT","inverseRate":23468.338480349},"lbp":{"code":"LBP","alphaCode":"LBP","numericCode":"422","name":"Lebanese Pound","rate":0.035936294258562,"date":"Wed, 26 Oct 2022 11:55:01 GMT","inverseRate":27.827020582729},"mxn":{"code":"MXN","alphaCode":"MXN","numericCode":"484","name":"Mexican Peso","rate":0.00047285775498936,"date":"Wed, 26 Oct 2022 11:55:01 GMT","inverseRate":2114.8008876845},"kzt":{"code":"KZT","alphaCode":"KZT","numericCode":"398","name":"Kazakhstani Tenge","rate":0.011248064202674,"date":"Wed, 26 Oct 2022 11:55:01 GMT","inverseRate":88.904186709947},"htg":{"code":"HTG","alphaCode":"HTG","numericCode":"332","name":"Haitian gourde","rate":0.002972343144947,"date":"Wed, 26 Oct 2022 11:55:01 GMT","inverseRate":336.43491051833},"bnd":{"code":"BND","alphaCode":"BND","numericCode":"096","name":"Brunei Dollar","rate":3.3494067554864e-5,"date":"Wed, 26 Oct 2022 11:55:01 GMT","inverseRate":29856.033411349},"kmf":{"code":"KMF","alphaCode":"KMF","numericCode":"174","name":"\tComoro franc","rate":0.011842169539163,"date":"Wed, 26 Oct 2022 11:55:01 GMT","inverseRate":84.44398610347},"mru":{"code":"MRU","alphaCode":"MRU","numericCode":"929","name":"Mauritanian ouguiya","rate":0.00090257557142061,"date":"Wed, 26 Oct 2022 11:55:01 GMT","inverseRate":1107.9404668864},"mnt":{"code":"MNT","alphaCode":"MNT","numericCode":"496","name":"Mongolian togrog","rate":0.080780513642143,"date":"Wed, 26 Oct 2022 11:55:01 GMT","inverseRate":12.379223093703},"jod":{"code":"JOD","alphaCode":"JOD","numericCode":"400","name":"Jordanian Dinar","rate":1.6866440703762e-5,"date":"Wed, 26 Oct 2022 11:55:01 GMT","inverseRate":59289.331849189},"php":{"code":"PHP","alphaCode":"PHP","numericCode":"608","name":"Philippine Peso","rate":0.0013984880059363,"date":"Wed, 26 Oct 2022 11:55:01 GMT","inverseRate":715.05797386548},"xaf":{"code":"XAF","alphaCode":"XAF","numericCode":"950","name":"Central African CFA Franc","rate":0.01587183639666,"date":"Wed, 26 Oct 2022 11:55:01 GMT","inverseRate":63.004681689537},"amd":{"code":"AMD","alphaCode":"AMD","numericCode":"051","name":"Armenia Dram","rate":0.0096197096158485,"date":"Wed, 26 Oct 2022 11:55:01 GMT","inverseRate":103.95324182681},"uyu":{"code":"UYU","alphaCode":"UYU","numericCode":"858","name":"Uruguayan Peso","rate":0.00097932650277426,"date":"Wed, 26 Oct 2022 11:55:01 GMT","inverseRate":1021.1099129526},"jmd":{"code":"JMD","alphaCode":"JMD","numericCode":"388","name":"Jamaican Dollar","rate":0.0036481522289999,"date":"Wed, 26 Oct 2022 11:55:01 GMT","inverseRate":274.11136850343},"ssp":{"code":"SSP","alphaCode":"SSP","numericCode":"728","name":"South Sudanese pound","rate":0.01450278521403,"date":"Wed, 26 Oct 2022 11:55:01 GMT","inverseRate":68.952272631923},"ghs":{"code":"GHS","alphaCode":"GHS","numericCode":"936","name":"Ghanaian Cedi","rate":0.00033350846092305,"date":"Wed, 26 Oct 2022 11:55:01 GMT","inverseRate":2998.4246793389},"cup":{"code":"CUP","alphaCode":"CUP","numericCode":"192","name":"Cuban peso","rate":2.3789961525306e-5,"date":"Wed, 26 Oct 2022 11:55:01 GMT","inverseRate":42034.536244889},"nzd":{"code":"NZD","alphaCode":"NZD","numericCode":"554","name":"New Zealand Dollar","rate":4.1406238364781e-5,"date":"Wed, 26 Oct 2022 11:55:01 GMT","inverseRate":24150.95018268},"try":{"code":"TRY","alphaCode":"TRY","numericCode":"949","name":"Turkish Lira","rate":0.00044249259929305,"date":"Wed, 26 Oct 2022 11:55:01 GMT","inverseRate":2259.924802353},"vnd":{"code":"VND","alphaCode":"VND","numericCode":"704","name":"Vietnamese Dong","rate":0.59059854919114,"date":"Wed, 26 Oct 2022 11:55:01 GMT","inverseRate":1.6931975220216},"kgs":{"code":"KGS","alphaCode":"KGS","numericCode":"417","name":"Kyrgyzstan Som","rate":0.0019371154387487,"date":"Wed, 26 Oct 2022 11:55:01 GMT","inverseRate":516.23149555092},"mga":{"code":"MGA","alphaCode":"MGA","numericCode":"969","name":"Malagasy ariary","rate":0.10161070898383,"date":"Wed, 26 Oct 2022 11:55:01 GMT","inverseRate":9.8414823594938},"srd":{"code":"SRD","alphaCode":"SRD","numericCode":"968","name":"Surinamese dollar","rate":0.00069724241121455,"date":"Wed, 26 Oct 2022 11:55:01 GMT","inverseRate":1434.2214184276},"mwk":{"code":"MWK","alphaCode":"MWK","numericCode":"454","name":"Malawian kwacha","rate":0.024420798768948,"date":"Wed, 26 Oct 2022 11:55:01 GMT","inverseRate":40.948701533527},"yer":{"code":"YER","alphaCode":"YER","numericCode":"886","name":"Yemeni rial","rate":0.0059481785672435,"date":"Wed, 26 Oct 2022 11:55:01 GMT","inverseRate":168.11869191469},"nok":{"code":"NOK","alphaCode":"NOK","numericCode":"578","name":"Norwegian Krone","rate":0.00024823889280831,"date":"Wed, 26 Oct 2022 11:55:01 GMT","inverseRate":4028.377619184},"qar":{"code":"QAR","alphaCode":"QAR","numericCode":"634","name":"Qatari Rial","rate":8.7470892728259e-5,"date":"Wed, 26 Oct 2022 11:55:01 GMT","inverseRate":11432.374459772},"czk":{"code":"CZK","alphaCode":"CZK","numericCode":"203","name":"Czech Koruna","rate":0.00058678793278518,"date":"Wed, 26 Oct 2022 11:55:01 GMT","inverseRate":1704.1931916587},"rub":{"code":"RUB","alphaCode":"RUB","numericCode":"643","name":"Russian Rouble","rate":0.0015274094170775,"date":"Wed, 26 Oct 2022 11:55:01 GMT","inverseRate":654.70330928912},"rsd":{"code":"RSD","alphaCode":"RSD","numericCode":"941","name":"Serbian Dinar","rate":0.0027899667087894,"date":"Wed, 26 Oct 2022 11:55:01 GMT","inverseRate":358.4272159412},"nio":{"code":"NIO","alphaCode":"NIO","numericCode":"558","name":"Nicaraguan C\u00f3rdoba","rate":0.00085611445192279,"date":"Wed, 26 Oct 2022 11:55:01 GMT","inverseRate":1168.068121913},"sbd":{"code":"SBD","alphaCode":"SBD","numericCode":"090","name":"Solomon Islands dollar","rate":0.00019431738676804,"date":"Wed, 26 Oct 2022 11:55:01 GMT","inverseRate":5146.2198860966},"mmk":{"code":"MMK","alphaCode":"MMK","numericCode":"104","name":"Myanma Kyat","rate":0.04993056030861,"date":"Wed, 26 Oct 2022 11:55:01 GMT","inverseRate":20.027814505169},"mur":{"code":"MUR","alphaCode":"MUR","numericCode":"480","name":"Mauritian Rupee","rate":0.0010471548064722,"date":"Wed, 26 Oct 2022 11:55:01 GMT","inverseRate":954.96863865707},"ves":{"code":"VES","alphaCode":"VES","numericCode":"928","name":"Venezuelan Bolivar","rate":0.00019828177902284,"date":"Wed, 26 Oct 2022 11:55:01 GMT","inverseRate":5043.3277577402},"bdt":{"code":"BDT","alphaCode":"BDT","numericCode":"050","name":"Bangladeshi taka","rate":0.0024159477330546,"date":"Wed, 26 Oct 2022 11:55:01 GMT","inverseRate":413.91623929532},"ron":{"code":"RON","alphaCode":"RON","numericCode":"946","name":"Romanian New Leu","rate":0.0001171555620724,"date":"Wed, 26 Oct 2022 11:55:01 GMT","inverseRate":8535.6596162464},"dzd":{"code":"DZD","alphaCode":"DZD","numericCode":"012","name":"Algerian Dinar","rate":0.003339014831554,"date":"Wed, 26 Oct 2022 11:55:01 GMT","inverseRate":299.48953522156},"ars":{"code":"ARS","alphaCode":"ARS","numericCode":"032","name":"Argentine Peso","rate":0.0036863758276194,"date":"Wed, 26 Oct 2022 11:55:01 GMT","inverseRate":271.26913987112},"stn":{"code":"STN","alphaCode":"STN","numericCode":"930","name":"S\u00e3o Tom\u00e9 and Pr\u00edncipe Dobra","rate":0.00058658049325207,"date":"Wed, 26 Oct 2022 11:55:01 GMT","inverseRate":1704.7958660471},"bif":{"code":"BIF","alphaCode":"BIF","numericCode":"108","name":"Burundian franc","rate":0.049149378139506,"date":"Wed, 26 Oct 2022 11:55:01 GMT","inverseRate":20.346137384721},"szl":{"code":"SZL","alphaCode":"SZL","numericCode":"748","name":"Swazi lilangeni","rate":0.00042952039156476,"date":"Wed, 26 Oct 2022 11:55:01 GMT","inverseRate":2328.1781718371},"sos":{"code":"SOS","alphaCode":"SOS","numericCode":"706","name":"Somali shilling","rate":0.013516519552887,"date":"Wed, 26 Oct 2022 11:55:01 GMT","inverseRate":73.983542589292},"aed":{"code":"AED","alphaCode":"AED","numericCode":"784","name":"U.A.E Dirham","rate":8.737948300586e-5,"date":"Wed, 26 Oct 2022 11:55:01 GMT","inverseRate":11444.334134283},"idr":{"code":"IDR","alphaCode":"IDR","numericCode":"360","name":"Indonesian Rupiah","rate":0.37154901361596,"date":"Wed, 26 Oct 2022 11:55:01 GMT","inverseRate":2.6914349476207},"krw":{"code":"KRW","alphaCode":"KRW","numericCode":"410","name":"South Korean Won","rate":0.033968113513904,"date":"Wed, 26 Oct 2022 11:55:01 GMT","inverseRate":29.439374064464},"uah":{"code":"UAH","alphaCode":"UAH","numericCode":"980","name":"Ukrainian Hryvnia","rate":0.0008795828781264,"date":"Wed, 26 Oct 2022 11:55:01 GMT","inverseRate":1136.9025305837},"crc":{"code":"CRC","alphaCode":"CRC","numericCode":"188","name":"Costa Rican Col\u00f3n","rate":0.014849369948055,"date":"Wed, 26 Oct 2022 11:55:01 GMT","inverseRate":67.34292454819},"bzd":{"code":"BZD","alphaCode":"BZD","numericCode":"084","name":"Belize dollar","rate":4.7924705101704e-5,"date":"Wed, 26 Oct 2022 11:55:01 GMT","inverseRate":20866.064754657},"gnf":{"code":"GNF","alphaCode":"GNF","numericCode":"324","name":"Guinean franc","rate":0.20487811430979,"date":"Wed, 26 Oct 2022 11:55:01 GMT","inverseRate":4.8809508198027},"ern":{"code":"ERN","alphaCode":"ERN","numericCode":"232","name":"Eritrean nakfa","rate":0.00035845552804756,"date":"Wed, 26 Oct 2022 11:55:01 GMT","inverseRate":2789.7463471879},"wst":{"code":"WST","alphaCode":"WST","numericCode":"882","name":"Samoan tala","rate":6.6470388561773e-5,"date":"Wed, 26 Oct 2022 11:55:01 GMT","inverseRate":15044.292979733},"brl":{"code":"BRL","alphaCode":"BRL","numericCode":"986","name":"Brazilian Real","rate":0.00012635505101198,"date":"Wed, 26 Oct 2022 11:55:01 GMT","inverseRate":7914.2067688708},"inr":{"code":"INR","alphaCode":"INR","numericCode":"356","name":"Indian Rupee","rate":0.0019634226244086,"date":"Wed, 26 Oct 2022 11:55:01 GMT","inverseRate":509.31469749219},"npr":{"code":"NPR","alphaCode":"NPR","numericCode":"524","name":"Nepalese Rupee","rate":0.0031490272956444,"date":"Wed, 26 Oct 2022 11:55:01 GMT","inverseRate":317.55837791027},"zar":{"code":"ZAR","alphaCode":"ZAR","numericCode":"710","name":"South African Rand","rate":0.00043519018855323,"date":"Wed, 26 Oct 2022 11:55:01 GMT","inverseRate":2297.8459218588},"azn":{"code":"AZN","alphaCode":"AZN","numericCode":"944","name":"Azerbaijan Manat","rate":4.0373588889637e-5,"date":"Wed, 26 Oct 2022 11:55:01 GMT","inverseRate":24768.667525038},"pyg":{"code":"PYG","alphaCode":"PYG","numericCode":"600","name":"Paraguayan Guaran\u00ed","rate":0.17196180047892,"date":"Wed, 26 Oct 2022 11:55:01 GMT","inverseRate":5.8152449975224},"gyd":{"code":"GYD","alphaCode":"GYD","numericCode":"328","name":"Guyanese dollar","rate":0.0049741695592453,"date":"Wed, 26 Oct 2022 11:55:01 GMT","inverseRate":201.03858304173},"rwf":{"code":"RWF","alphaCode":"RWF","numericCode":"646","name":"Rwandan franc","rate":0.025362798631757,"date":"Wed, 26 Oct 2022 11:55:01 GMT","inverseRate":39.427825553443},"mop":{"code":"MOP","alphaCode":"MOP","numericCode":"446","name":"Macanese pataca","rate":0.00019233455629081,"date":"Wed, 26 Oct 2022 11:55:01 GMT","inverseRate":5199.2736993553},"bam":{"code":"BAM","alphaCode":"BAM","numericCode":"977","name":"Bosnia and Herzegovina convertible mark","rate":4.6479006698587e-5,"date":"Wed, 26 Oct 2022 11:55:01 GMT","inverseRate":21515.089736855},"dkk":{"code":"DKK","alphaCode":"DKK","numericCode":"208","name":"Danish Krone","rate":0.00017827787568784,"date":"Wed, 26 Oct 2022 11:55:01 GMT","inverseRate":5609.2209767575},"lkr":{"code":"LKR","alphaCode":"LKR","numericCode":"144","name":"Sri Lanka Rupee","rate":0.0087007429366199,"date":"Wed, 26 Oct 2022 11:55:01 GMT","inverseRate":114.93271405493},"tnd":{"code":"TND","alphaCode":"TND","numericCode":"788","name":"Tunisian Dinar","rate":7.705609044888e-5,"date":"Wed, 26 Oct 2022 11:55:01 GMT","inverseRate":12977.559517679},"twd":{"code":"TWD","alphaCode":"TWD","numericCode":"901","name":"New Taiwan Dollar ","rate":0.00076749499344984,"date":"Wed, 26 Oct 2022 11:55:01 GMT","inverseRate":1302.9400954201},"iqd":{"code":"IQD","alphaCode":"IQD","numericCode":"368","name":"Iraqi dinar","rate":0.034717493820531,"date":"Wed, 26 Oct 2022 11:55:01 GMT","inverseRate":28.803922459652},"afn":{"code":"AFN","alphaCode":"AFN","numericCode":"971","name":"Afghan afghani","rate":0.0020887010637917,"date":"Wed, 26 Oct 2022 11:55:01 GMT","inverseRate":478.76645314896},"nad":{"code":"NAD","alphaCode":"NAD","numericCode":"516","name":"Namibian dollar","rate":0.00042952039156476,"date":"Wed, 26 Oct 2022 11:55:01 GMT","inverseRate":2328.1781718371},"syp":{"code":"SYP","alphaCode":"SYP","numericCode":"760","name":"Syrian pound","rate":0.059522483736316,"date":"Wed, 26 Oct 2022 11:55:01 GMT","inverseRate":16.800374198597},"lak":{"code":"LAK","alphaCode":"LAK","numericCode":"418","name":"Lao kip","rate":0.41124625126908,"date":"Wed, 26 Oct 2022 11:55:01 GMT","inverseRate":2.4316331076917},"gtq":{"code":"GTQ","alphaCode":"GTQ","numericCode":"320","name":"Guatemalan Quetzal","rate":0.00018640632783748,"date":"Wed, 26 Oct 2022 11:55:01 GMT","inverseRate":5364.6247506782},"pkr":{"code":"PKR","alphaCode":"PKR","numericCode":"586","name":"Pakistani Rupee","rate":0.0052411591172953,"date":"Wed, 26 Oct 2022 11:55:01 GMT","inverseRate":190.79748918519},"bgn":{"code":"BGN","alphaCode":"BGN","numericCode":"975","name":"Bulgarian Lev","rate":4.682944742423e-5,"date":"Wed, 26 Oct 2022 11:55:01 GMT","inverseRate":21354.084982916},"pen":{"code":"PEN","alphaCode":"PEN","numericCode":"604","name":"Peruvian Nuevo Sol","rate":9.5097980409451e-5,"date":"Wed, 26 Oct 2022 11:55:01 GMT","inverseRate":10515.470420028},"tmt":{"code":"TMT","alphaCode":"TMT","numericCode":"934","name":"New Turkmenistan Manat","rate":8.3161666317335e-5,"date":"Wed, 26 Oct 2022 11:55:01 GMT","inverseRate":12024.77107883},"svc":{"code":"SVC","alphaCode":"SVC","numericCode":"222","name":"Salvadoran colon","rate":0.00020815887925456,"date":"Wed, 26 Oct 2022 11:55:01 GMT","inverseRate":4804.0227905777},"xcd":{"code":"XCD","alphaCode":"XCD","numericCode":"951","name":"East Caribbean Dollar","rate":6.4458660073526e-5,"date":"Wed, 26 Oct 2022 11:55:01 GMT","inverseRate":15513.819227073},"aoa":{"code":"AOA","alphaCode":"AOA","numericCode":"973","name":"Angolan kwanza","rate":0.010569412999907,"date":"Wed, 26 Oct 2022 11:55:01 GMT","inverseRate":94.612633644728},"mvr":{"code":"MVR","alphaCode":"MVR","numericCode":"462","name":"Maldivian rufiyaa","rate":0.00036754214851804,"date":"Wed, 26 Oct 2022 11:55:01 GMT","inverseRate":2720.7763899517},"sar":{"code":"SAR","alphaCode":"SAR","numericCode":"682","name":"Saudi Riyal","rate":8.943268061288e-5,"date":"Wed, 26 Oct 2022 11:55:01 GMT","inverseRate":11181.594839236},"pln":{"code":"PLN","alphaCode":"PLN","numericCode":"985","name":"Polish Zloty","rate":0.00011425869618026,"date":"Wed, 26 Oct 2022 11:55:01 GMT","inverseRate":8752.0690628424},"gip":{"code":"GIP","alphaCode":"GIP","numericCode":"292","name":"Gibraltar pound","rate":2.0789395071382e-5,"date":"Wed, 26 Oct 2022 11:55:01 GMT","inverseRate":48101.447712471},"gel":{"code":"GEL","alphaCode":"GEL","numericCode":"981","name":"Georgian lari","rate":6.651724514098e-5,"date":"Wed, 26 Oct 2022 11:55:01 GMT","inverseRate":15033.695365473},"mkd":{"code":"MKD","alphaCode":"MKD","numericCode":"807","name":"Macedonian denar","rate":0.001460731046718,"date":"Wed, 26 Oct 2022 11:55:01 GMT","inverseRate":684.58872168619},"awg":{"code":"AWG","alphaCode":"AWG","numericCode":"533","name":"Aruban florin","rate":4.3035396742267e-5,"date":"Wed, 26 Oct 2022 11:55:01 GMT","inverseRate":23236.685977101},"hnl":{"code":"HNL","alphaCode":"HNL","numericCode":"340","name":"Honduran Lempira","rate":0.00058779999531705,"date":"Wed, 26 Oct 2022 11:55:01 GMT","inverseRate":1701.2589451632},"kes":{"code":"KES","alphaCode":"KES","numericCode":"404","name":"Kenyan shilling","rate":0.0028839883485235,"date":"Wed, 26 Oct 2022 11:55:01 GMT","inverseRate":346.74203885461},"bhd":{"code":"BHD","alphaCode":"BHD","numericCode":"048","name":"Bahrain Dinar","rate":8.950673404938e-6,"date":"Wed, 26 Oct 2022 11:55:01 GMT","inverseRate":111723.43741738},"egp":{"code":"EGP","alphaCode":"EGP","numericCode":"818","name":"Egyptian Pound","rate":0.00046865403519118,"date":"Wed, 26 Oct 2022 11:55:01 GMT","inverseRate":2133.7701692722},"hrk":{"code":"HRK","alphaCode":"HRK","numericCode":"191","name":"Croatian Kuna","rate":0.00018032540072252,"date":"Wed, 26 Oct 2022 11:55:01 GMT","inverseRate":5545.5304465885},"mro":{"code":"MRO","alphaCode":"MRO","numericCode":"478","name":"Mauritanian Ouguiya","rate":0.00090224821404993,"date":"Wed, 26 Oct 2022 11:55:01 GMT","inverseRate":1108.3424543578},"cop":{"code":"COP","alphaCode":"COP","numericCode":"170","name":"Colombian Peso","rate":0.11827903342483,"date":"Wed, 26 Oct 2022 11:55:01 GMT","inverseRate":8.4545838010719},"bbd":{"code":"BBD","alphaCode":"BBD","numericCode":"052","name":"Barbadian Dollar","rate":4.8006078232024e-5,"date":"Wed, 26 Oct 2022 11:55:01 GMT","inverseRate":20830.695545818},"djf":{"code":"DJF","alphaCode":"DJF","numericCode":"262","name":"Djiboutian franc","rate":0.0042326703506494,"date":"Wed, 26 Oct 2022 11:55:01 GMT","inverseRate":236.25747274332},"mzn":{"code":"MZN","alphaCode":"MZN","numericCode":"943","name":"Mozambican metical","rate":0.0015241606347574,"date":"Wed, 26 Oct 2022 11:55:01 GMT","inverseRate":656.09882396625},"ugx":{"code":"UGX","alphaCode":"UGX","numericCode":"800","name":"Ugandan shilling","rate":0.090691835684844,"date":"Wed, 26 Oct 2022 11:55:01 GMT","inverseRate":11.026350855605},"hkd":{"code":"HKD","alphaCode":"HKD","numericCode":"344","name":"Hong Kong Dollar","rate":0.0001867495538587,"date":"Wed, 26 Oct 2022 11:55:01 GMT","inverseRate":5354.7651351105},"mad":{"code":"MAD","alphaCode":"MAD","numericCode":"504","name":"Moroccan Dirham","rate":0.00025958321837267,"date":"Wed, 26 Oct 2022 11:55:01 GMT","inverseRate":3852.3291538991},"myr":{"code":"MYR","alphaCode":"MYR","numericCode":"458","name":"Malaysian Ringgit","rate":0.00011245929047996,"date":"Wed, 26 Oct 2022 11:55:01 GMT","inverseRate":8892.1066079306},"mdl":{"code":"MDL","alphaCode":"MDL","numericCode":"498","name":"Moldova Lei","rate":0.00045449054760838,"date":"Wed, 26 Oct 2022 11:55:01 GMT","inverseRate":2200.2657816806},"pab":{"code":"PAB","alphaCode":"PAB","numericCode":"590","name":"Panamanian Balboa","rate":2.3789961525306e-5,"date":"Wed, 26 Oct 2022 11:55:01 GMT","inverseRate":42034.536244889},"fjd":{"code":"FJD","alphaCode":"FJD","numericCode":"242","name":"Fiji Dollar","rate":5.4316660630614e-5,"date":"Wed, 26 Oct 2022 11:55:01 GMT","inverseRate":18410.557430999},"cdf":{"code":"CDF","alphaCode":"CDF","numericCode":"976","name":"Congolese franc","rate":0.048852146479051,"date":"Wed, 26 Oct 2022 11:55:01 GMT","inverseRate":20.469929615658},"top":{"code":"TOP","alphaCode":"TOP","numericCode":"776","name":"Tongan pa\u02bbanga","rate":5.6636978715445e-5,"date":"Wed, 26 Oct 2022 11:55:01 GMT","inverseRate":17656.309052504},"vuv":{"code":"VUV","alphaCode":"VUV","numericCode":"548","name":"Vanuatu vatu","rate":0.0028875965555725,"date":"Wed, 26 Oct 2022 11:55:01 GMT","inverseRate":346.30876604635},"kwd":{"code":"KWD","alphaCode":"KWD","numericCode":"414","name":"Kuwaiti Dinar","rate":7.3731145541529e-6,"date":"Wed, 26 Oct 2022 11:55:01 GMT","inverseRate":135627.89410843},"thb":{"code":"THB","alphaCode":"THB","numericCode":"764","name":"Thai Baht","rate":0.00090474269023363,"date":"Wed, 26 Oct 2022 11:55:01 GMT","inverseRate":1105.2866309887},"xof":{"code":"XOF","alphaCode":"XOF","numericCode":"952","name":"West African CFA Franc","rate":0.015861906049098,"date":"Wed, 26 Oct 2022 11:55:01 GMT","inverseRate":63.044125775595},"bob":{"code":"BOB","alphaCode":"BOB","numericCode":"068","name":"Bolivian Boliviano","rate":0.00016392066214957,"date":"Wed, 26 Oct 2022 11:55:01 GMT","inverseRate":6100.5122044195},"lrd":{"code":"LRD","alphaCode":"LRD","numericCode":"430","name":"Liberian dollar","rate":0.0036481522289999,"date":"Wed, 26 Oct 2022 11:55:01 GMT","inverseRate":274.11136850343},"sdg":{"code":"SDG","alphaCode":"SDG","numericCode":"938","name":"Sudanese pound","rate":0.013463418940357,"date":"Wed, 26 Oct 2022 11:55:01 GMT","inverseRate":74.275338562216},"pgk":{"code":"PGK","alphaCode":"PGK","numericCode":"598","name":"Papua New Guinean kina","rate":8.3778590339285e-5,"date":"Wed, 26 Oct 2022 11:55:01 GMT","inverseRate":11936.223752992},"bwp":{"code":"BWP","alphaCode":"BWP","numericCode":"072","name":"Botswana Pula","rate":0.00031660895604424,"date":"Wed, 26 Oct 2022 11:55:01 GMT","inverseRate":3158.4703493362},"omr":{"code":"OMR","alphaCode":"OMR","numericCode":"512","name":"Omani Rial","rate":9.1593791902047e-6,"date":"Wed, 26 Oct 2022 11:55:01 GMT","inverseRate":109177.70508611},"ils":{"code":"ILS","alphaCode":"ILS","numericCode":"376","name":"Israeli New Sheqel","rate":8.4195222742014e-5,"date":"Wed, 26 Oct 2022 11:55:01 GMT","inverseRate":11877.158435273},"ngn":{"code":"NGN","alphaCode":"NGN","numericCode":"566","name":"Nigerian Naira","rate":0.010397523383705,"date":"Wed, 26 Oct 2022 11:55:01 GMT","inverseRate":96.17674931775},"uzs":{"code":"UZS","alphaCode":"UZS","numericCode":"860","name":"Uzbekistan Sum","rate":0.26343809302427,"date":"Wed, 26 Oct 2022 11:55:01 GMT","inverseRate":3.7959582402074},"etb":{"code":"ETB","alphaCode":"ETB","numericCode":"230","name":"Ethiopian birr","rate":0.0012593843997661,"date":"Wed, 26 Oct 2022 11:55:01 GMT","inverseRate":794.03873843897},"ttd":{"code":"TTD","alphaCode":"TTD","numericCode":"780","name":"Trinidad Tobago Dollar","rate":0.00016130754400086,"date":"Wed, 26 Oct 2022 11:55:01 GMT","inverseRate":6199.3380792822},"zmw":{"code":"ZMW","alphaCode":"ZMW","numericCode":"967","name":"Zambian kwacha","rate":0.00038219911827983,"date":"Wed, 26 Oct 2022 11:55:01 GMT","inverseRate":2616.4372238762},"khr":{"code":"KHR","alphaCode":"KHR","numericCode":"116","name":"Cambodian riel","rate":0.098427083637076,"date":"Wed, 26 Oct 2022 11:55:01 GMT","inverseRate":10.159805239046},"sek":{"code":"SEK","alphaCode":"SEK","numericCode":"752","name":"Swedish Krona","rate":0.00026242322741901,"date":"Wed, 26 Oct 2022 11:55:01 GMT","inverseRate":3810.6382953797},"sgd":{"code":"SGD","alphaCode":"SGD","numericCode":"702","name":"Singapore Dollar","rate":3.3717059183015e-5,"date":"Wed, 26 Oct 2022 11:55:01 GMT","inverseRate":29658.577118842},"huf":{"code":"HUF","alphaCode":"HUF","numericCode":"348","name":"Hungarian Forint","rate":0.0098622720036579,"date":"Wed, 26 Oct 2022 11:55:01 GMT","inverseRate":101.39651386913},"byn":{"code":"BYN","alphaCode":"BYN","numericCode":"933","name":"Belarussian Ruble","rate":7.1030917739884e-5,"date":"Wed, 26 Oct 2022 11:55:01 GMT","inverseRate":14078.376456602},"tjs":{"code":"TJS","alphaCode":"TJS","numericCode":"972","name":"Tajikistan Ruble","rate":0.00024136970220214,"date":"Wed, 26 Oct 2022 11:55:01 GMT","inverseRate":4143.0220565236},"gmd":{"code":"GMD","alphaCode":"GMD","numericCode":"270","name":"Gambian dalasi","rate":0.0014243415503652,"date":"Wed, 26 Oct 2022 11:55:01 GMT","inverseRate":702.07879545715},"cve":{"code":"CVE","alphaCode":"CVE","numericCode":"132","name":"Cape Verde escudo","rate":0.0026239609999768,"date":"Wed, 26 Oct 2022 11:55:01 GMT","inverseRate":381.10322524185},"all":{"code":"ALL","alphaCode":"ALL","numericCode":"008","name":"Albanian lek","rate":0.0027924128172593,"date":"Wed, 26 Oct 2022 11:55:01 GMT","inverseRate":358.1132394964},"scr":{"code":"SCR","alphaCode":"SCR","numericCode":"690","name":"Seychelles rupee","rate":0.00030950388368638,"date":"Wed, 26 Oct 2022 11:55:01 GMT","inverseRate":3230.9772274564},"dop":{"code":"DOP","alphaCode":"DOP","numericCode":"214","name":"Dominican Peso","rate":0.0012779766493953,"date":"Wed, 26 Oct 2022 11:55:01 GMT","inverseRate":782.48691044016},"cny":{"code":"CNY","alphaCode":"CNY","numericCode":"156","name":"Chinese Yuan","rate":0.00017310317724799,"date":"Wed, 26 Oct 2022 11:55:01 GMT","inverseRate":5776.9014751671},"isk":{"code":"ISK","alphaCode":"ISK","numericCode":"352","name":"Icelandic Krona","rate":0.0034428402145766,"date":"Wed, 26 Oct 2022 11:55:01 GMT","inverseRate":290.45785969564},"lyd":{"code":"LYD","alphaCode":"LYD","numericCode":"434","name":"Libyan Dinar","rate":0.00011904040331612,"date":"Wed, 26 Oct 2022 11:55:01 GMT","inverseRate":8400.5091728764},"clp":{"code":"CLP","alphaCode":"CLP","numericCode":"152","name":"Chilean Peso","rate":0.02297015135643,"date":"Wed, 26 Oct 2022 11:55:01 GMT","inverseRate":43.534758847816},"bsd":{"code":"BSD","alphaCode":"BSD","numericCode":"044","name":"Bahamian Dollar","rate":2.3789961525306e-5,"date":"Wed, 26 Oct 2022 11:55:01 GMT","inverseRate":42034.536244889},"xpf":{"code":"XPF","alphaCode":"XPF","numericCode":"953","name":"CFP Franc","rate":0.0028420968812576,"date":"Wed, 26 Oct 2022 11:55:01 GMT","inverseRate":351.85288953186}}