{"usd":{"code":"USD","alphaCode":"USD","numericCode":"840","name":"U.S. Dollar","rate":0.0069099813068822,"date":"Wed, 26 Oct 2022 11:55:01 GMT","inverseRate":144.71819178498},"eur":{"code":"EUR","alphaCode":"EUR","numericCode":"978","name":"Euro","rate":0.0069052422674839,"date":"Wed, 26 Oct 2022 11:55:01 GMT","inverseRate":144.81751128543},"gbp":{"code":"GBP","alphaCode":"GBP","numericCode":"826","name":"U.K. Pound Sterling","rate":0.0059852673263965,"date":"Wed, 26 Oct 2022 11:55:01 GMT","inverseRate":167.07691494242},"cad":{"code":"CAD","alphaCode":"CAD","numericCode":"124","name":"Canadian Dollar","rate":0.0094120986300312,"date":"Wed, 26 Oct 2022 11:55:01 GMT","inverseRate":106.24623044316},"jpy":{"code":"JPY","alphaCode":"JPY","numericCode":"392","name":"Japanese Yen","rate":1.0186559084257,"date":"Wed, 26 Oct 2022 11:55:01 GMT","inverseRate":0.98168576035201},"aud":{"code":"AUD","alphaCode":"AUD","numericCode":"036","name":"Australian Dollar","rate":0.010806852373379,"date":"Wed, 26 Oct 2022 11:55:01 GMT","inverseRate":92.533881786273},"chf":{"code":"CHF","alphaCode":"CHF","numericCode":"756","name":"Swiss Franc","rate":0.006837408833388,"date":"Wed, 26 Oct 2022 11:55:01 GMT","inverseRate":146.25423524726},"lsl":{"code":"LSL","alphaCode":"LSL","numericCode":"426","name":"Lesotho loti","rate":0.12475757362954,"date":"Wed, 26 Oct 2022 11:55:01 GMT","inverseRate":8.0155454367},"tzs":{"code":"TZS","alphaCode":"TZS","numericCode":"834","name":"Tanzanian shilling","rate":16.102288792479,"date":"Wed, 26 Oct 2022 11:55:01 GMT","inverseRate":0.062102972620084},"ang":{"code":"ANG","alphaCode":"ANG","numericCode":"532","name":"Neth. Antillean Guilder","rate":0.012376583878695,"date":"Wed, 26 Oct 2022 11:55:01 GMT","inverseRate":80.797739489439},"lbp":{"code":"LBP","alphaCode":"LBP","numericCode":"422","name":"Lebanese Pound","rate":10.437979115735,"date":"Wed, 26 Oct 2022 11:55:01 GMT","inverseRate":0.095803985514069},"mxn":{"code":"MXN","alphaCode":"MXN","numericCode":"484","name":"Mexican Peso","rate":0.1373452514547,"date":"Wed, 26 Oct 2022 11:55:01 GMT","inverseRate":7.2809215419425},"kzt":{"code":"KZT","alphaCode":"KZT","numericCode":"398","name":"Kazakhstani Tenge","rate":3.2670886540279,"date":"Wed, 26 Oct 2022 11:55:01 GMT","inverseRate":0.30608290924923},"htg":{"code":"HTG","alphaCode":"HTG","numericCode":"332","name":"Haitian gourde","rate":0.86334042816231,"date":"Wed, 26 Oct 2022 11:55:01 GMT","inverseRate":1.15829163952},"bnd":{"code":"BND","alphaCode":"BND","numericCode":"096","name":"Brunei Dollar","rate":0.0097286151744872,"date":"Wed, 26 Oct 2022 11:55:01 GMT","inverseRate":102.78955247633},"kmf":{"code":"KMF","alphaCode":"KMF","numericCode":"174","name":"\tComoro franc","rate":3.4396512184982,"date":"Wed, 26 Oct 2022 11:55:01 GMT","inverseRate":0.29072715123617},"mru":{"code":"MRU","alphaCode":"MRU","numericCode":"929","name":"Mauritanian ouguiya","rate":0.2621601686884,"date":"Wed, 26 Oct 2022 11:55:01 GMT","inverseRate":3.8144619947532},"mnt":{"code":"MNT","alphaCode":"MNT","numericCode":"496","name":"Mongolian togrog","rate":23.463335097612,"date":"Wed, 26 Oct 2022 11:55:01 GMT","inverseRate":0.042619687092215},"jod":{"code":"JOD","alphaCode":"JOD","numericCode":"400","name":"Jordanian Dinar","rate":0.0048989902674982,"date":"Wed, 26 Oct 2022 11:55:01 GMT","inverseRate":204.12369598576},"php":{"code":"PHP","alphaCode":"PHP","numericCode":"608","name":"Philippine Peso","rate":0.40620183301429,"date":"Wed, 26 Oct 2022 11:55:01 GMT","inverseRate":2.4618303481777},"xaf":{"code":"XAF","alphaCode":"XAF","numericCode":"950","name":"Central African CFA Franc","rate":4.6100996292134,"date":"Wed, 26 Oct 2022 11:55:01 GMT","inverseRate":0.21691505182733},"amd":{"code":"AMD","alphaCode":"AMD","numericCode":"051","name":"Armenia Dram","rate":2.794120265913,"date":"Wed, 26 Oct 2022 11:55:01 GMT","inverseRate":0.35789440139695},"uyu":{"code":"UYU","alphaCode":"UYU","numericCode":"858","name":"Uruguayan Peso","rate":0.28445307993903,"date":"Wed, 26 Oct 2022 11:55:01 GMT","inverseRate":3.515518271816},"jmd":{"code":"JMD","alphaCode":"JMD","numericCode":"388","name":"Jamaican Dollar","rate":1.0596344882792,"date":"Wed, 26 Oct 2022 11:55:01 GMT","inverseRate":0.94372164275622},"ssp":{"code":"SSP","alphaCode":"SSP","numericCode":"728","name":"South Sudanese pound","rate":4.2124479528927,"date":"Wed, 26 Oct 2022 11:55:01 GMT","inverseRate":0.23739165710363},"ghs":{"code":"GHS","alphaCode":"GHS","numericCode":"936","name":"Ghanaian Cedi","rate":0.096870153750097,"date":"Wed, 26 Oct 2022 11:55:01 GMT","inverseRate":10.323097066407},"cup":{"code":"CUP","alphaCode":"CUP","numericCode":"192","name":"Cuban peso","rate":0.0069099813068822,"date":"Wed, 26 Oct 2022 11:55:01 GMT","inverseRate":144.71819178498},"nzd":{"code":"NZD","alphaCode":"NZD","numericCode":"554","name":"New Zealand Dollar","rate":0.012026767373482,"date":"Wed, 26 Oct 2022 11:55:01 GMT","inverseRate":83.147862509166},"try":{"code":"TRY","alphaCode":"TRY","numericCode":"949","name":"Turkish Lira","rate":0.12852545332182,"date":"Wed, 26 Oct 2022 11:55:01 GMT","inverseRate":7.7805599914598},"vnd":{"code":"VND","alphaCode":"VND","numericCode":"704","name":"Vietnamese Dong","rate":171.54399053741,"date":"Wed, 26 Oct 2022 11:55:01 GMT","inverseRate":0.0058294085200374},"kgs":{"code":"KGS","alphaCode":"KGS","numericCode":"417","name":"Kyrgyzstan Som","rate":0.56265040432233,"date":"Wed, 26 Oct 2022 11:55:01 GMT","inverseRate":1.7773025529137},"mga":{"code":"MGA","alphaCode":"MGA","numericCode":"969","name":"Malagasy ariary","rate":29.5136290536,"date":"Wed, 26 Oct 2022 11:55:01 GMT","inverseRate":0.033882651238311},"srd":{"code":"SRD","alphaCode":"SRD","numericCode":"968","name":"Surinamese dollar","rate":0.20251953845041,"date":"Wed, 26 Oct 2022 11:55:01 GMT","inverseRate":4.9377951759695},"mwk":{"code":"MWK","alphaCode":"MWK","numericCode":"454","name":"Malawian kwacha","rate":7.0932129424868,"date":"Wed, 26 Oct 2022 11:55:01 GMT","inverseRate":0.14097983637432},"yer":{"code":"YER","alphaCode":"YER","numericCode":"886","name":"Yemeni rial","rate":1.7276952157291,"date":"Wed, 26 Oct 2022 11:55:01 GMT","inverseRate":0.57880579334592},"nok":{"code":"NOK","alphaCode":"NOK","numericCode":"578","name":"Norwegian Krone","rate":0.072102937498318,"date":"Wed, 26 Oct 2022 11:55:01 GMT","inverseRate":13.869060466827},"qar":{"code":"QAR","alphaCode":"QAR","numericCode":"634","name":"Qatari Rial","rate":0.025406608287517,"date":"Wed, 26 Oct 2022 11:55:01 GMT","inverseRate":39.359838538201},"czk":{"code":"CZK","alphaCode":"CZK","numericCode":"203","name":"Czech Koruna","rate":0.17043716705201,"date":"Wed, 26 Oct 2022 11:55:01 GMT","inverseRate":5.8672648536503},"rub":{"code":"RUB","alphaCode":"RUB","numericCode":"643","name":"Russian Rouble","rate":0.4436480701633,"date":"Wed, 26 Oct 2022 11:55:01 GMT","inverseRate":2.2540388818369},"rsd":{"code":"RSD","alphaCode":"RSD","numericCode":"941","name":"Serbian Dinar","rate":0.81036775885706,"date":"Wed, 26 Oct 2022 11:55:01 GMT","inverseRate":1.2340076330411},"nio":{"code":"NIO","alphaCode":"NIO","numericCode":"558","name":"Nicaraguan C\u00f3rdoba","rate":0.24866517136,"date":"Wed, 26 Oct 2022 11:55:01 GMT","inverseRate":4.0214719034869},"sbd":{"code":"SBD","alphaCode":"SBD","numericCode":"090","name":"Solomon Islands dollar","rate":0.056441012262295,"date":"Wed, 26 Oct 2022 11:55:01 GMT","inverseRate":17.717612776907},"mmk":{"code":"MMK","alphaCode":"MMK","numericCode":"104","name":"Myanma Kyat","rate":14.502723680643,"date":"Wed, 26 Oct 2022 11:55:01 GMT","inverseRate":0.068952565188475},"mur":{"code":"MUR","alphaCode":"MUR","numericCode":"480","name":"Mauritian Rupee","rate":0.30415434385793,"date":"Wed, 26 Oct 2022 11:55:01 GMT","inverseRate":3.287804432828},"ves":{"code":"VES","alphaCode":"VES","numericCode":"928","name":"Venezuelan Bolivar","rate":0.057592501151618,"date":"Wed, 26 Oct 2022 11:55:01 GMT","inverseRate":17.363371619638},"bdt":{"code":"BDT","alphaCode":"BDT","numericCode":"050","name":"Bangladeshi taka","rate":0.70173100767957,"date":"Wed, 26 Oct 2022 11:55:01 GMT","inverseRate":1.4250474741122},"ron":{"code":"RON","alphaCode":"RON","numericCode":"946","name":"Romanian New Leu","rate":0.034028753810988,"date":"Wed, 26 Oct 2022 11:55:01 GMT","inverseRate":29.38691218475},"dzd":{"code":"DZD","alphaCode":"DZD","numericCode":"012","name":"Algerian Dinar","rate":0.9698431014652,"date":"Wed, 26 Oct 2022 11:55:01 GMT","inverseRate":1.0310946157056},"ars":{"code":"ARS","alphaCode":"ARS","numericCode":"032","name":"Argentine Peso","rate":1.0707368329241,"date":"Wed, 26 Oct 2022 11:55:01 GMT","inverseRate":0.93393630372189},"stn":{"code":"STN","alphaCode":"STN","numericCode":"930","name":"S\u00e3o Tom\u00e9 and Pr\u00edncipe Dobra","rate":0.17037691460921,"date":"Wed, 26 Oct 2022 11:55:01 GMT","inverseRate":5.8693397652709},"bif":{"code":"BIF","alphaCode":"BIF","numericCode":"108","name":"Burundian franc","rate":14.275823179773,"date":"Wed, 26 Oct 2022 11:55:01 GMT","inverseRate":0.070048499999418},"szl":{"code":"SZL","alphaCode":"SZL","numericCode":"748","name":"Swazi lilangeni","rate":0.12475757362954,"date":"Wed, 26 Oct 2022 11:55:01 GMT","inverseRate":8.0155454367},"sos":{"code":"SOS","alphaCode":"SOS","numericCode":"706","name":"Somali shilling","rate":3.9259793398658,"date":"Wed, 26 Oct 2022 11:55:01 GMT","inverseRate":0.25471351564325},"aed":{"code":"AED","alphaCode":"AED","numericCode":"784","name":"U.A.E Dirham","rate":0.025380057615194,"date":"Wed, 26 Oct 2022 11:55:01 GMT","inverseRate":39.401013786562},"idr":{"code":"IDR","alphaCode":"IDR","numericCode":"360","name":"Indonesian Rupiah","rate":107.91933126692,"date":"Wed, 26 Oct 2022 11:55:01 GMT","inverseRate":0.0092661804725853},"krw":{"code":"KRW","alphaCode":"KRW","numericCode":"410","name":"South Korean Won","rate":9.8663055491472,"date":"Wed, 26 Oct 2022 11:55:01 GMT","inverseRate":0.1013550609211},"uah":{"code":"UAH","alphaCode":"UAH","numericCode":"980","name":"Ukrainian Hryvnia","rate":0.25548176020553,"date":"Wed, 26 Oct 2022 11:55:01 GMT","inverseRate":3.9141737523474},"crc":{"code":"CRC","alphaCode":"CRC","numericCode":"188","name":"Costa Rican Col\u00f3n","rate":4.3131162129408,"date":"Wed, 26 Oct 2022 11:55:01 GMT","inverseRate":0.2318509288017},"bzd":{"code":"BZD","alphaCode":"BZD","numericCode":"084","name":"Belize dollar","rate":0.013920107270386,"date":"Wed, 26 Oct 2022 11:55:01 GMT","inverseRate":71.838526857292},"gnf":{"code":"GNF","alphaCode":"GNF","numericCode":"324","name":"Guinean franc","rate":59.508458580901,"date":"Wed, 26 Oct 2022 11:55:01 GMT","inverseRate":0.016804333767787},"ern":{"code":"ERN","alphaCode":"ERN","numericCode":"232","name":"Eritrean nakfa","rate":0.10411622547277,"date":"Wed, 26 Oct 2022 11:55:01 GMT","inverseRate":9.6046509125667},"wst":{"code":"WST","alphaCode":"WST","numericCode":"882","name":"Samoan tala","rate":0.01930684679479,"date":"Wed, 26 Oct 2022 11:55:01 GMT","inverseRate":51.795096870496},"brl":{"code":"BRL","alphaCode":"BRL","numericCode":"986","name":"Brazilian Real","rate":0.036700817678672,"date":"Wed, 26 Oct 2022 11:55:01 GMT","inverseRate":27.247349330343},"inr":{"code":"INR","alphaCode":"INR","numericCode":"356","name":"Indian Rupee","rate":0.57029153316374,"date":"Wed, 26 Oct 2022 11:55:01 GMT","inverseRate":1.753489122401},"npr":{"code":"NPR","alphaCode":"NPR","numericCode":"524","name":"Nepalese Rupee","rate":0.91465972841604,"date":"Wed, 26 Oct 2022 11:55:01 GMT","inverseRate":1.0933027539452},"zar":{"code":"ZAR","alphaCode":"ZAR","numericCode":"710","name":"South African Rand","rate":0.12640441072772,"date":"Wed, 26 Oct 2022 11:55:01 GMT","inverseRate":7.9111163466761},"azn":{"code":"AZN","alphaCode":"AZN","numericCode":"944","name":"Azerbaijan Manat","rate":0.011726826217116,"date":"Wed, 26 Oct 2022 11:55:01 GMT","inverseRate":85.274564616678},"pyg":{"code":"PYG","alphaCode":"PYG","numericCode":"600","name":"Paraguayan Guaran\u00ed","rate":49.947656516517,"date":"Wed, 26 Oct 2022 11:55:01 GMT","inverseRate":0.020020959335085},"gyd":{"code":"GYD","alphaCode":"GYD","numericCode":"328","name":"Guyanese dollar","rate":1.4447866439416,"date":"Wed, 26 Oct 2022 11:55:01 GMT","inverseRate":0.69214371837757},"rwf":{"code":"RWF","alphaCode":"RWF","numericCode":"646","name":"Rwandan franc","rate":7.3668242064717,"date":"Wed, 26 Oct 2022 11:55:01 GMT","inverseRate":0.1357437033887},"mop":{"code":"MOP","alphaCode":"MOP","numericCode":"446","name":"Macanese pataca","rate":0.055865083565741,"date":"Wed, 26 Oct 2022 11:55:01 GMT","inverseRate":17.900268578731},"bam":{"code":"BAM","alphaCode":"BAM","numericCode":"977","name":"Bosnia and Herzegovina convertible mark","rate":0.013500192806451,"date":"Wed, 26 Oct 2022 11:55:01 GMT","inverseRate":74.073016166269},"dkk":{"code":"DKK","alphaCode":"DKK","numericCode":"208","name":"Danish Krone","rate":0.051782210203377,"date":"Wed, 26 Oct 2022 11:55:01 GMT","inverseRate":19.311651551227},"lkr":{"code":"LKR","alphaCode":"LKR","numericCode":"144","name":"Sri Lanka Rupee","rate":2.5271991711326,"date":"Wed, 26 Oct 2022 11:55:01 GMT","inverseRate":0.39569496991875},"tnd":{"code":"TND","alphaCode":"TND","numericCode":"788","name":"Tunisian Dinar","rate":0.022381547108296,"date":"Wed, 26 Oct 2022 11:55:01 GMT","inverseRate":44.679663794526},"twd":{"code":"TWD","alphaCode":"TWD","numericCode":"901","name":"New Taiwan Dollar ","rate":0.22292495312456,"date":"Wed, 26 Oct 2022 11:55:01 GMT","inverseRate":4.4858145576966},"iqd":{"code":"IQD","alphaCode":"IQD","numericCode":"368","name":"Iraqi dinar","rate":10.083968949108,"date":"Wed, 26 Oct 2022 11:55:01 GMT","inverseRate":0.099167302581634},"afn":{"code":"AFN","alphaCode":"AFN","numericCode":"971","name":"Afghan afghani","rate":0.60667964053294,"date":"Wed, 26 Oct 2022 11:55:01 GMT","inverseRate":1.6483163982914},"nad":{"code":"NAD","alphaCode":"NAD","numericCode":"516","name":"Namibian dollar","rate":0.12475757362954,"date":"Wed, 26 Oct 2022 11:55:01 GMT","inverseRate":8.0155454367},"syp":{"code":"SYP","alphaCode":"SYP","numericCode":"760","name":"Syrian pound","rate":17.288773229819,"date":"Wed, 26 Oct 2022 11:55:01 GMT","inverseRate":0.057841003910863},"lak":{"code":"LAK","alphaCode":"LAK","numericCode":"418","name":"Lao kip","rate":119.44970595147,"date":"Wed, 26 Oct 2022 11:55:01 GMT","inverseRate":0.0083717242502568},"gtq":{"code":"GTQ","alphaCode":"GTQ","numericCode":"320","name":"Guatemalan Quetzal","rate":0.0541431830174,"date":"Wed, 26 Oct 2022 11:55:01 GMT","inverseRate":18.469545827748},"pkr":{"code":"PKR","alphaCode":"PKR","numericCode":"586","name":"Pakistani Rupee","rate":1.5223358595339,"date":"Wed, 26 Oct 2022 11:55:01 GMT","inverseRate":0.656885268607},"bgn":{"code":"BGN","alphaCode":"BGN","numericCode":"975","name":"Bulgarian Lev","rate":0.013601981069571,"date":"Wed, 26 Oct 2022 11:55:01 GMT","inverseRate":73.518702524669},"pen":{"code":"PEN","alphaCode":"PEN","numericCode":"604","name":"Peruvian Nuevo Sol","rate":0.027621955851107,"date":"Wed, 26 Oct 2022 11:55:01 GMT","inverseRate":36.203084437263},"tmt":{"code":"TMT","alphaCode":"TMT","numericCode":"934","name":"New Turkmenistan Manat","rate":0.024154959607257,"date":"Wed, 26 Oct 2022 11:55:01 GMT","inverseRate":41.399365441273},"svc":{"code":"SVC","alphaCode":"SVC","numericCode":"222","name":"Salvadoran colon","rate":0.060461382544922,"date":"Wed, 26 Oct 2022 11:55:01 GMT","inverseRate":16.539482855143},"xcd":{"code":"XCD","alphaCode":"XCD","numericCode":"951","name":"East Caribbean Dollar","rate":0.018722524443805,"date":"Wed, 26 Oct 2022 11:55:01 GMT","inverseRate":53.411600716637},"aoa":{"code":"AOA","alphaCode":"AOA","numericCode":"973","name":"Angolan kwanza","rate":3.0699690781922,"date":"Wed, 26 Oct 2022 11:55:01 GMT","inverseRate":0.32573617991907},"mvr":{"code":"MVR","alphaCode":"MVR","numericCode":"462","name":"Maldivian rufiyaa","rate":0.10675550580649,"date":"Wed, 26 Oct 2022 11:55:01 GMT","inverseRate":9.3671983701961},"sar":{"code":"SAR","alphaCode":"SAR","numericCode":"682","name":"Saudi Riyal","rate":0.025976424997661,"date":"Wed, 26 Oct 2022 11:55:01 GMT","inverseRate":38.496444375623},"pln":{"code":"PLN","alphaCode":"PLN","numericCode":"985","name":"Polish Zloty","rate":0.033187336344135,"date":"Wed, 26 Oct 2022 11:55:01 GMT","inverseRate":30.131975330305},"gip":{"code":"GIP","alphaCode":"GIP","numericCode":"292","name":"Gibraltar pound","rate":0.0060384431968008,"date":"Wed, 26 Oct 2022 11:55:01 GMT","inverseRate":165.60559856385},"gel":{"code":"GEL","alphaCode":"GEL","numericCode":"981","name":"Georgian lari","rate":0.0193204566565,"date":"Wed, 26 Oct 2022 11:55:01 GMT","inverseRate":51.758610977944},"mkd":{"code":"MKD","alphaCode":"MKD","numericCode":"807","name":"Macedonian denar","rate":0.42428081342068,"date":"Wed, 26 Oct 2022 11:55:01 GMT","inverseRate":2.3569295814668},"awg":{"code":"AWG","alphaCode":"AWG","numericCode":"533","name":"Aruban florin","rate":0.012499969228912,"date":"Wed, 26 Oct 2022 11:55:01 GMT","inverseRate":80.00019693545},"hnl":{"code":"HNL","alphaCode":"HNL","numericCode":"340","name":"Honduran Lempira","rate":0.1707311285689,"date":"Wed, 26 Oct 2022 11:55:01 GMT","inverseRate":5.8571627118159},"kes":{"code":"KES","alphaCode":"KES","numericCode":"404","name":"Kenyan shilling","rate":0.83767708309932,"date":"Wed, 26 Oct 2022 11:55:01 GMT","inverseRate":1.1937774354529},"bhd":{"code":"BHD","alphaCode":"BHD","numericCode":"048","name":"Bahrain Dinar","rate":0.002599793440033,"date":"Wed, 26 Oct 2022 11:55:01 GMT","inverseRate":384.64594325129},"egp":{"code":"EGP","alphaCode":"EGP","numericCode":"818","name":"Egyptian Pound","rate":0.13612424799936,"date":"Wed, 26 Oct 2022 11:55:01 GMT","inverseRate":7.3462297474343},"hrk":{"code":"HRK","alphaCode":"HRK","numericCode":"191","name":"Croatian Kuna","rate":0.052376929942622,"date":"Wed, 26 Oct 2022 11:55:01 GMT","inverseRate":19.092375232673},"mro":{"code":"MRO","alphaCode":"MRO","numericCode":"478","name":"Mauritanian Ouguiya","rate":0.26206508516716,"date":"Wed, 26 Oct 2022 11:55:01 GMT","inverseRate":3.8158459733854},"cop":{"code":"COP","alphaCode":"COP","numericCode":"170","name":"Colombian Peso","rate":34.355074895445,"date":"Wed, 26 Oct 2022 11:55:01 GMT","inverseRate":0.029107781107838},"bbd":{"code":"BBD","alphaCode":"BBD","numericCode":"052","name":"Barbadian Dollar","rate":0.013943742735655,"date":"Wed, 26 Oct 2022 11:55:01 GMT","inverseRate":71.716756322742},"djf":{"code":"DJF","alphaCode":"DJF","numericCode":"262","name":"Djiboutian franc","rate":1.2294123708468,"date":"Wed, 26 Oct 2022 11:55:01 GMT","inverseRate":0.81339672815492},"mzn":{"code":"MZN","alphaCode":"MZN","numericCode":"943","name":"Mozambican metical","rate":0.442704435804,"date":"Wed, 26 Oct 2022 11:55:01 GMT","inverseRate":2.2588434158874},"ugx":{"code":"UGX","alphaCode":"UGX","numericCode":"800","name":"Ugandan shilling","rate":26.342156484889,"date":"Wed, 26 Oct 2022 11:55:01 GMT","inverseRate":0.037961964145709},"hkd":{"code":"HKD","alphaCode":"HKD","numericCode":"344","name":"Hong Kong Dollar","rate":0.054242875712914,"date":"Wed, 26 Oct 2022 11:55:01 GMT","inverseRate":18.435600746771},"mad":{"code":"MAD","alphaCode":"MAD","numericCode":"504","name":"Moroccan Dirham","rate":0.075397986021433,"date":"Wed, 26 Oct 2022 11:55:01 GMT","inverseRate":13.26295373083},"myr":{"code":"MYR","alphaCode":"MYR","numericCode":"458","name":"Malaysian Ringgit","rate":0.032664684815699,"date":"Wed, 26 Oct 2022 11:55:01 GMT","inverseRate":30.614102222085},"mdl":{"code":"MDL","alphaCode":"MDL","numericCode":"498","name":"Moldova Lei","rate":0.13201035171023,"date":"Wed, 26 Oct 2022 11:55:01 GMT","inverseRate":7.5751635159267},"pab":{"code":"PAB","alphaCode":"PAB","numericCode":"590","name":"Panamanian Balboa","rate":0.0069099813068822,"date":"Wed, 26 Oct 2022 11:55:01 GMT","inverseRate":144.71819178498},"fjd":{"code":"FJD","alphaCode":"FJD","numericCode":"242","name":"Fiji Dollar","rate":0.015776700992583,"date":"Wed, 26 Oct 2022 11:55:01 GMT","inverseRate":63.384607496214},"cdf":{"code":"CDF","alphaCode":"CDF","numericCode":"976","name":"Congolese franc","rate":14.189489907843,"date":"Wed, 26 Oct 2022 11:55:01 GMT","inverseRate":0.07047469687034},"top":{"code":"TOP","alphaCode":"TOP","numericCode":"776","name":"Tongan pa\u02bbanga","rate":0.016450655617316,"date":"Wed, 26 Oct 2022 11:55:01 GMT","inverseRate":60.787850846953},"vuv":{"code":"VUV","alphaCode":"VUV","numericCode":"548","name":"Vanuatu vatu","rate":0.83872511519611,"date":"Wed, 26 Oct 2022 11:55:01 GMT","inverseRate":1.1922857464047},"kwd":{"code":"KWD","alphaCode":"KWD","numericCode":"414","name":"Kuwaiti Dinar","rate":0.0021415790726901,"date":"Wed, 26 Oct 2022 11:55:01 GMT","inverseRate":466.94516805484},"thb":{"code":"THB","alphaCode":"THB","numericCode":"764","name":"Thai Baht","rate":0.26278962538054,"date":"Wed, 26 Oct 2022 11:55:01 GMT","inverseRate":3.8053252618018},"xof":{"code":"XOF","alphaCode":"XOF","numericCode":"952","name":"West African CFA Franc","rate":4.6072152817144,"date":"Wed, 26 Oct 2022 11:55:01 GMT","inverseRate":0.21705085151304},"irr":{"code":"IRR","alphaCode":"IRR","numericCode":"364","name":"Iranian rial","rate":290.45785969564,"date":"Wed, 26 Oct 2022 11:55:01 GMT","inverseRate":0.0034428402145766},"bob":{"code":"BOB","alphaCode":"BOB","numericCode":"068","name":"Bolivian Boliviano","rate":0.047612044687858,"date":"Wed, 26 Oct 2022 11:55:01 GMT","inverseRate":21.00308874689},"lrd":{"code":"LRD","alphaCode":"LRD","numericCode":"430","name":"Liberian dollar","rate":1.0596344882792,"date":"Wed, 26 Oct 2022 11:55:01 GMT","inverseRate":0.94372164275622},"sdg":{"code":"SDG","alphaCode":"SDG","numericCode":"938","name":"Sudanese pound","rate":3.910555849602,"date":"Wed, 26 Oct 2022 11:55:01 GMT","inverseRate":0.25571812255329},"pgk":{"code":"PGK","alphaCode":"PGK","numericCode":"598","name":"Papua New Guinean kina","rate":0.024334150038267,"date":"Wed, 26 Oct 2022 11:55:01 GMT","inverseRate":41.094511146986},"bwp":{"code":"BWP","alphaCode":"BWP","numericCode":"072","name":"Botswana Pula","rate":0.091961559733082,"date":"Wed, 26 Oct 2022 11:55:01 GMT","inverseRate":10.874108735242},"omr":{"code":"OMR","alphaCode":"OMR","numericCode":"512","name":"Omani Rial","rate":0.0026604136757277,"date":"Wed, 26 Oct 2022 11:55:01 GMT","inverseRate":375.88139360563},"ils":{"code":"ILS","alphaCode":"ILS","numericCode":"376","name":"Israeli New Sheqel","rate":0.024455164194243,"date":"Wed, 26 Oct 2022 11:55:01 GMT","inverseRate":40.891158695855},"ngn":{"code":"NGN","alphaCode":"NGN","numericCode":"566","name":"Nigerian Naira","rate":3.0200423881662,"date":"Wed, 26 Oct 2022 11:55:01 GMT","inverseRate":0.3311211802584},"uzs":{"code":"UZS","alphaCode":"UZS","numericCode":"860","name":"Uzbekistan Sum","rate":76.517664662131,"date":"Wed, 26 Oct 2022 11:55:01 GMT","inverseRate":0.013068877682239},"etb":{"code":"ETB","alphaCode":"ETB","numericCode":"230","name":"Ethiopian birr","rate":0.36579809729015,"date":"Wed, 26 Oct 2022 11:55:01 GMT","inverseRate":2.7337485006293},"ttd":{"code":"TTD","alphaCode":"TTD","numericCode":"780","name":"Trinidad Tobago Dollar","rate":0.046853043983249,"date":"Wed, 26 Oct 2022 11:55:01 GMT","inverseRate":21.343330443109},"zmw":{"code":"ZMW","alphaCode":"ZMW","numericCode":"967","name":"Zambian kwacha","rate":0.11101273787312,"date":"Wed, 26 Oct 2022 11:55:01 GMT","inverseRate":9.007975293276},"khr":{"code":"KHR","alphaCode":"KHR","numericCode":"116","name":"Cambodian riel","rate":28.588920049309,"date":"Wed, 26 Oct 2022 11:55:01 GMT","inverseRate":0.034978586049254},"sek":{"code":"SEK","alphaCode":"SEK","numericCode":"752","name":"Swedish Krona","rate":0.076222888970548,"date":"Wed, 26 Oct 2022 11:55:01 GMT","inverseRate":13.119418766539},"sgd":{"code":"SGD","alphaCode":"SGD","numericCode":"702","name":"Singapore Dollar","rate":0.0097933848455298,"date":"Wed, 26 Oct 2022 11:55:01 GMT","inverseRate":102.10974201187},"huf":{"code":"HUF","alphaCode":"HUF","numericCode":"348","name":"Hungarian Forint","rate":2.8645744179187,"date":"Wed, 26 Oct 2022 11:55:01 GMT","inverseRate":0.3490919955665},"byn":{"code":"BYN","alphaCode":"BYN","numericCode":"933","name":"Belarussian Ruble","rate":0.020631488338944,"date":"Wed, 26 Oct 2022 11:55:01 GMT","inverseRate":48.469600620736},"tjs":{"code":"TJS","alphaCode":"TJS","numericCode":"972","name":"Tajikistan Ruble","rate":0.070107727097009,"date":"Wed, 26 Oct 2022 11:55:01 GMT","inverseRate":14.263762946077},"gmd":{"code":"GMD","alphaCode":"GMD","numericCode":"270","name":"Gambian dalasi","rate":0.41371119819466,"date":"Wed, 26 Oct 2022 11:55:01 GMT","inverseRate":2.4171451108014},"cve":{"code":"CVE","alphaCode":"CVE","numericCode":"132","name":"Cape Verde escudo","rate":0.7621500959781,"date":"Wed, 26 Oct 2022 11:55:01 GMT","inverseRate":1.3120775097675},"all":{"code":"ALL","alphaCode":"ALL","numericCode":"008","name":"Albanian lek","rate":0.81107825028783,"date":"Wed, 26 Oct 2022 11:55:01 GMT","inverseRate":1.2329266623105},"scr":{"code":"SCR","alphaCode":"SCR","numericCode":"690","name":"Seychelles rupee","rate":0.089897835623035,"date":"Wed, 26 Oct 2022 11:55:01 GMT","inverseRate":11.123738331068},"dop":{"code":"DOP","alphaCode":"DOP","numericCode":"214","name":"Dominican Peso","rate":0.37119836232437,"date":"Wed, 26 Oct 2022 11:55:01 GMT","inverseRate":2.6939774026431},"cny":{"code":"CNY","alphaCode":"CNY","numericCode":"156","name":"Chinese Yuan","rate":0.050279178369966,"date":"Wed, 26 Oct 2022 11:55:01 GMT","inverseRate":19.888948714352},"lyd":{"code":"LYD","alphaCode":"LYD","numericCode":"434","name":"Libyan Dinar","rate":0.034576220764507,"date":"Wed, 26 Oct 2022 11:55:01 GMT","inverseRate":28.921610803298},"clp":{"code":"CLP","alphaCode":"CLP","numericCode":"152","name":"Chilean Peso","rate":6.6718609998736,"date":"Wed, 26 Oct 2022 11:55:01 GMT","inverseRate":0.14988321849315},"bsd":{"code":"BSD","alphaCode":"BSD","numericCode":"044","name":"Bahamian Dollar","rate":0.0069099813068822,"date":"Wed, 26 Oct 2022 11:55:01 GMT","inverseRate":144.71819178498},"xpf":{"code":"XPF","alphaCode":"XPF","numericCode":"953","name":"CFP Franc","rate":0.82550937717776,"date":"Wed, 26 Oct 2022 11:55:01 GMT","inverseRate":1.2113732776953}}