{"usd":{"code":"USD","alphaCode":"USD","numericCode":"840","name":"U.S. Dollar","rate":0.00097416803399387,"date":"Wed, 26 Oct 2022 11:55:01 GMT","inverseRate":1026.5169509825},"eur":{"code":"EUR","alphaCode":"EUR","numericCode":"978","name":"Euro","rate":0.00097349992499492,"date":"Wed, 26 Oct 2022 11:55:01 GMT","inverseRate":1027.2214453486},"gbp":{"code":"GBP","alphaCode":"GBP","numericCode":"826","name":"U.K. Pound Sterling","rate":0.00084380200833196,"date":"Wed, 26 Oct 2022 11:55:01 GMT","inverseRate":1185.1121354603},"cad":{"code":"CAD","alphaCode":"CAD","numericCode":"124","name":"Canadian Dollar","rate":0.0013269161248008,"date":"Wed, 26 Oct 2022 11:55:01 GMT","inverseRate":753.62713686982},"jpy":{"code":"JPY","alphaCode":"JPY","numericCode":"392","name":"Japanese Yen","rate":0.1436099432916,"date":"Wed, 26 Oct 2022 11:55:01 GMT","inverseRate":6.9633061407839},"aud":{"code":"AUD","alphaCode":"AUD","numericCode":"036","name":"Australian Dollar","rate":0.0015235482793205,"date":"Wed, 26 Oct 2022 11:55:01 GMT","inverseRate":656.36252790493},"chf":{"code":"CHF","alphaCode":"CHF","numericCode":"756","name":"Swiss Franc","rate":0.00096393677855538,"date":"Wed, 26 Oct 2022 11:55:01 GMT","inverseRate":1037.4124343493},"lsl":{"code":"LSL","alphaCode":"LSL","numericCode":"426","name":"Lesotho loti","rate":0.017588302316749,"date":"Wed, 26 Oct 2022 11:55:01 GMT","inverseRate":56.855970632691},"tzs":{"code":"TZS","alphaCode":"TZS","numericCode":"834","name":"Tanzanian shilling","rate":2.2700980392157,"date":"Wed, 26 Oct 2022 11:55:01 GMT","inverseRate":0.44050960915568},"ang":{"code":"ANG","alphaCode":"ANG","numericCode":"532","name":"Neth. Antillean Guilder","rate":0.0017448487700915,"date":"Wed, 26 Oct 2022 11:55:01 GMT","inverseRate":573.11557147016},"lbp":{"code":"LBP","alphaCode":"LBP","numericCode":"422","name":"Lebanese Pound","rate":1.4715445878149,"date":"Wed, 26 Oct 2022 11:55:01 GMT","inverseRate":0.67955806999021},"mxn":{"code":"MXN","alphaCode":"MXN","numericCode":"484","name":"Mexican Peso","rate":0.019362911076873,"date":"Wed, 26 Oct 2022 11:55:01 GMT","inverseRate":51.645126914537},"kzt":{"code":"KZT","alphaCode":"KZT","numericCode":"398","name":"Kazakhstani Tenge","rate":0.46059362386525,"date":"Wed, 26 Oct 2022 11:55:01 GMT","inverseRate":2.1711112533606},"htg":{"code":"HTG","alphaCode":"HTG","numericCode":"332","name":"Haitian gourde","rate":0.12171359229766,"date":"Wed, 26 Oct 2022 11:55:01 GMT","inverseRate":8.2160092486173},"bnd":{"code":"BND","alphaCode":"BND","numericCode":"096","name":"Brunei Dollar","rate":0.0013715385754479,"date":"Wed, 26 Oct 2022 11:55:01 GMT","inverseRate":729.10818397755},"kmf":{"code":"KMF","alphaCode":"KMF","numericCode":"174","name":"\tComoro franc","rate":0.48492146596861,"date":"Wed, 26 Oct 2022 11:55:01 GMT","inverseRate":2.0621895918807},"mru":{"code":"MRU","alphaCode":"MRU","numericCode":"929","name":"Mauritanian ouguiya","rate":0.036959297685555,"date":"Wed, 26 Oct 2022 11:55:01 GMT","inverseRate":27.056791189807},"mnt":{"code":"MNT","alphaCode":"MNT","numericCode":"496","name":"Mongolian togrog","rate":3.3078571428571,"date":"Wed, 26 Oct 2022 11:55:01 GMT","inverseRate":0.30231051608724},"jod":{"code":"JOD","alphaCode":"JOD","numericCode":"400","name":"Jordanian Dinar","rate":0.00069065884631128,"date":"Wed, 26 Oct 2022 11:55:01 GMT","inverseRate":1447.8928422344},"php":{"code":"PHP","alphaCode":"PHP","numericCode":"608","name":"Philippine Peso","rate":0.057266267953305,"date":"Wed, 26 Oct 2022 11:55:01 GMT","inverseRate":17.462286887901},"xaf":{"code":"XAF","alphaCode":"XAF","numericCode":"950","name":"Central African CFA Franc","rate":0.64993109139582,"date":"Wed, 26 Oct 2022 11:55:01 GMT","inverseRate":1.5386246530418},"amd":{"code":"AMD","alphaCode":"AMD","numericCode":"051","name":"Armenia Dram","rate":0.39391461789858,"date":"Wed, 26 Oct 2022 11:55:01 GMT","inverseRate":2.5386212000324},"uyu":{"code":"UYU","alphaCode":"UYU","numericCode":"858","name":"Uruguayan Peso","rate":0.040102148665976,"date":"Wed, 26 Oct 2022 11:55:01 GMT","inverseRate":24.936319705194},"jmd":{"code":"JMD","alphaCode":"JMD","numericCode":"388","name":"Jamaican Dollar","rate":0.14938709677419,"date":"Wed, 26 Oct 2022 11:55:01 GMT","inverseRate":6.6940185705033},"ssp":{"code":"SSP","alphaCode":"SSP","numericCode":"728","name":"South Sudanese pound","rate":0.59387022313416,"date":"Wed, 26 Oct 2022 11:55:01 GMT","inverseRate":1.6838695746059},"ghs":{"code":"GHS","alphaCode":"GHS","numericCode":"936","name":"Ghanaian Cedi","rate":0.013656738425244,"date":"Wed, 26 Oct 2022 11:55:01 GMT","inverseRate":73.223925717984},"cup":{"code":"CUP","alphaCode":"CUP","numericCode":"192","name":"Cuban peso","rate":0.00097416803399387,"date":"Wed, 26 Oct 2022 11:55:01 GMT","inverseRate":1026.5169509825},"nzd":{"code":"NZD","alphaCode":"NZD","numericCode":"554","name":"New Zealand Dollar","rate":0.0016955316964255,"date":"Wed, 26 Oct 2022 11:55:01 GMT","inverseRate":589.78549449013},"try":{"code":"TRY","alphaCode":"TRY","numericCode":"949","name":"Turkish Lira","rate":0.018119497379246,"date":"Wed, 26 Oct 2022 11:55:01 GMT","inverseRate":55.189168831217},"vnd":{"code":"VND","alphaCode":"VND","numericCode":"704","name":"Vietnamese Dong","rate":24.184243716962,"date":"Wed, 26 Oct 2022 11:55:01 GMT","inverseRate":0.041349235961372},"kgs":{"code":"KGS","alphaCode":"KGS","numericCode":"417","name":"Kyrgyzstan Som","rate":0.079322361937307,"date":"Wed, 26 Oct 2022 11:55:01 GMT","inverseRate":12.606785471042},"mga":{"code":"MGA","alphaCode":"MGA","numericCode":"969","name":"Malagasy ariary","rate":4.1608265947889,"date":"Wed, 26 Oct 2022 11:55:01 GMT","inverseRate":0.24033686028935},"srd":{"code":"SRD","alphaCode":"SRD","numericCode":"968","name":"Surinamese dollar","rate":0.028551171393342,"date":"Wed, 26 Oct 2022 11:55:01 GMT","inverseRate":35.024832649535},"yer":{"code":"YER","alphaCode":"YER","numericCode":"886","name":"Yemeni rial","rate":0.24357018881818,"date":"Wed, 26 Oct 2022 11:55:01 GMT","inverseRate":4.1055927445476},"nok":{"code":"NOK","alphaCode":"NOK","numericCode":"578","name":"Norwegian Krone","rate":0.010165060330621,"date":"Wed, 26 Oct 2022 11:55:01 GMT","inverseRate":98.376199203427},"qar":{"code":"QAR","alphaCode":"QAR","numericCode":"634","name":"Qatari Rial","rate":0.0035818194792007,"date":"Wed, 26 Oct 2022 11:55:01 GMT","inverseRate":279.18771613336},"czk":{"code":"CZK","alphaCode":"CZK","numericCode":"203","name":"Czech Koruna","rate":0.024028203923096,"date":"Wed, 26 Oct 2022 11:55:01 GMT","inverseRate":41.61775899691},"rub":{"code":"RUB","alphaCode":"RUB","numericCode":"643","name":"Russian Rouble","rate":0.062545432339406,"date":"Wed, 26 Oct 2022 11:55:01 GMT","inverseRate":15.988377769514},"rsd":{"code":"RSD","alphaCode":"RSD","numericCode":"941","name":"Serbian Dinar","rate":0.11424551404669,"date":"Wed, 26 Oct 2022 11:55:01 GMT","inverseRate":8.7530789138144},"nio":{"code":"NIO","alphaCode":"NIO","numericCode":"558","name":"Nicaraguan C\u00f3rdoba","rate":0.035056775170326,"date":"Wed, 26 Oct 2022 11:55:01 GMT","inverseRate":28.52515655366},"sbd":{"code":"SBD","alphaCode":"SBD","numericCode":"090","name":"Solomon Islands dollar","rate":0.0079570446735394,"date":"Wed, 26 Oct 2022 11:55:01 GMT","inverseRate":125.67480025913},"mmk":{"code":"MMK","alphaCode":"MMK","numericCode":"104","name":"Myanma Kyat","rate":2.0445916114791,"date":"Wed, 26 Oct 2022 11:55:01 GMT","inverseRate":0.48909522781256},"mur":{"code":"MUR","alphaCode":"MUR","numericCode":"480","name":"Mauritian Rupee","rate":0.04287962962963,"date":"Wed, 26 Oct 2022 11:55:01 GMT","inverseRate":23.321096955301},"ves":{"code":"VES","alphaCode":"VES","numericCode":"928","name":"Venezuelan Bolivar","rate":0.0081193813887431,"date":"Wed, 26 Oct 2022 11:55:01 GMT","inverseRate":123.16209229763},"bdt":{"code":"BDT","alphaCode":"BDT","numericCode":"050","name":"Bangladeshi taka","rate":0.098929922641454,"date":"Wed, 26 Oct 2022 11:55:01 GMT","inverseRate":10.108165187031},"ron":{"code":"RON","alphaCode":"RON","numericCode":"946","name":"Romanian New Leu","rate":0.0047973681442952,"date":"Wed, 26 Oct 2022 11:55:01 GMT","inverseRate":208.44762584859},"dzd":{"code":"DZD","alphaCode":"DZD","numericCode":"012","name":"Algerian Dinar","rate":0.13672832175333,"date":"Wed, 26 Oct 2022 11:55:01 GMT","inverseRate":7.3137736730515},"ars":{"code":"ARS","alphaCode":"ARS","numericCode":"032","name":"Argentine Peso","rate":0.1509523035056,"date":"Wed, 26 Oct 2022 11:55:01 GMT","inverseRate":6.6246090770183},"stn":{"code":"STN","alphaCode":"STN","numericCode":"930","name":"S\u00e3o Tom\u00e9 and Pr\u00edncipe Dobra","rate":0.024019709543568,"date":"Wed, 26 Oct 2022 11:55:01 GMT","inverseRate":41.632476786871},"bif":{"code":"BIF","alphaCode":"BIF","numericCode":"108","name":"Burundian franc","rate":2.0126032159931,"date":"Wed, 26 Oct 2022 11:55:01 GMT","inverseRate":0.49686892679766},"szl":{"code":"SZL","alphaCode":"SZL","numericCode":"748","name":"Swazi lilangeni","rate":0.017588302316749,"date":"Wed, 26 Oct 2022 11:55:01 GMT","inverseRate":56.855970632691},"sos":{"code":"SOS","alphaCode":"SOS","numericCode":"706","name":"Somali shilling","rate":0.55348392494325,"date":"Wed, 26 Oct 2022 11:55:01 GMT","inverseRate":1.806737205787},"aed":{"code":"AED","alphaCode":"AED","numericCode":"784","name":"U.A.E Dirham","rate":0.0035780763697609,"date":"Wed, 26 Oct 2022 11:55:01 GMT","inverseRate":279.47978093794},"idr":{"code":"IDR","alphaCode":"IDR","numericCode":"360","name":"Indonesian Rupiah","rate":15.214449663637,"date":"Wed, 26 Oct 2022 11:55:01 GMT","inverseRate":0.06572699125556},"krw":{"code":"KRW","alphaCode":"KRW","numericCode":"410","name":"South Korean Won","rate":1.3909501419378,"date":"Wed, 26 Oct 2022 11:55:01 GMT","inverseRate":0.71893302991208},"uah":{"code":"UAH","alphaCode":"UAH","numericCode":"980","name":"Ukrainian Hryvnia","rate":0.036017776750399,"date":"Wed, 26 Oct 2022 11:55:01 GMT","inverseRate":27.764067919293},"crc":{"code":"CRC","alphaCode":"CRC","numericCode":"188","name":"Costa Rican Col\u00f3n","rate":0.60806241796382,"date":"Wed, 26 Oct 2022 11:55:01 GMT","inverseRate":1.6445680089038},"bzd":{"code":"BZD","alphaCode":"BZD","numericCode":"084","name":"Belize dollar","rate":0.001962454445292,"date":"Wed, 26 Oct 2022 11:55:01 GMT","inverseRate":509.56596847332},"gnf":{"code":"GNF","alphaCode":"GNF","numericCode":"324","name":"Guinean franc","rate":8.3894927536235,"date":"Wed, 26 Oct 2022 11:55:01 GMT","inverseRate":0.11919671777153},"ern":{"code":"ERN","alphaCode":"ERN","numericCode":"232","name":"Eritrean nakfa","rate":0.014678288431063,"date":"Wed, 26 Oct 2022 11:55:01 GMT","inverseRate":68.127834161085},"wst":{"code":"WST","alphaCode":"WST","numericCode":"882","name":"Samoan tala","rate":0.0027218761020336,"date":"Wed, 26 Oct 2022 11:55:01 GMT","inverseRate":367.39365147916},"brl":{"code":"BRL","alphaCode":"BRL","numericCode":"986","name":"Brazilian Real","rate":0.005174075271143,"date":"Wed, 26 Oct 2022 11:55:01 GMT","inverseRate":193.27125091844},"inr":{"code":"INR","alphaCode":"INR","numericCode":"356","name":"Indian Rupee","rate":0.080399607031084,"date":"Wed, 26 Oct 2022 11:55:01 GMT","inverseRate":12.437871737524},"npr":{"code":"NPR","alphaCode":"NPR","numericCode":"524","name":"Nepalese Rupee","rate":0.12894857885027,"date":"Wed, 26 Oct 2022 11:55:01 GMT","inverseRate":7.7550292443403},"zar":{"code":"ZAR","alphaCode":"ZAR","numericCode":"710","name":"South African Rand","rate":0.017820473141386,"date":"Wed, 26 Oct 2022 11:55:01 GMT","inverseRate":56.115232859762},"azn":{"code":"AZN","alphaCode":"AZN","numericCode":"944","name":"Azerbaijan Manat","rate":0.0016532460412791,"date":"Wed, 26 Oct 2022 11:55:01 GMT","inverseRate":604.87064540394},"pyg":{"code":"PYG","alphaCode":"PYG","numericCode":"600","name":"Paraguayan Guaran\u00ed","rate":7.0416124429794,"date":"Wed, 26 Oct 2022 11:55:01 GMT","inverseRate":0.14201292787663},"gyd":{"code":"GYD","alphaCode":"GYD","numericCode":"328","name":"Guyanese dollar","rate":0.20368578465869,"date":"Wed, 26 Oct 2022 11:55:01 GMT","inverseRate":4.9095227812567},"rwf":{"code":"RWF","alphaCode":"RWF","numericCode":"646","name":"Rwandan franc","rate":1.0385736712268,"date":"Wed, 26 Oct 2022 11:55:01 GMT","inverseRate":0.96285899373782},"mop":{"code":"MOP","alphaCode":"MOP","numericCode":"446","name":"Macanese pataca","rate":0.0078758503401359,"date":"Wed, 26 Oct 2022 11:55:01 GMT","inverseRate":126.97041675664},"bam":{"code":"BAM","alphaCode":"BAM","numericCode":"977","name":"Bosnia and Herzegovina convertible mark","rate":0.0019032549728753,"date":"Wed, 26 Oct 2022 11:55:01 GMT","inverseRate":525.41567695961},"dkk":{"code":"DKK","alphaCode":"DKK","numericCode":"208","name":"Danish Krone","rate":0.0073002475215727,"date":"Wed, 26 Oct 2022 11:55:01 GMT","inverseRate":136.98165672396},"lkr":{"code":"LKR","alphaCode":"LKR","numericCode":"144","name":"Sri Lanka Rupee","rate":0.35628412563159,"date":"Wed, 26 Oct 2022 11:55:01 GMT","inverseRate":2.8067486819046},"tnd":{"code":"TND","alphaCode":"TND","numericCode":"788","name":"Tunisian Dinar","rate":0.0031553468491317,"date":"Wed, 26 Oct 2022 11:55:01 GMT","inverseRate":316.92236949329},"twd":{"code":"TWD","alphaCode":"TWD","numericCode":"901","name":"New Taiwan Dollar ","rate":0.031427923415254,"date":"Wed, 26 Oct 2022 11:55:01 GMT","inverseRate":31.818837878249},"iqd":{"code":"IQD","alphaCode":"IQD","numericCode":"368","name":"Iraqi dinar","rate":1.421636292449,"date":"Wed, 26 Oct 2022 11:55:01 GMT","inverseRate":0.70341479414355},"afn":{"code":"AFN","alphaCode":"AFN","numericCode":"971","name":"Afghan afghani","rate":0.085529596453966,"date":"Wed, 26 Oct 2022 11:55:01 GMT","inverseRate":11.691859209674},"nad":{"code":"NAD","alphaCode":"NAD","numericCode":"516","name":"Namibian dollar","rate":0.017588302316749,"date":"Wed, 26 Oct 2022 11:55:01 GMT","inverseRate":56.855970632691},"syp":{"code":"SYP","alphaCode":"SYP","numericCode":"760","name":"Syrian pound","rate":2.4373684210527,"date":"Wed, 26 Oct 2022 11:55:01 GMT","inverseRate":0.41027855754696},"lak":{"code":"LAK","alphaCode":"LAK","numericCode":"418","name":"Lao kip","rate":16.84,"date":"Wed, 26 Oct 2022 11:55:01 GMT","inverseRate":0.059382422802851},"gtq":{"code":"GTQ","alphaCode":"GTQ","numericCode":"320","name":"Guatemalan Quetzal","rate":0.007633097082578,"date":"Wed, 26 Oct 2022 11:55:01 GMT","inverseRate":131.00842150723},"pkr":{"code":"PKR","alphaCode":"PKR","numericCode":"586","name":"Pakistani Rupee","rate":0.21461866038385,"date":"Wed, 26 Oct 2022 11:55:01 GMT","inverseRate":4.6594270890121},"bgn":{"code":"BGN","alphaCode":"BGN","numericCode":"975","name":"Bulgarian Lev","rate":0.0019176050655548,"date":"Wed, 26 Oct 2022 11:55:01 GMT","inverseRate":521.48381226282},"pen":{"code":"PEN","alphaCode":"PEN","numericCode":"604","name":"Peruvian Nuevo Sol","rate":0.0038941388162278,"date":"Wed, 26 Oct 2022 11:55:01 GMT","inverseRate":256.79618708834},"tmt":{"code":"TMT","alphaCode":"TMT","numericCode":"934","name":"New Turkmenistan Manat","rate":0.0034053622530594,"date":"Wed, 26 Oct 2022 11:55:01 GMT","inverseRate":293.65451475878},"svc":{"code":"SVC","alphaCode":"SVC","numericCode":"222","name":"Salvadoran colon","rate":0.0085238358181484,"date":"Wed, 26 Oct 2022 11:55:01 GMT","inverseRate":117.31807385014},"xcd":{"code":"XCD","alphaCode":"XCD","numericCode":"951","name":"East Caribbean Dollar","rate":0.0026394984326019,"date":"Wed, 26 Oct 2022 11:55:01 GMT","inverseRate":378.85985748218},"aoa":{"code":"AOA","alphaCode":"AOA","numericCode":"973","name":"Angolan kwanza","rate":0.43280373831777,"date":"Wed, 26 Oct 2022 11:55:01 GMT","inverseRate":2.3105160872381},"mvr":{"code":"MVR","alphaCode":"MVR","numericCode":"462","name":"Maldivian rufiyaa","rate":0.015050373740657,"date":"Wed, 26 Oct 2022 11:55:01 GMT","inverseRate":66.443532714316},"sar":{"code":"SAR","alphaCode":"SAR","numericCode":"682","name":"Saudi Riyal","rate":0.0036621521457601,"date":"Wed, 26 Oct 2022 11:55:01 GMT","inverseRate":273.06347748489},"pln":{"code":"PLN","alphaCode":"PLN","numericCode":"985","name":"Polish Zloty","rate":0.0046787452474957,"date":"Wed, 26 Oct 2022 11:55:01 GMT","inverseRate":213.73251739561},"gip":{"code":"GIP","alphaCode":"GIP","numericCode":"292","name":"Gibraltar pound","rate":0.00085129873384061,"date":"Wed, 26 Oct 2022 11:55:01 GMT","inverseRate":1174.6757750814},"gel":{"code":"GEL","alphaCode":"GEL","numericCode":"981","name":"Georgian lari","rate":0.0027237948181105,"date":"Wed, 26 Oct 2022 11:55:01 GMT","inverseRate":367.13484927389},"mkd":{"code":"MKD","alphaCode":"MKD","numericCode":"807","name":"Macedonian denar","rate":0.059815039652812,"date":"Wed, 26 Oct 2022 11:55:01 GMT","inverseRate":16.71820341179},"awg":{"code":"AWG","alphaCode":"AWG","numericCode":"533","name":"Aruban florin","rate":0.001762243616576,"date":"Wed, 26 Oct 2022 11:55:01 GMT","inverseRate":567.45843230402},"hnl":{"code":"HNL","alphaCode":"HNL","numericCode":"340","name":"Honduran Lempira","rate":0.024069646569647,"date":"Wed, 26 Oct 2022 11:55:01 GMT","inverseRate":41.546102353703},"kes":{"code":"KES","alphaCode":"KES","numericCode":"404","name":"Kenyan shilling","rate":0.11809557810986,"date":"Wed, 26 Oct 2022 11:55:01 GMT","inverseRate":8.4677175556034},"bhd":{"code":"BHD","alphaCode":"BHD","numericCode":"048","name":"Bahrain Dinar","rate":0.00036651845378289,"date":"Wed, 26 Oct 2022 11:55:01 GMT","inverseRate":2728.375582945},"egp":{"code":"EGP","alphaCode":"EGP","numericCode":"818","name":"Egyptian Pound","rate":0.019190774209527,"date":"Wed, 26 Oct 2022 11:55:01 GMT","inverseRate":52.108371922982},"hrk":{"code":"HRK","alphaCode":"HRK","numericCode":"191","name":"Croatian Kuna","rate":0.0073840910131002,"date":"Wed, 26 Oct 2022 11:55:01 GMT","inverseRate":135.42628310321},"mro":{"code":"MRO","alphaCode":"MRO","numericCode":"478","name":"Mauritanian Ouguiya","rate":0.036945892826289,"date":"Wed, 26 Oct 2022 11:55:01 GMT","inverseRate":27.066608044953},"cop":{"code":"COP","alphaCode":"COP","numericCode":"170","name":"Colombian Peso","rate":4.8433728373874,"date":"Wed, 26 Oct 2022 11:55:01 GMT","inverseRate":0.20646768968119},"bbd":{"code":"BBD","alphaCode":"BBD","numericCode":"052","name":"Barbadian Dollar","rate":0.0019657865693183,"date":"Wed, 26 Oct 2022 11:55:01 GMT","inverseRate":508.70222414164},"djf":{"code":"DJF","alphaCode":"DJF","numericCode":"262","name":"Djiboutian franc","rate":0.17332235487855,"date":"Wed, 26 Oct 2022 11:55:01 GMT","inverseRate":5.7695961995248},"mzn":{"code":"MZN","alphaCode":"MZN","numericCode":"943","name":"Mozambican metical","rate":0.062412398921834,"date":"Wed, 26 Oct 2022 11:55:01 GMT","inverseRate":16.022457352623},"ugx":{"code":"UGX","alphaCode":"UGX","numericCode":"800","name":"Ugandan shilling","rate":3.7137129109864,"date":"Wed, 26 Oct 2022 11:55:01 GMT","inverseRate":0.26927229540056},"hkd":{"code":"HKD","alphaCode":"HKD","numericCode":"344","name":"Hong Kong Dollar","rate":0.0076471517424792,"date":"Wed, 26 Oct 2022 11:55:01 GMT","inverseRate":130.76764181951},"mad":{"code":"MAD","alphaCode":"MAD","numericCode":"504","name":"Moroccan Dirham","rate":0.010629595732255,"date":"Wed, 26 Oct 2022 11:55:01 GMT","inverseRate":94.076955059123},"myr":{"code":"MYR","alphaCode":"MYR","numericCode":"458","name":"Malaysian Ringgit","rate":0.004605061920536,"date":"Wed, 26 Oct 2022 11:55:01 GMT","inverseRate":217.15234610431},"mdl":{"code":"MDL","alphaCode":"MDL","numericCode":"498","name":"Moldova Lei","rate":0.018610797783825,"date":"Wed, 26 Oct 2022 11:55:01 GMT","inverseRate":53.732247892625},"pab":{"code":"PAB","alphaCode":"PAB","numericCode":"590","name":"Panamanian Balboa","rate":0.00097416803399387,"date":"Wed, 26 Oct 2022 11:55:01 GMT","inverseRate":1026.5169509825},"fjd":{"code":"FJD","alphaCode":"FJD","numericCode":"242","name":"Fiji Dollar","rate":0.0022241967244609,"date":"Wed, 26 Oct 2022 11:55:01 GMT","inverseRate":449.60051824659},"cdf":{"code":"CDF","alphaCode":"CDF","numericCode":"976","name":"Congolese franc","rate":2.0004319654428,"date":"Wed, 26 Oct 2022 11:55:01 GMT","inverseRate":0.49989203195852},"top":{"code":"TOP","alphaCode":"TOP","numericCode":"776","name":"Tongan pa\u02bbanga","rate":0.0023192107371795,"date":"Wed, 26 Oct 2022 11:55:01 GMT","inverseRate":431.18117037356},"vuv":{"code":"VUV","alphaCode":"VUV","numericCode":"548","name":"Vanuatu vatu","rate":0.11824332950338,"date":"Wed, 26 Oct 2022 11:55:01 GMT","inverseRate":8.4571366875406},"kwd":{"code":"KWD","alphaCode":"KWD","numericCode":"414","name":"Kuwaiti Dinar","rate":0.00030191946725052,"date":"Wed, 26 Oct 2022 11:55:01 GMT","inverseRate":3312.1415094783},"thb":{"code":"THB","alphaCode":"THB","numericCode":"764","name":"Thai Baht","rate":0.037048038387018,"date":"Wed, 26 Oct 2022 11:55:01 GMT","inverseRate":26.991982397384},"xof":{"code":"XOF","alphaCode":"XOF","numericCode":"952","name":"West African CFA Franc","rate":0.64952445655736,"date":"Wed, 26 Oct 2022 11:55:01 GMT","inverseRate":1.5395879091301},"irr":{"code":"IRR","alphaCode":"IRR","numericCode":"364","name":"Iranian rial","rate":40.948701533527,"date":"Wed, 26 Oct 2022 11:55:01 GMT","inverseRate":0.024420798768948},"bob":{"code":"BOB","alphaCode":"BOB","numericCode":"068","name":"Bolivian Boliviano","rate":0.0067123382695411,"date":"Wed, 26 Oct 2022 11:55:01 GMT","inverseRate":148.97938093164},"lrd":{"code":"LRD","alphaCode":"LRD","numericCode":"430","name":"Liberian dollar","rate":0.14938709677419,"date":"Wed, 26 Oct 2022 11:55:01 GMT","inverseRate":6.6940185705033},"sdg":{"code":"SDG","alphaCode":"SDG","numericCode":"938","name":"Sudanese pound","rate":0.55130952380954,"date":"Wed, 26 Oct 2022 11:55:01 GMT","inverseRate":1.8138630965234},"pgk":{"code":"PGK","alphaCode":"PGK","numericCode":"598","name":"Papua New Guinean kina","rate":0.0034306244907031,"date":"Wed, 26 Oct 2022 11:55:01 GMT","inverseRate":291.49211833297},"bwp":{"code":"BWP","alphaCode":"BWP","numericCode":"072","name":"Botswana Pula","rate":0.012964725643897,"date":"Wed, 26 Oct 2022 11:55:01 GMT","inverseRate":77.132368818828},"omr":{"code":"OMR","alphaCode":"OMR","numericCode":"512","name":"Omani Rial","rate":0.00037506468469209,"date":"Wed, 26 Oct 2022 11:55:01 GMT","inverseRate":2666.2067659634},"ils":{"code":"ILS","alphaCode":"ILS","numericCode":"376","name":"Israeli New Sheqel","rate":0.0034476850466116,"date":"Wed, 26 Oct 2022 11:55:01 GMT","inverseRate":290.04969609472},"ngn":{"code":"NGN","alphaCode":"NGN","numericCode":"566","name":"Nigerian Naira","rate":0.42576508172719,"date":"Wed, 26 Oct 2022 11:55:01 GMT","inverseRate":2.3487130413404},"uzs":{"code":"UZS","alphaCode":"UZS","numericCode":"860","name":"Uzbekistan Sum","rate":10.787447843812,"date":"Wed, 26 Oct 2022 11:55:01 GMT","inverseRate":0.092700332319437},"etb":{"code":"ETB","alphaCode":"ETB","numericCode":"230","name":"Ethiopian birr","rate":0.051570155902003,"date":"Wed, 26 Oct 2022 11:55:01 GMT","inverseRate":19.391060246168},"ttd":{"code":"TTD","alphaCode":"TTD","numericCode":"780","name":"Trinidad Tobago Dollar","rate":0.0066053344743974,"date":"Wed, 26 Oct 2022 11:55:01 GMT","inverseRate":151.39278773483},"zmw":{"code":"ZMW","alphaCode":"ZMW","numericCode":"967","name":"Zambian kwacha","rate":0.015650557620818,"date":"Wed, 26 Oct 2022 11:55:01 GMT","inverseRate":63.895486935866},"khr":{"code":"KHR","alphaCode":"KHR","numericCode":"116","name":"Cambodian riel","rate":4.0304612706702,"date":"Wed, 26 Oct 2022 11:55:01 GMT","inverseRate":0.24811055927445},"sek":{"code":"SEK","alphaCode":"SEK","numericCode":"752","name":"Swedish Krona","rate":0.010745890415046,"date":"Wed, 26 Oct 2022 11:55:01 GMT","inverseRate":93.058830992716},"sgd":{"code":"SGD","alphaCode":"SGD","numericCode":"702","name":"Singapore Dollar","rate":0.0013806697930736,"date":"Wed, 26 Oct 2022 11:55:01 GMT","inverseRate":724.28614359257},"huf":{"code":"HUF","alphaCode":"HUF","numericCode":"348","name":"Hungarian Forint","rate":0.40384723272025,"date":"Wed, 26 Oct 2022 11:55:01 GMT","inverseRate":2.4761838610708},"byn":{"code":"BYN","alphaCode":"BYN","numericCode":"933","name":"Belarussian Ruble","rate":0.0029086238501831,"date":"Wed, 26 Oct 2022 11:55:01 GMT","inverseRate":343.80519844017},"tjs":{"code":"TJS","alphaCode":"TJS","numericCode":"972","name":"Tajikistan Ruble","rate":0.0098837758947119,"date":"Wed, 26 Oct 2022 11:55:01 GMT","inverseRate":101.17590793768},"gmd":{"code":"GMD","alphaCode":"GMD","numericCode":"270","name":"Gambian dalasi","rate":0.058324937027708,"date":"Wed, 26 Oct 2022 11:55:01 GMT","inverseRate":17.145324983805},"cve":{"code":"CVE","alphaCode":"CVE","numericCode":"132","name":"Cape Verde escudo","rate":0.10744779582367,"date":"Wed, 26 Oct 2022 11:55:01 GMT","inverseRate":9.3068451738285},"all":{"code":"ALL","alphaCode":"ALL","numericCode":"008","name":"Albanian lek","rate":0.11434567901235,"date":"Wed, 26 Oct 2022 11:55:01 GMT","inverseRate":8.7454113582377},"scr":{"code":"SCR","alphaCode":"SCR","numericCode":"690","name":"Seychelles rupee","rate":0.012673782156541,"date":"Wed, 26 Oct 2022 11:55:01 GMT","inverseRate":78.903044698767},"dop":{"code":"DOP","alphaCode":"DOP","numericCode":"214","name":"Dominican Peso","rate":0.052331484382906,"date":"Wed, 26 Oct 2022 11:55:01 GMT","inverseRate":19.108955379195},"cny":{"code":"CNY","alphaCode":"CNY","numericCode":"156","name":"Chinese Yuan","rate":0.0070883503396331,"date":"Wed, 26 Oct 2022 11:55:01 GMT","inverseRate":141.0765484331},"isk":{"code":"ISK","alphaCode":"ISK","numericCode":"352","name":"Icelandic Krona","rate":0.14097983637432,"date":"Wed, 26 Oct 2022 11:55:01 GMT","inverseRate":7.0932129424868},"lyd":{"code":"LYD","alphaCode":"LYD","numericCode":"434","name":"Libyan Dinar","rate":0.0048745499458227,"date":"Wed, 26 Oct 2022 11:55:01 GMT","inverseRate":205.14714406752},"clp":{"code":"CLP","alphaCode":"CLP","numericCode":"152","name":"Chilean Peso","rate":0.9405978720744,"date":"Wed, 26 Oct 2022 11:55:01 GMT","inverseRate":1.0631535852772},"bsd":{"code":"BSD","alphaCode":"BSD","numericCode":"044","name":"Bahamian Dollar","rate":0.00097416803399387,"date":"Wed, 26 Oct 2022 11:55:01 GMT","inverseRate":1026.5169509825},"xpf":{"code":"XPF","alphaCode":"XPF","numericCode":"953","name":"CFP Franc","rate":0.11638017691999,"date":"Wed, 26 Oct 2022 11:55:01 GMT","inverseRate":8.5925286115307}}