{"usd":{"code":"USD","alphaCode":"USD","numericCode":"840","name":"U.S. Dollar","rate":0.02704686746061,"date":"Wed, 26 Oct 2022 11:55:01 GMT","inverseRate":36.972858370988},"eur":{"code":"EUR","alphaCode":"EUR","numericCode":"978","name":"Euro","rate":0.027028318036985,"date":"Wed, 26 Oct 2022 11:55:01 GMT","inverseRate":36.998232691787},"gbp":{"code":"GBP","alphaCode":"GBP","numericCode":"826","name":"U.K. Pound Sterling","rate":0.023427376269764,"date":"Wed, 26 Oct 2022 11:55:01 GMT","inverseRate":42.685104319199},"cad":{"code":"CAD","alphaCode":"CAD","numericCode":"124","name":"Canadian Dollar","rate":0.036840589412173,"date":"Wed, 26 Oct 2022 11:55:01 GMT","inverseRate":27.14397396882},"jpy":{"code":"JPY","alphaCode":"JPY","numericCode":"392","name":"Japanese Yen","rate":3.9871962194337,"date":"Wed, 26 Oct 2022 11:55:01 GMT","inverseRate":0.25080280602344},"aud":{"code":"AUD","alphaCode":"AUD","numericCode":"036","name":"Australian Dollar","rate":0.042299897905375,"date":"Wed, 26 Oct 2022 11:55:01 GMT","inverseRate":23.640718997407},"chf":{"code":"CHF","alphaCode":"CHF","numericCode":"756","name":"Swiss Franc","rate":0.026762806189716,"date":"Wed, 26 Oct 2022 11:55:01 GMT","inverseRate":37.365289458483},"lsl":{"code":"LSL","alphaCode":"LSL","numericCode":"426","name":"Lesotho loti","rate":0.48832282010728,"date":"Wed, 26 Oct 2022 11:55:01 GMT","inverseRate":2.0478256571755},"tzs":{"code":"TZS","alphaCode":"TZS","numericCode":"834","name":"Tanzanian shilling","rate":63.027156144239,"date":"Wed, 26 Oct 2022 11:55:01 GMT","inverseRate":0.015866176758975},"ang":{"code":"ANG","alphaCode":"ANG","numericCode":"532","name":"Neth. Antillean Guilder","rate":0.048444099761715,"date":"Wed, 26 Oct 2022 11:55:01 GMT","inverseRate":20.64234870539},"lbp":{"code":"LBP","alphaCode":"LBP","numericCode":"422","name":"Lebanese Pound","rate":40.856063882359,"date":"Wed, 26 Oct 2022 11:55:01 GMT","inverseRate":0.024476170853839},"mxn":{"code":"MXN","alphaCode":"MXN","numericCode":"484","name":"Mexican Peso","rate":0.53759317825353,"date":"Wed, 26 Oct 2022 11:55:01 GMT","inverseRate":1.8601426514538},"kzt":{"code":"KZT","alphaCode":"KZT","numericCode":"398","name":"Kazakhstani Tenge","rate":12.787952656188,"date":"Wed, 26 Oct 2022 11:55:01 GMT","inverseRate":0.078198600423822},"htg":{"code":"HTG","alphaCode":"HTG","numericCode":"332","name":"Haitian gourde","rate":3.3792644432533,"date":"Wed, 26 Oct 2022 11:55:01 GMT","inverseRate":0.29592238689591},"bnd":{"code":"BND","alphaCode":"BND","numericCode":"096","name":"Brunei Dollar","rate":0.038079490162667,"date":"Wed, 26 Oct 2022 11:55:01 GMT","inverseRate":26.260855797392},"kmf":{"code":"KMF","alphaCode":"KMF","numericCode":"174","name":"\tComoro franc","rate":13.463392516675,"date":"Wed, 26 Oct 2022 11:55:01 GMT","inverseRate":0.074275484337356},"mru":{"code":"MRU","alphaCode":"MRU","numericCode":"929","name":"Mauritanian ouguiya","rate":1.0261404511911,"date":"Wed, 26 Oct 2022 11:55:01 GMT","inverseRate":0.97452546465664},"mnt":{"code":"MNT","alphaCode":"MNT","numericCode":"496","name":"Mongolian togrog","rate":91.839570381603,"date":"Wed, 26 Oct 2022 11:55:01 GMT","inverseRate":0.010888552677728},"jod":{"code":"JOD","alphaCode":"JOD","numericCode":"400","name":"Jordanian Dinar","rate":0.019175499118047,"date":"Wed, 26 Oct 2022 11:55:01 GMT","inverseRate":52.149881150101},"php":{"code":"PHP","alphaCode":"PHP","numericCode":"608","name":"Philippine Peso","rate":1.58994455294,"date":"Wed, 26 Oct 2022 11:55:01 GMT","inverseRate":0.62895275067983},"xaf":{"code":"XAF","alphaCode":"XAF","numericCode":"950","name":"Central African CFA Franc","rate":18.044730964374,"date":"Wed, 26 Oct 2022 11:55:01 GMT","inverseRate":0.055417839255921},"amd":{"code":"AMD","alphaCode":"AMD","numericCode":"051","name":"Armenia Dram","rate":10.936672205738,"date":"Wed, 26 Oct 2022 11:55:01 GMT","inverseRate":0.091435491636597},"uyu":{"code":"UYU","alphaCode":"UYU","numericCode":"858","name":"Uruguayan Peso","rate":1.1133987792717,"date":"Wed, 26 Oct 2022 11:55:01 GMT","inverseRate":0.89815079611825},"jmd":{"code":"JMD","alphaCode":"JMD","numericCode":"388","name":"Jamaican Dollar","rate":4.1475935011046,"date":"Wed, 26 Oct 2022 11:55:01 GMT","inverseRate":0.24110366643541},"ssp":{"code":"SSP","alphaCode":"SSP","numericCode":"728","name":"South Sudanese pound","rate":16.488253210342,"date":"Wed, 26 Oct 2022 11:55:01 GMT","inverseRate":0.060649238414943},"ghs":{"code":"GHS","alphaCode":"GHS","numericCode":"936","name":"Ghanaian Cedi","rate":0.37916661319449,"date":"Wed, 26 Oct 2022 11:55:01 GMT","inverseRate":2.6373630092981},"cup":{"code":"CUP","alphaCode":"CUP","numericCode":"192","name":"Cuban peso","rate":0.02704686746061,"date":"Wed, 26 Oct 2022 11:55:01 GMT","inverseRate":36.972858370988},"nzd":{"code":"NZD","alphaCode":"NZD","numericCode":"554","name":"New Zealand Dollar","rate":0.047074857178871,"date":"Wed, 26 Oct 2022 11:55:01 GMT","inverseRate":21.242762271169},"try":{"code":"TRY","alphaCode":"TRY","numericCode":"949","name":"Turkish Lira","rate":0.50307095590083,"date":"Wed, 26 Oct 2022 11:55:01 GMT","inverseRate":1.9877911620029},"vnd":{"code":"VND","alphaCode":"VND","numericCode":"704","name":"Vietnamese Dong","rate":671.45298513447,"date":"Wed, 26 Oct 2022 11:55:01 GMT","inverseRate":0.0014893075496563},"kgs":{"code":"KGS","alphaCode":"KGS","numericCode":"417","name":"Kyrgyzstan Som","rate":2.2023114443461,"date":"Wed, 26 Oct 2022 11:55:01 GMT","inverseRate":0.45406838463617},"mga":{"code":"MGA","alphaCode":"MGA","numericCode":"969","name":"Malagasy ariary","rate":115.52147217812,"date":"Wed, 26 Oct 2022 11:55:01 GMT","inverseRate":0.0086563993787937},"srd":{"code":"SRD","alphaCode":"SRD","numericCode":"968","name":"Surinamese dollar","rate":0.79269666174011,"date":"Wed, 26 Oct 2022 11:55:01 GMT","inverseRate":1.2615166030911},"mwk":{"code":"MWK","alphaCode":"MWK","numericCode":"454","name":"Malawian kwacha","rate":27.764067919293,"date":"Wed, 26 Oct 2022 11:55:01 GMT","inverseRate":0.036017776750399},"yer":{"code":"YER","alphaCode":"YER","numericCode":"886","name":"Yemeni rial","rate":6.7624992654629,"date":"Wed, 26 Oct 2022 11:55:01 GMT","inverseRate":0.14787432290117},"nok":{"code":"NOK","alphaCode":"NOK","numericCode":"578","name":"Norwegian Krone","rate":0.28222342542306,"date":"Wed, 26 Oct 2022 11:55:01 GMT","inverseRate":3.5432919804618},"qar":{"code":"QAR","alphaCode":"QAR","numericCode":"634","name":"Qatari Rial","rate":0.099445879295173,"date":"Wed, 26 Oct 2022 11:55:01 GMT","inverseRate":10.055720831145},"czk":{"code":"CZK","alphaCode":"CZK","numericCode":"203","name":"Czech Koruna","rate":0.66712068569945,"date":"Wed, 26 Oct 2022 11:55:01 GMT","inverseRate":1.4989791524026},"rub":{"code":"RUB","alphaCode":"RUB","numericCode":"643","name":"Russian Rouble","rate":1.7365156315128,"date":"Wed, 26 Oct 2022 11:55:01 GMT","inverseRate":0.5758658211034},"rsd":{"code":"RSD","alphaCode":"RSD","numericCode":"941","name":"Serbian Dinar","rate":3.1719202114669,"date":"Wed, 26 Oct 2022 11:55:01 GMT","inverseRate":0.31526644219639},"nio":{"code":"NIO","alphaCode":"NIO","numericCode":"558","name":"Nicaraguan C\u00f3rdoba","rate":0.9733186868603,"date":"Wed, 26 Oct 2022 11:55:01 GMT","inverseRate":1.0274127205199},"sbd":{"code":"SBD","alphaCode":"SBD","numericCode":"090","name":"Solomon Islands dollar","rate":0.22091992875299,"date":"Wed, 26 Oct 2022 11:55:01 GMT","inverseRate":4.5265268988842},"mmk":{"code":"MMK","alphaCode":"MMK","numericCode":"104","name":"Myanma Kyat","rate":56.766180368321,"date":"Wed, 26 Oct 2022 11:55:01 GMT","inverseRate":0.017616122725038},"mur":{"code":"MUR","alphaCode":"MUR","numericCode":"480","name":"Mauritian Rupee","rate":1.1905129493912,"date":"Wed, 26 Oct 2022 11:55:01 GMT","inverseRate":0.83997406371044},"ves":{"code":"VES","alphaCode":"VES","numericCode":"928","name":"Venezuelan Bolivar","rate":0.2254270563397,"date":"Wed, 26 Oct 2022 11:55:01 GMT","inverseRate":4.4360247444879},"bdt":{"code":"BDT","alphaCode":"BDT","numericCode":"050","name":"Bangladeshi taka","rate":2.7466970914677,"date":"Wed, 26 Oct 2022 11:55:01 GMT","inverseRate":0.36407363706263},"ron":{"code":"RON","alphaCode":"RON","numericCode":"946","name":"Romanian New Leu","rate":0.13319445499206,"date":"Wed, 26 Oct 2022 11:55:01 GMT","inverseRate":7.5078200519653},"dzd":{"code":"DZD","alphaCode":"DZD","numericCode":"012","name":"Algerian Dinar","rate":3.7961344116503,"date":"Wed, 26 Oct 2022 11:55:01 GMT","inverseRate":0.26342586735891},"ars":{"code":"ARS","alphaCode":"ARS","numericCode":"032","name":"Argentine Peso","rate":4.1910500071031,"date":"Wed, 26 Oct 2022 11:55:01 GMT","inverseRate":0.23860369079471},"stn":{"code":"STN","alphaCode":"STN","numericCode":"930","name":"S\u00e3o Tom\u00e9 and Pr\u00edncipe Dobra","rate":0.66688484716931,"date":"Wed, 26 Oct 2022 11:55:01 GMT","inverseRate":1.4995092544757},"bif":{"code":"BIF","alphaCode":"BIF","numericCode":"108","name":"Burundian franc","rate":55.878052383419,"date":"Wed, 26 Oct 2022 11:55:01 GMT","inverseRate":0.017896114079608},"szl":{"code":"SZL","alphaCode":"SZL","numericCode":"748","name":"Swazi lilangeni","rate":0.48832282010728,"date":"Wed, 26 Oct 2022 11:55:01 GMT","inverseRate":2.0478256571755},"sos":{"code":"SOS","alphaCode":"SOS","numericCode":"706","name":"Somali shilling","rate":15.366965284361,"date":"Wed, 26 Oct 2022 11:55:01 GMT","inverseRate":0.065074657324677},"aed":{"code":"AED","alphaCode":"AED","numericCode":"784","name":"U.A.E Dirham","rate":0.099341955350458,"date":"Wed, 26 Oct 2022 11:55:01 GMT","inverseRate":10.066240356073},"idr":{"code":"IDR","alphaCode":"IDR","numericCode":"360","name":"Indonesian Rupiah","rate":422.41501381587,"date":"Wed, 26 Oct 2022 11:55:01 GMT","inverseRate":0.0023673400975182},"krw":{"code":"KRW","alphaCode":"KRW","numericCode":"410","name":"South Korean Won","rate":38.618434213112,"date":"Wed, 26 Oct 2022 11:55:01 GMT","inverseRate":0.025894369369861},"crc":{"code":"CRC","alphaCode":"CRC","numericCode":"188","name":"Costa Rican Col\u00f3n","rate":16.882286271517,"date":"Wed, 26 Oct 2022 11:55:01 GMT","inverseRate":0.059233683395546},"bzd":{"code":"BZD","alphaCode":"BZD","numericCode":"084","name":"Belize dollar","rate":0.054485718507605,"date":"Wed, 26 Oct 2022 11:55:01 GMT","inverseRate":18.353433292073},"gnf":{"code":"GNF","alphaCode":"GNF","numericCode":"324","name":"Guinean franc","rate":232.92644662002,"date":"Wed, 26 Oct 2022 11:55:01 GMT","inverseRate":0.0042932007700755},"ern":{"code":"ERN","alphaCode":"ERN","numericCode":"232","name":"Eritrean nakfa","rate":0.40752899693899,"date":"Wed, 26 Oct 2022 11:55:01 GMT","inverseRate":2.4538131213022},"wst":{"code":"WST","alphaCode":"WST","numericCode":"882","name":"Samoan tala","rate":0.075570352964762,"date":"Wed, 26 Oct 2022 11:55:01 GMT","inverseRate":13.23270251849},"brl":{"code":"BRL","alphaCode":"BRL","numericCode":"986","name":"Brazilian Real","rate":0.14365337724755,"date":"Wed, 26 Oct 2022 11:55:01 GMT","inverseRate":6.9612007678509},"inr":{"code":"INR","alphaCode":"INR","numericCode":"356","name":"Indian Rupee","rate":2.2322201502955,"date":"Wed, 26 Oct 2022 11:55:01 GMT","inverseRate":0.44798448749225},"npr":{"code":"NPR","alphaCode":"NPR","numericCode":"524","name":"Nepalese Rupee","rate":3.5801371012953,"date":"Wed, 26 Oct 2022 11:55:01 GMT","inverseRate":0.27931891201547},"zar":{"code":"ZAR","alphaCode":"ZAR","numericCode":"710","name":"South African Rand","rate":0.49476882665137,"date":"Wed, 26 Oct 2022 11:55:01 GMT","inverseRate":2.0211459294396},"azn":{"code":"AZN","alphaCode":"AZN","numericCode":"944","name":"Azerbaijan Manat","rate":0.045900835377374,"date":"Wed, 26 Oct 2022 11:55:01 GMT","inverseRate":21.786095869029},"pyg":{"code":"PYG","alphaCode":"PYG","numericCode":"600","name":"Paraguayan Guaran\u00ed","rate":195.50380612822,"date":"Wed, 26 Oct 2022 11:55:01 GMT","inverseRate":0.0051149899319309},"gyd":{"code":"GYD","alphaCode":"GYD","numericCode":"328","name":"Guyanese dollar","rate":5.6551459594584,"date":"Wed, 26 Oct 2022 11:55:01 GMT","inverseRate":0.1768300954863},"rwf":{"code":"RWF","alphaCode":"RWF","numericCode":"646","name":"Rwandan franc","rate":28.835029947129,"date":"Wed, 26 Oct 2022 11:55:01 GMT","inverseRate":0.034680040278563},"mop":{"code":"MOP","alphaCode":"MOP","numericCode":"446","name":"Macanese pataca","rate":0.21866564376572,"date":"Wed, 26 Oct 2022 11:55:01 GMT","inverseRate":4.5731921246459},"bam":{"code":"BAM","alphaCode":"BAM","numericCode":"977","name":"Bosnia and Herzegovina convertible mark","rate":0.05284210033464,"date":"Wed, 26 Oct 2022 11:55:01 GMT","inverseRate":18.924304553891},"dkk":{"code":"DKK","alphaCode":"DKK","numericCode":"208","name":"Danish Krone","rate":0.20268456801659,"date":"Wed, 26 Oct 2022 11:55:01 GMT","inverseRate":4.9337747307833},"lkr":{"code":"LKR","alphaCode":"LKR","numericCode":"144","name":"Sri Lanka Rupee","rate":9.8918966626014,"date":"Wed, 26 Oct 2022 11:55:01 GMT","inverseRate":0.10109284741932},"tnd":{"code":"TND","alphaCode":"TND","numericCode":"788","name":"Tunisian Dinar","rate":0.087605264228218,"date":"Wed, 26 Oct 2022 11:55:01 GMT","inverseRate":11.414839151617},"twd":{"code":"TWD","alphaCode":"TWD","numericCode":"901","name":"New Taiwan Dollar ","rate":0.87256700026344,"date":"Wed, 26 Oct 2022 11:55:01 GMT","inverseRate":1.1460437991559},"iqd":{"code":"IQD","alphaCode":"IQD","numericCode":"368","name":"Iraqi dinar","rate":39.470406580085,"date":"Wed, 26 Oct 2022 11:55:01 GMT","inverseRate":0.02533543701839},"afn":{"code":"AFN","alphaCode":"AFN","numericCode":"971","name":"Afghan afghani","rate":2.3746495250576,"date":"Wed, 26 Oct 2022 11:55:01 GMT","inverseRate":0.42111477481113},"nad":{"code":"NAD","alphaCode":"NAD","numericCode":"516","name":"Namibian dollar","rate":0.48832282010728,"date":"Wed, 26 Oct 2022 11:55:01 GMT","inverseRate":2.0478256571755},"syp":{"code":"SYP","alphaCode":"SYP","numericCode":"760","name":"Syrian pound","rate":67.671262386445,"date":"Wed, 26 Oct 2022 11:55:01 GMT","inverseRate":0.014777321491202},"lak":{"code":"LAK","alphaCode":"LAK","numericCode":"418","name":"Lao kip","rate":467.54690376088,"date":"Wed, 26 Oct 2022 11:55:01 GMT","inverseRate":0.0021388228474109},"gtq":{"code":"GTQ","alphaCode":"GTQ","numericCode":"320","name":"Guatemalan Quetzal","rate":0.21192582583525,"date":"Wed, 26 Oct 2022 11:55:01 GMT","inverseRate":4.7186320782696},"pkr":{"code":"PKR","alphaCode":"PKR","numericCode":"586","name":"Pakistani Rupee","rate":5.9586870636449,"date":"Wed, 26 Oct 2022 11:55:01 GMT","inverseRate":0.1678222046768},"bgn":{"code":"BGN","alphaCode":"BGN","numericCode":"975","name":"Bulgarian Lev","rate":0.053240517282443,"date":"Wed, 26 Oct 2022 11:55:01 GMT","inverseRate":18.782687529029},"pen":{"code":"PEN","alphaCode":"PEN","numericCode":"604","name":"Peruvian Nuevo Sol","rate":0.1081171345809,"date":"Wed, 26 Oct 2022 11:55:01 GMT","inverseRate":9.2492277369014},"tmt":{"code":"TMT","alphaCode":"TMT","numericCode":"934","name":"New Turkmenistan Manat","rate":0.094546708883736,"date":"Wed, 26 Oct 2022 11:55:01 GMT","inverseRate":10.576782754328},"svc":{"code":"SVC","alphaCode":"SVC","numericCode":"222","name":"Salvadoran colon","rate":0.23665635658797,"date":"Wed, 26 Oct 2022 11:55:01 GMT","inverseRate":4.2255361927212},"xcd":{"code":"XCD","alphaCode":"XCD","numericCode":"951","name":"East Caribbean Dollar","rate":0.073283213755626,"date":"Wed, 26 Oct 2022 11:55:01 GMT","inverseRate":13.645689766481},"aoa":{"code":"AOA","alphaCode":"AOA","numericCode":"973","name":"Angolan kwanza","rate":12.016392386378,"date":"Wed, 26 Oct 2022 11:55:01 GMT","inverseRate":0.083219652608349},"mvr":{"code":"MVR","alphaCode":"MVR","numericCode":"462","name":"Maldivian rufiyaa","rate":0.41785959874633,"date":"Wed, 26 Oct 2022 11:55:01 GMT","inverseRate":2.3931483278121},"sar":{"code":"SAR","alphaCode":"SAR","numericCode":"682","name":"Saudi Riyal","rate":0.10167624090567,"date":"Wed, 26 Oct 2022 11:55:01 GMT","inverseRate":9.8351393707383},"pln":{"code":"PLN","alphaCode":"PLN","numericCode":"985","name":"Polish Zloty","rate":0.12990100082854,"date":"Wed, 26 Oct 2022 11:55:01 GMT","inverseRate":7.6981700958559},"gip":{"code":"GIP","alphaCode":"GIP","numericCode":"292","name":"Gibraltar pound","rate":0.023635515865959,"date":"Wed, 26 Oct 2022 11:55:01 GMT","inverseRate":42.309209820982},"gel":{"code":"GEL","alphaCode":"GEL","numericCode":"981","name":"Georgian lari","rate":0.075623624328237,"date":"Wed, 26 Oct 2022 11:55:01 GMT","inverseRate":13.223381038438},"mkd":{"code":"MKD","alphaCode":"MKD","numericCode":"807","name":"Macedonian denar","rate":1.6607088235159,"date":"Wed, 26 Oct 2022 11:55:01 GMT","inverseRate":0.60215251815361},"awg":{"code":"AWG","alphaCode":"AWG","numericCode":"533","name":"Aruban florin","rate":0.048927051460957,"date":"Wed, 26 Oct 2022 11:55:01 GMT","inverseRate":20.438591129858},"hnl":{"code":"HNL","alphaCode":"HNL","numericCode":"340","name":"Honduran Lempira","rate":0.66827130215304,"date":"Wed, 26 Oct 2022 11:55:01 GMT","inverseRate":1.4963982394249},"kes":{"code":"KES","alphaCode":"KES","numericCode":"404","name":"Kenyan shilling","rate":3.2788136516103,"date":"Wed, 26 Oct 2022 11:55:01 GMT","inverseRate":0.30498836050316},"bhd":{"code":"BHD","alphaCode":"BHD","numericCode":"048","name":"Bahrain Dinar","rate":0.010176043244502,"date":"Wed, 26 Oct 2022 11:55:01 GMT","inverseRate":98.270022637754},"egp":{"code":"EGP","alphaCode":"EGP","numericCode":"818","name":"Egyptian Pound","rate":0.53281395857711,"date":"Wed, 26 Oct 2022 11:55:01 GMT","inverseRate":1.8768277067487},"hrk":{"code":"HRK","alphaCode":"HRK","numericCode":"191","name":"Croatian Kuna","rate":0.20501240440995,"date":"Wed, 26 Oct 2022 11:55:01 GMT","inverseRate":4.8777536309479},"mro":{"code":"MRO","alphaCode":"MRO","numericCode":"478","name":"Mauritanian Ouguiya","rate":1.025768277768,"date":"Wed, 26 Oct 2022 11:55:01 GMT","inverseRate":0.97487904595368},"cop":{"code":"COP","alphaCode":"COP","numericCode":"170","name":"Colombian Peso","rate":134.47173241568,"date":"Wed, 26 Oct 2022 11:55:01 GMT","inverseRate":0.0074365071531077},"bbd":{"code":"BBD","alphaCode":"BBD","numericCode":"052","name":"Barbadian Dollar","rate":0.054578231825387,"date":"Wed, 26 Oct 2022 11:55:01 GMT","inverseRate":18.322323141565},"djf":{"code":"DJF","alphaCode":"DJF","numericCode":"262","name":"Djiboutian franc","rate":4.8121336327799,"date":"Wed, 26 Oct 2022 11:55:01 GMT","inverseRate":0.20780802785444},"mzn":{"code":"MZN","alphaCode":"MZN","numericCode":"943","name":"Mozambican metical","rate":1.7328220826718,"date":"Wed, 26 Oct 2022 11:55:01 GMT","inverseRate":0.57709329191958},"ugx":{"code":"UGX","alphaCode":"UGX","numericCode":"800","name":"Ugandan shilling","rate":103.10777749338,"date":"Wed, 26 Oct 2022 11:55:01 GMT","inverseRate":0.0096985894208048},"hkd":{"code":"HKD","alphaCode":"HKD","numericCode":"344","name":"Hong Kong Dollar","rate":0.21231604036733,"date":"Wed, 26 Oct 2022 11:55:01 GMT","inverseRate":4.7099597292314},"mad":{"code":"MAD","alphaCode":"MAD","numericCode":"504","name":"Moroccan Dirham","rate":0.29512081786495,"date":"Wed, 26 Oct 2022 11:55:01 GMT","inverseRate":3.3884427646768},"myr":{"code":"MYR","alphaCode":"MYR","numericCode":"458","name":"Malaysian Ringgit","rate":0.12785525193431,"date":"Wed, 26 Oct 2022 11:55:01 GMT","inverseRate":7.8213447228104},"mdl":{"code":"MDL","alphaCode":"MDL","numericCode":"498","name":"Moldova Lei","rate":0.51671145370234,"date":"Wed, 26 Oct 2022 11:55:01 GMT","inverseRate":1.9353161088937},"pab":{"code":"PAB","alphaCode":"PAB","numericCode":"590","name":"Panamanian Balboa","rate":0.02704686746061,"date":"Wed, 26 Oct 2022 11:55:01 GMT","inverseRate":36.972858370988},"fjd":{"code":"FJD","alphaCode":"FJD","numericCode":"242","name":"Fiji Dollar","rate":0.061752748923802,"date":"Wed, 26 Oct 2022 11:55:01 GMT","inverseRate":16.193611093069},"cdf":{"code":"CDF","alphaCode":"CDF","numericCode":"976","name":"Congolese franc","rate":55.540128956479,"date":"Wed, 26 Oct 2022 11:55:01 GMT","inverseRate":0.018004999606385},"top":{"code":"TOP","alphaCode":"TOP","numericCode":"776","name":"Tongan pa\u02bbanga","rate":0.064390724426205,"date":"Wed, 26 Oct 2022 11:55:01 GMT","inverseRate":15.530187133491},"vuv":{"code":"VUV","alphaCode":"VUV","numericCode":"548","name":"Vanuatu vatu","rate":3.2829158313352,"date":"Wed, 26 Oct 2022 11:55:01 GMT","inverseRate":0.30460726115945},"kwd":{"code":"KWD","alphaCode":"KWD","numericCode":"414","name":"Kuwaiti Dinar","rate":0.0083825125949,"date":"Wed, 26 Oct 2022 11:55:01 GMT","inverseRate":119.29597345412},"thb":{"code":"THB","alphaCode":"THB","numericCode":"764","name":"Thai Baht","rate":1.0286042540537,"date":"Wed, 26 Oct 2022 11:55:01 GMT","inverseRate":0.97219119603969},"xof":{"code":"XOF","alphaCode":"XOF","numericCode":"952","name":"West African CFA Franc","rate":18.0334411271,"date":"Wed, 26 Oct 2022 11:55:01 GMT","inverseRate":0.055452533598661},"irr":{"code":"IRR","alphaCode":"IRR","numericCode":"364","name":"Iranian rial","rate":1136.9025305837,"date":"Wed, 26 Oct 2022 11:55:01 GMT","inverseRate":0.0008795828781264},"bob":{"code":"BOB","alphaCode":"BOB","numericCode":"068","name":"Bolivian Boliviano","rate":0.18636181561281,"date":"Wed, 26 Oct 2022 11:55:01 GMT","inverseRate":5.3659060828085},"lrd":{"code":"LRD","alphaCode":"LRD","numericCode":"430","name":"Liberian dollar","rate":4.1475935011046,"date":"Wed, 26 Oct 2022 11:55:01 GMT","inverseRate":0.24110366643541},"sdg":{"code":"SDG","alphaCode":"SDG","numericCode":"938","name":"Sudanese pound","rate":15.306595063601,"date":"Wed, 26 Oct 2022 11:55:01 GMT","inverseRate":0.065331316066367},"pgk":{"code":"PGK","alphaCode":"PGK","numericCode":"598","name":"Papua New Guinean kina","rate":0.095248091365469,"date":"Wed, 26 Oct 2022 11:55:01 GMT","inverseRate":10.498898042618},"bwp":{"code":"BWP","alphaCode":"BWP","numericCode":"072","name":"Botswana Pula","rate":0.35995352333216,"date":"Wed, 26 Oct 2022 11:55:01 GMT","inverseRate":2.778136440346},"omr":{"code":"OMR","alphaCode":"OMR","numericCode":"512","name":"Omani Rial","rate":0.010413321379919,"date":"Wed, 26 Oct 2022 11:55:01 GMT","inverseRate":96.030840066874},"ils":{"code":"ILS","alphaCode":"ILS","numericCode":"376","name":"Israeli New Sheqel","rate":0.095721761798454,"date":"Wed, 26 Oct 2022 11:55:01 GMT","inverseRate":10.446945200461},"ngn":{"code":"NGN","alphaCode":"NGN","numericCode":"566","name":"Nigerian Naira","rate":11.820970646737,"date":"Wed, 26 Oct 2022 11:55:01 GMT","inverseRate":0.084595421973748},"uzs":{"code":"UZS","alphaCode":"UZS","numericCode":"860","name":"Uzbekistan Sum","rate":299.50343461143,"date":"Wed, 26 Oct 2022 11:55:01 GMT","inverseRate":0.0033388598741693},"etb":{"code":"ETB","alphaCode":"ETB","numericCode":"230","name":"Ethiopian birr","rate":1.4317973110717,"date":"Wed, 26 Oct 2022 11:55:01 GMT","inverseRate":0.69842287890001},"ttd":{"code":"TTD","alphaCode":"TTD","numericCode":"780","name":"Trinidad Tobago Dollar","rate":0.18339095497681,"date":"Wed, 26 Oct 2022 11:55:01 GMT","inverseRate":5.4528316302537},"zmw":{"code":"ZMW","alphaCode":"ZMW","numericCode":"967","name":"Zambian kwacha","rate":0.43452314475919,"date":"Wed, 26 Oct 2022 11:55:01 GMT","inverseRate":2.3013733838141},"khr":{"code":"KHR","alphaCode":"KHR","numericCode":"116","name":"Cambodian riel","rate":111.90200046497,"date":"Wed, 26 Oct 2022 11:55:01 GMT","inverseRate":0.0089363907333639},"sek":{"code":"SEK","alphaCode":"SEK","numericCode":"752","name":"Swedish Krona","rate":0.29834963133661,"date":"Wed, 26 Oct 2022 11:55:01 GMT","inverseRate":3.3517721993487},"sgd":{"code":"SGD","alphaCode":"SGD","numericCode":"702","name":"Singapore Dollar","rate":0.03833300990901,"date":"Wed, 26 Oct 2022 11:55:01 GMT","inverseRate":26.087176623325},"huf":{"code":"HUF","alphaCode":"HUF","numericCode":"348","name":"Hungarian Forint","rate":11.212441998263,"date":"Wed, 26 Oct 2022 11:55:01 GMT","inverseRate":0.089186637500991},"byn":{"code":"BYN","alphaCode":"BYN","numericCode":"933","name":"Belarussian Ruble","rate":0.080755230128157,"date":"Wed, 26 Oct 2022 11:55:01 GMT","inverseRate":12.383098883045},"tjs":{"code":"TJS","alphaCode":"TJS","numericCode":"972","name":"Tajikistan Ruble","rate":0.27441382523985,"date":"Wed, 26 Oct 2022 11:55:01 GMT","inverseRate":3.6441312646182},"gmd":{"code":"GMD","alphaCode":"GMD","numericCode":"270","name":"Gambian dalasi","rate":1.6193375130258,"date":"Wed, 26 Oct 2022 11:55:01 GMT","inverseRate":0.61753648757972},"cve":{"code":"CVE","alphaCode":"CVE","numericCode":"132","name":"Cape Verde escudo","rate":2.9831879010266,"date":"Wed, 26 Oct 2022 11:55:01 GMT","inverseRate":0.33521187172148},"all":{"code":"ALL","alphaCode":"ALL","numericCode":"008","name":"Albanian lek","rate":3.1747011983765,"date":"Wed, 26 Oct 2022 11:55:01 GMT","inverseRate":0.31499027389141},"scr":{"code":"SCR","alphaCode":"SCR","numericCode":"690","name":"Seychelles rupee","rate":0.35187574858853,"date":"Wed, 26 Oct 2022 11:55:01 GMT","inverseRate":2.8419122488869},"dop":{"code":"DOP","alphaCode":"DOP","numericCode":"214","name":"Dominican Peso","rate":1.4529348867244,"date":"Wed, 26 Oct 2022 11:55:01 GMT","inverseRate":0.68826208878119},"cny":{"code":"CNY","alphaCode":"CNY","numericCode":"156","name":"Chinese Yuan","rate":0.19680144026531,"date":"Wed, 26 Oct 2022 11:55:01 GMT","inverseRate":5.0812636261801},"isk":{"code":"ISK","alphaCode":"ISK","numericCode":"352","name":"Icelandic Krona","rate":3.9141737523474,"date":"Wed, 26 Oct 2022 11:55:01 GMT","inverseRate":0.25548176020553},"lyd":{"code":"LYD","alphaCode":"LYD","numericCode":"434","name":"Libyan Dinar","rate":0.13533733577181,"date":"Wed, 26 Oct 2022 11:55:01 GMT","inverseRate":7.3889440360058},"clp":{"code":"CLP","alphaCode":"CLP","numericCode":"152","name":"Chilean Peso","rate":26.114823205016,"date":"Wed, 26 Oct 2022 11:55:01 GMT","inverseRate":0.0382924284859},"bsd":{"code":"BSD","alphaCode":"BSD","numericCode":"044","name":"Bahamian Dollar","rate":0.02704686746061,"date":"Wed, 26 Oct 2022 11:55:01 GMT","inverseRate":36.972858370988},"xpf":{"code":"XPF","alphaCode":"XPF","numericCode":"953","name":"CFP Franc","rate":3.2311871364658,"date":"Wed, 26 Oct 2022 11:55:01 GMT","inverseRate":0.30948377725153}}